id	romenagri	round_trip
1.1.1	w_ri_d_dhiraa_daich	same
1.1.2	_a_daee_ng gu_nna_hh	same
1.1.3	_ikoa gu_nnaw_ri_d_dhee	same
1.1.4	na _dhaa_tuloapa _aar_dha_dhaa_tukaee	same
1.1.5	k_ngi_ti cha	same
1.1.6	_dee_dheewaeeweetaam	same
1.1.7	_haloa_3nan_taraa_hh sa_myoaga_hh	differs
1.1.8	mukhanaasikaawachanoa_3nunaasika_hh	differs
1.1.9	_tulyaasyapraya_tna_m sawar_nnam	same
1.1.10	naajjhalou	same
1.1.11	_ee_doo_daee_d_dwiwachana_m prag_ri_hyam	same
1.1.12	_a_dasoa maa_t	same
1.1.13	shaee	same
1.1.14	nipaa_ta _aeekaajanaa_ng	same
1.1.15	_oa_t	same
1.1.16	sambu_d_dhou shaakalyasyaee_taawanaarxaee	same
1.1.17	_u_yna_hh	same
1.1.18	_oo_na	same
1.1.19	_ee_doo_tou cha sap_tamyar_thaee	same
1.1.20	_daa_dhaa ghwa_daap	same
1.1.21	_aa_dyan_tawa_daeekasmin	same
1.1.22	_tarap_tamapou gha_hh	same
1.1.23	ba_huga_nnawa_tuda_ti sa_mkhyaa	same
1.1.24	x_nnaan_taa xat	same
1.1.25	da_ti cha	same
1.1.26	k_tak_tawa_too nixthaa	same
1.1.27	sarwaa_deeni sarwanaamaani	same
1.1.28	wibhaaxaa _diksamaasaee ba_huwree_hou	same
1.1.29	na ba_huwree_hou	same
1.1.30	_t_ri_teeyaasamaasaee	same
1.1.31	_dwan_dwaee cha	same
1.1.32	wibhaaxaa jasi	same
1.1.33	pra_thamacharama_tayaalpaar_dhaka_tipayanaeemaashcha	same
1.1.34	poorwaparaawara_dakxi_nnoa_t_taraaparaa_dharaa_nni wyawas_thaayaamasa_mj_ynaayaam	same
1.1.35	swamaj_ynaa_ti_dhanaakhyaayaam	same
1.1.36	_an_tara_m ba_hiryoagoapasa_mwyaanayoa_hh	same
1.1.37	swaraa_dinipaa_tamawyayam	same
1.1.38	_ta_d_dhi_tashchaasarwawibhak_ti_hh	same
1.1.39	k_rinmaeejan_ta_hh	same
1.1.40	k_twaa_toasunkasuna_hh	same
1.1.41	_awyayeebhaawashcha	same
1.1.42	shi sarwanaamas_thaanam	same
1.1.43	sudanapu_msakasya	same
1.1.44	na waee_ti wibhaaxaa	same
1.1.45	_igya_nna_hh samprasaara_nnam	same
1.1.46	_aa_dyan_tou taki_tou	same
1.1.47	mi_dachoa_3n_tyaa_tpara_hh	differs
1.1.48	_aeecha _igghraswaa_daeeshaee	same
1.1.49	xaxthee s_thaanaeeyoagaa	same
1.1.50	s_thaanaee_3n_tara_tama_hh	differs
1.1.51	_ura_nn rapara_hh	same
1.1.52	_aloa_3n_tyasya	differs
1.1.53	_ngichcha	same
1.1.54	_aa_daee_hh parasya	same
1.1.55	_anaeekaalshi_tsarwasya	same
1.1.56	s_thaaniwa_daa_daeeshoa_3nalwi_dhou	differs
1.1.57	_acha_hh parasmin poorwawi_dhou	same
1.1.58	na pa_daan_ta_dwirwachanawaraeeyaloapaswarasawar_nnaanuswaara_deerghajashcharwi_dhixu	same
1.1.59	_dwirwachanaee_3chi	differs
1.1.60	_a_darshana_m loapa_hh	same
1.1.61	pra_tyayasya lukshlulupa_hh	same
1.1.62	pra_tyayaloapaee pra_tyayalakxa_nnam	same
1.1.63	na luma_taa_nggasya	same
1.1.64	_achoa_3n_tyaa_di ti	differs
1.1.65	_aloa_3n_tyaa_t poorwa _upa_dhaa	differs
1.1.66	_tasminni_ti nir_dixtaee poorwasya	same
1.1.67	_tasmaa_di_tyu_t_tarasya	same
1.1.68	swa_m roopa_m shab_dasyaashab_dasa_mj_ynaa	same
1.1.69	_a_nnu_di_t sawar_nnasya chaapra_tyaya_hh	same
1.1.70	_taparas_ta_tkaalasya	same
1.1.71	_aa_diran_tyaeena sa_haee_taa	same
1.1.72	yaeena wi_dhis_ta_dan_tasya	same
1.1.73	w_ri_d_dhiryasyaachaamaa_dis_ta_d w_ri_d_dham	same
1.1.74	_tya_daa_deeni cha	same
1.1.75	_aee_ng praachaa_m _daeeshaee	same
1.2.1	gaa_ngkutaa_dibhyoa_3_yn_nnin_ngi_t	differs
1.2.2	wija _it	same
1.2.3	wibhaaxoar_nnoa_hh	same
1.2.4	saarwa_dhaa_tukamapi_t	same
1.2.5	_asa_myoagaallit ki_t	same
1.2.6	_in_dhibhawa_tibhyaa_m cha	same
1.2.7	m_ridam_ri_dagu_dhakuxaklishawa_dawasa_hh k_twaa	same
1.2.8	ru_dawi_damuxagra_hiswapiprachchha_hh sa_nashcha	same
1.2.9	_ikoa jhal	same
1.2.10	_halan_taachcha	same
1.2.11	li_ngsichaawaa_tmanaeepa_daeexu	same
1.2.12	_ushcha	same
1.2.13	waa gama_hh	same
1.2.14	_hana_hh sich	same
1.2.15	yamoa gan_dhanaee	same
1.2.16	wibhaaxoapayamanaee	same
1.2.17	s_thaa ghwoarichcha	same
1.2.18	na k_twaa saeet	same
1.2.19	nixthaa shee_ngswi_dimi_dikxwi_di_dh_rixa_hh	same
1.2.20	m_rixas_ti_tikxaayaam	same
1.2.21	_u_dupa_dhaa_dbhaawaa_dikarma_nnoaranya_tarasyaam	same
1.2.22	poo_nga_hh k_twaa cha	same
1.2.23	noapa_dhaa_t_thaphaan_taa_dwaa	same
1.2.24	wa_ynchilu_ynchy_ri_tashcha	same
1.2.25	_t_rixim_rixik_rishaee_hh kaashyapasya	same
1.2.26	raloa wyupa_dhaa_d_dhalaa_daee_hh sa_mshcha	same
1.2.27	_ookaaloa_3jjhraswa_deerghaplu_ta_hh	differs
1.2.28	_achashcha	same
1.2.29	_uchchairu_daa_t_ta_hh	same
1.2.30	neechairanu_daa_t_ta_hh	same
1.2.31	samaa_haara_hh swari_ta_hh	same
1.2.32	_tasyaa_di_ta _u_daa_t_tamar_dha_hraswam	same
1.2.33	_aeekashru_ti _dooraa_t sambu_d_dhou	same
1.2.34	yaj_ynakarma_nnyajapanyoo_ngkhasaamasu	same
1.2.35	_uchchais_taraa_m waa waxatkaara_hh	same
1.2.36	wibhaaxaa chhan_dasi	same
1.2.37	na subra_hma_nnyaayaa_m swari_tasya _too_daa_t_ta_hh	same
1.2.38	_daeewabra_hma_nnoaranu_daa_t_ta_hh	same
1.2.39	swari_taa_t sa_m_hi_taayaamanu_daa_t_taanaam	same
1.2.40	_u_daa_t_taswari_taparasya sanna_tara_hh	same
1.2.41	_ap_rik_ta _aeekaal pra_tyaya_hh	same
1.2.42	_ta_tpuruxa_hh samaanaa_dhikara_nna_hh karma_dhaaraya_hh	same
1.2.43	pra_thamaanir_dixta_m samaasa _upasarjanam	same
1.2.44	_aeekawibhak_ti chaapoorwanipaa_taee	same
1.2.45	_ar_thawa_da_dhaa_turapra_tyaya_hh praa_tipa_dikam	same
1.2.46	k_ri_t_ta_d_dhi_tasamaasaashcha	same
1.2.47	_hraswoa napu_msakaee praa_tipa_dikasya	same
1.2.48	goas_triyoarupasarjanasya	same
1.2.49	luk _ta_d_dhi_taluki	same
1.2.50	_i_dgoa_nnyaa_hh	same
1.2.51	lupi yuk_tawa_dwyak_tiwachanaee	same
1.2.52	wishaeexa_nnaanaa_m chaajaa_taee_hh	same
1.2.53	_ta_dashixya_m sa_mj_ynaapramaa_nna_twaa_t	same
1.2.54	lubyoagaaprakhyaanaa_t	same
1.2.55	yoagapramaa_nnaee cha _ta_dabhaawaee_3_darshana_m syaa_t	differs
1.2.56	pra_dhaanapra_tyayaar_thawachanamar_thasyaanyapramaa_nna_twaa_t	same
1.2.57	kaaloapasarjanaee cha _tulyam	same
1.2.58	jaa_tyaakhyaayaamaeekasmin ba_huwachanamanya_tarasyaam	same
1.2.59	_asma_doa _dwayoashcha	same
1.2.60	phalguneeproaxthapa_daanaa_m cha nakxa_traee	same
1.2.61	chhan_dasi punarwaswoaraeekawachanam	same
1.2.62	wishaakhayoashcha	same
1.2.63	_tixyapunarwaswoarnakxa_tra_dwan_dwaee ba_huwachanasya _dwiwachana_m ni_tyam	same
1.2.64	saroopaa_nnaamaeekashaeexa _aeekawibhak_tou	same
1.2.65	w_ri_d_dhoa yoonaa _tallakxa_nnashchaee_daeewa wishaeexa_hh	same
1.2.66	s_tree pu_mwachcha	same
1.2.67	pumaan s_triyaa	same
1.2.68	bhraa_t_ripu_trou swas_ri_du_hi_t_ribhyaam	same
1.2.69	napu_msakamanapu_msakaeenaikawachchaasyaanya_tarasyaam	same
1.2.70	pi_taa maa_traa	same
1.2.71	shwashura_hh shwashrwaa	same
1.2.72	_tya_daa_deeni sarwairni_tyam	same
1.2.73	graamyapashusa_mghaeexwa_taru_nnaeexu s_tree	same
1.3.1	bhoowaa_dayoa _dhaa_tawa_hh	same
1.3.2	_upa_daeeshaee_3janunaasika _i_t	differs
1.3.3	_halan_tyam	same
1.3.4	na wibhak_tou _tusmaa_hh	same
1.3.5	_aa_dir_ynitudawa_hh	same
1.3.6	xa_hh pra_tyayasya	same
1.3.7	chutoo	same
1.3.8	lashakwa_ta_d_dhi_taee	same
1.3.9	_tasya loapa_hh	same
1.3.10	ya_thaasa_mkhyamanu_daeesha_hh samaanaam	same
1.3.11	swari_taeenaa_dhikaara_hh	same
1.3.12	_anu_daa_t_ta_ngi_ta _aa_tmanaeepa_dam	same
1.3.13	bhaawakarma_nnoa_hh	same
1.3.14	kar_tari karmawya_ti_haaraee	same
1.3.15	na ga_ti_hi_msaar_thaeebhya_hh	same
1.3.16	_i_taraee_taraanyoanyoapapa_daachcha	same
1.3.17	naeerwisha_hh	same
1.3.18	pariwyawaeebhya_hh kriya_hh	same
1.3.19	wiparaabhyaa_m jaee_hh	same
1.3.20	_aa_ngoa _doa_3naasyawi_hara_nnaee	differs
1.3.21	kreedoa_3nusamparibhyashcha	differs
1.3.22	samawaprawibhya_hh s_tha_hh	same
1.3.23	prakaashanas_thaeeyaakhyayoashcha	same
1.3.24	_u_doa_3noor_dhwakarma_nni	differs
1.3.25	_upaanman_trakara_nnaee	same
1.3.26	_akarmakaachcha	same
1.3.27	_u_dwibhyaa_m _tapa_hh	same
1.3.28	_aa_ngoa yama_hana_hh	same
1.3.29	samoa gamy_richchhiprachchhiswara_tyar_tishruwi_dibhya_hh	same
1.3.30	nisamupawibhyoa _hwa_hh	same
1.3.31	spar_d_dhaayaamaa_nga_hh	same
1.3.32	gan_dhanaawakxaeepa_nnasaeewanasaa_hasikyapra_tiya_tnapraka_thanoapayoagaeexu k_ri_yna_hh	same
1.3.33	_a_dhaee_hh prasa_hanaee	same
1.3.34	waee_hh shab_dakarma_nna_hh	same
1.3.35	_akarmakaachcha	same
1.3.36	sammaananoa_tsa_ynjanaachaaryakara_nnaj_ynaanabh_ri_tiwiga_nnanawyayaeexu niya_hh	same
1.3.37	kar_t_ris_thaee chaashareeraee karma_nni	same
1.3.38	w_ri_t_tisarga_taayanaeexu krama_hh	same
1.3.39	_upaparaabhyaam	same
1.3.40	_aa_nga _u_dgamanaee	same
1.3.41	waee_hh paa_dawi_hara_nnaee	same
1.3.42	proapaabhyaa_m samar_thaabhyaam	same
1.3.43	_anupasargaa_dwaa	same
1.3.44	_apa_hnawaee j_yna_hh	same
1.3.45	_akarmakaachcha	same
1.3.46	sampra_tibhyaamanaa_dhyaanaee	same
1.3.47	bhaasanoapasambhaaxaaj_ynaanaya_tnawima_tyupaman_tra_nnaeexu wa_da_hh	same
1.3.48	wyak_tawaachaa_m samuchchaara_nnaee	same
1.3.49	_anoarakarmakaa_t	same
1.3.50	wibhaaxaa wipralaapaee	same
1.3.51	_awaa_dgra_hh	same
1.3.52	sama_hh pra_tij_ynaanaee	same
1.3.53	_u_dashchara_hh sakarmakaa_t	same
1.3.54	samas_t_ri_teeyaayuk_taa_t	same
1.3.55	_daa_nnashcha saa chaeechcha_tur_thyar_thaee	same
1.3.56	_upaa_dyama_hh swakara_nnaee	same
1.3.57	j_ynaashrusm_ri_d_rishaa_m sana_hh	same
1.3.58	naanoarj_yna_hh	same
1.3.59	pra_tyaa_ngbhyaa_m shruwa_hh	same
1.3.60	sha_daee_hh shi_ta_hh	same
1.3.61	mriya_taeerlu_ngli_ngoashcha	same
1.3.62	poorwawa_t sana_hh	same
1.3.63	_aampra_tyayawa_t k_ri_ynoa_3nuprayoagasya	differs
1.3.64	proapaabhyaa_m yujaeerayaj_ynapaa_traeexu	same
1.3.65	sama_hh kx_nnuwa_hh	same
1.3.66	bhujoa_3nawanaee	differs
1.3.67	_nnaeera_nnou ya_tkarma _nnou chaee_t sa kar_taa_3naa_dhyaanaee	differs
1.3.68	bheesmyoar_haee_tubhayaee	same
1.3.69	g_ri_dhiwa_ynchyoa_hh pralambhanaee	same
1.3.70	liya_hh sammaananashaaleeneekara_nnayoashcha	same
1.3.71	mi_thyoapapa_daa_t k_ri_ynoa_3bhyaasaee	differs
1.3.72	swari_ta_yni_ta_hh kar_trabhipraayaee kriyaaphalaee	same
1.3.73	_apaa_dwa_da_hh	same
1.3.74	_nnichashcha	same
1.3.75	samu_daa_ngbhyoa yamoa_3gran_thaee	differs
1.3.76	_anupasargaajj_yna_hh	same
1.3.77	wibhaaxoapapa_daeena pra_teeyamaanaee	same
1.3.78	shaeexaa_t kar_tari parasmaipa_dam	same
1.3.79	_anuparaabhyaa_m k_ri_yna_hh	same
1.3.80	_abhipra_tya_tibhya_hh kxipa_hh	same
1.3.81	praa_dwa_ha_hh	same
1.3.82	paraeerm_rixa_hh	same
1.3.83	wyaa_ngparibhyoa rama_hh	same
1.3.84	_upaachcha	same
1.3.85	wibhaaxaa_3karmakaa_t	differs
1.3.86	bu_dhayu_dhanashajanaee_ngpru_drusrubhyoa _nnaee_hh	same
1.3.87	nigara_nnachalanaar_thaeebhyashcha	same
1.3.88	_a_nnaawakarmakaachchi_t_tawa_tkar_t_rikaa_t	same
1.3.89	na paa_damyaa_ngyamaa_ngyasaparimu_haruchin_ri_tiwa_dawasa_hh	same
1.3.90	waa kyaxa_hh	same
1.3.91	_dyu_dbhyoa lu_ngi	same
1.3.92	w_ri_dbhya_hh syasanoa_hh	same
1.3.93	luti cha ka"e_b"pa_hh	differs
1.4.1	_aa kadaaraa_daeekaa sa_mj_ynaa	same
1.4.2	wipra_tixaee_dhaee para_m kaaryam	same
1.4.3	yoo s_tryaakhyou na_dee	same
1.4.4	naeeya_nguwa_ngs_thaanaawas_tree	same
1.4.5	waa_3_3mi	differs
1.4.6	_ngi_ti _hraswashcha	same
1.4.7	shaeexoa ghyasakhi	same
1.4.8	pa_ti_hh samaasa _aeewa	same
1.4.9	xaxtheeyuk_tashchhan_dasi waa	same
1.4.10	_hraswa_m laghu	same
1.4.11	sa_myoagaee guru	same
1.4.12	_deergha_m cha	same
1.4.13	yasmaa_t pra_tyayawi_dhis_ta_daa_di pra_tyayaee_3_nggam	differs
1.4.14	sup_ti_ngan_ta_m pa_dam	same
1.4.15	na_hh kyaee	same
1.4.16	si_ti cha	same
1.4.17	swaa_dixwasarwanaamas_thaanaee	same
1.4.18	yachi bham	same
1.4.19	_tasou ma_twar_thaee	same
1.4.20	_ayasmayaa_deeni chchhan_dasi	same
1.4.21	ba_huxu ba_huwachanam	same
1.4.22	_dwyaeekayoar_dwiwachanaikawachanaee	same
1.4.23	kaarakaee	same
1.4.24	_dhruwamapaayaee_3paa_daanam	differs
1.4.25	bhee_traar_thaanaa_m bhaya_haee_tu_hh	same
1.4.26	paraajaeerasoadha_hh	same
1.4.27	waara_nnaar_thaanaameepsi_ta_hh	same
1.4.28	_an_tar_d_dhou yaeenaa_darshanamichchha_ti	same
1.4.29	_aakhyaa_toapayoagaee	same
1.4.30	janikar_tu_hh prak_ri_ti_hh	same
1.4.31	bhuwa_hh prabhawa_hh	same
1.4.32	karma_nnaa yamabhiprai_ti sa sampra_daanam	same
1.4.33	ruchyar_thaanaa_m preeyamaa_nna_hh	same
1.4.34	shlaagha_hnu_ngs_thaashapaa_m j_yneepsyamaana_hh	same
1.4.35	_dhaaraeeru_t_tamar_nna_hh	same
1.4.36	sp_ri_haeereepsi_ta_hh	same
1.4.37	kru_dha_dru_haeerxyaa_3sooyaar_thaanaa_m ya_m pra_ti koapa_hh	differs
1.4.38	kru_dha_dru_hoarupas_rixtayoa_hh karma	same
1.4.39	raa_dheekxyoaryasya wiprashna_hh	same
1.4.40	pra_tyaa_ngbhyaa_m shruwa_hh poorwasya kar_taa	same
1.4.41	_anupra_tig_ri_nnashcha	same
1.4.42	saa_dhaka_tama_m kara_nnam	same
1.4.43	_diwa_hh karma cha	same
1.4.44	parikraya_nnaee sampra_daanamanya_tarasyaam	same
1.4.45	_aa_dhaaroa_3_dhikara_nnam	differs
1.4.46	_a_dhishee_ngs_thaa_3_3saa_m karma	differs
1.4.47	_abhiniwishashcha	same
1.4.48	_upaanwa_dhyaa_ngwasa_hh	same
1.4.49	kar_tureepsi_ta_tama_m karma	same
1.4.50	_ta_thaayuk_ta_m chaaneepsi_tam	same
1.4.51	_aka_thi_ta_m cha	same
1.4.52	ga_tibu_d_dhipra_tyawasaanaar_thashab_dakarmaakarmakaa_nnaama_nni kar_taa sa _nnou	same
1.4.53	_h_rikroaranya_tarasyaam	same
1.4.54	swa_tan_tra_hh kar_taa	same
1.4.55	_ta_tprayoajakoa _haee_tushcha	same
1.4.56	praagreeshwaraannipaa_taa_hh	same
1.4.57	chaa_dayoa_3sa_t_twaee	differs
1.4.58	praa_daya_hh	same
1.4.59	_upasargaa_hh kriyaayoagaee	same
1.4.60	ga_tishcha	same
1.4.61	_ooryaa_dichwidaachashcha	same
1.4.62	_anukara_nna_m chaani_tiparam	same
1.4.63	_aa_daraanaa_darayoa_hh sa_dasa_tee	same
1.4.64	bhooxa_nnaee_3lam	differs
1.4.65	_an_taraparigra_haee	same
1.4.66	ka_nnaeemanasee shra_d_dhaapra_teeghaa_taee	same
1.4.67	puroa_3wyayam	differs
1.4.68	_as_ta_m cha	same
1.4.69	_achchha ga_tyar_thawa_daeexu	same
1.4.70	_a_doa_3nupa_daeeshaee	differs
1.4.71	_tiroa_3n_tar_d_dhou	differs
1.4.72	wibhaaxaa k_ri_yni	same
1.4.73	_upaajaee_3nwaajaee	differs
1.4.74	saakxaa_tprabh_ri_teeni cha	same
1.4.75	_ana_tyaa_dhaana _urasimanasee	same
1.4.76	ma_dhyaee pa_daee niwachanaee cha	same
1.4.77	ni_tya_m _has_taee paa_nnaawupayamanaee	same
1.4.78	praa_dhwa_m ban_dhanaee	same
1.4.79	jeewikoapanixa_daawoupamyaee	same
1.4.80	_taee praag_dhaa_toa_hh	same
1.4.81	chhan_dasi paraee_3pi	differs
1.4.82	wyawa_hi_taashcha	same
1.4.83	karmaprawachaneeyaa_hh	same
1.4.84	_anurlakxa_nnaee	same
1.4.85	_t_ri_teeyaar_thaee	same
1.4.86	_heenaee	same
1.4.87	_upoa_3_dhikaee cha	differs
1.4.88	_apaparee warjanaee	same
1.4.89	_aa_ng maryaa_daawachanaee	same
1.4.90	lakxa_nnaee_t_thambhoo_taakhyaanabhaagaweepsaasu pra_tiparyanawa_hh	same
1.4.91	_abhirabhaagaee	same
1.4.92	pra_ti_hh pra_tini_dhipra_ti_daanayoa_hh	same
1.4.93	_a_dhiparee _anar_thakou	same
1.4.94	su_hh poojaayaam	same
1.4.95	_a_tira_tikrama_nnaee cha	same
1.4.96	_api_hh pa_daar_thasambhaawanaanwawasargagar_haasamuchchayaeexu	same
1.4.97	_a_dhireeshwaraee	same
1.4.98	wibhaaxaa k_ri_yni	same
1.4.99	la_hh parasmaipa_dam	same
1.4.100	_ta_ngaanaawaa_tmanaeepa_dam	same
1.4.101	_ti_ngas_tree_nni _tree_nni pra_thamama_dhyamoa_t_tamaa_hh	same
1.4.102	_taanyaeekawachana_dwiwachanaba_huwachanaanyaeekasha_hh	same
1.4.103	supa_hh	same
1.4.104	wibhak_tishcha	same
1.4.105	yuxma_dyupapa_daee samaanaa_dhikara_nnaee s_thaaninyapi ma_dhyama_hh	same
1.4.106	pra_haasaee cha manyoapapa_daee manya_taeeru_t_tama _aeekawachcha	same
1.4.107	_asma_dyu_t_tama_hh	same
1.4.108	shaeexaee pra_thama_hh	same
1.4.109	para_hh sannikarxa_hh sa_m_hi_taa	same
1.4.110	wiraamoa_3wasaanam	differs
2.1.1	samar_tha_hh pa_dawi_dhi_hh	same
2.1.2	subaaman_tri_taee paraa_nggawa_t swaraee	same
2.1.3	praak kadaaraa_t samaasa_hh	same
2.1.4	sa_ha supaa	same
2.1.5	_awyayeebhaawa_hh	same
2.1.6	_awyaya_m wibhak_tisameepasam_ri_d_dhiwy_ri_d_dhyar_thaabhaawaa_tyayaasampra_tishab_dapraa_durbhaawapashchaa_dya_thaanupoorwyayougapa_dyasaa_d_rishyasampa_t_tisaakalyaan_tawachanaeexu	same
2.1.7	ya_thaasaa_d_rishyaee	same
2.1.8	yaawa_dawa_dhaara_nnaee	same
2.1.9	suppra_tinaa maa_traar_thaee	same
2.1.10	_akxashalaakaasa_mkhyaa_hh pari_nnaa	same
2.1.11	wibhaaxaa	same
2.1.12	_apapariba_hira_ynchawa_hh pa_ynchamyaa	same
2.1.13	_aa_ng maryaa_daabhiwi_dhyoa_hh	same
2.1.14	lakxa_nnaeenaabhipra_tee _aabhimukhyaee	same
2.1.15	_anurya_tsamayaa	same
2.1.16	yasya chaayaama_hh	same
2.1.17	_tixtha_dguprabh_ri_teeni cha	same
2.1.18	paaraee ma_dhyaee xaxthyaa waa	same
2.1.19	sa_mkhyaa wa_mshyaeena	same
2.1.20	na_deebhishcha	same
2.1.21	_anyapa_daar_thaee cha sa_mj_ynaayaam	same
2.1.22	_ta_tpuruxa_hh	same
2.1.23	_dwigushcha	same
2.1.24	_dwi_teeyaa shri_taa_tee_tapa_ti_taga_taa_tyas_tapraap_taapannai_hh	same
2.1.25	swaya_m k_taeena	same
2.1.26	khatwaa kxaeepaee	same
2.1.27	saami	same
2.1.28	kaalaa_hh	same
2.1.29	_a_tyan_tasa_myoagaee cha	same
2.1.30	_t_ri_teeyaa _ta_tk_ri_taar_thaeena gu_nnawachanaeena	same
2.1.31	poorwasa_d_rishasamoanaar_thakala_hanipu_nnamishrashlakx_nnai_hh	same
2.1.32	kar_t_rikara_nnaee k_ri_taa ba_hulam	same
2.1.33	k_ri_tyaira_dhikaar_thawachanaee	same
2.1.34	_annaeena wya_ynjanam	same
2.1.35	bhakxyaee_nna mishreekara_nnam	same
2.1.36	cha_tur_thee _ta_dar_thaar_thabali_hi_tasukharakxi_tai_hh	same
2.1.37	pa_ynchamee bhayaeena	same
2.1.38	_apaee_taapoadhamuk_tapa_ti_taapa_tras_tairalpasha_hh	same
2.1.39	s_toakaan_tika_dooraar_thak_richchhraa_nni k_taeena	same
2.1.40	sap_tamee shou_nndai_hh	same
2.1.41	si_d_dhashuxkapakwaban_dhaishcha	same
2.1.42	_dhwaa_ngkxaee_nna kxaeepaee	same
2.1.43	k_ri_tyair_ri_nnaee	differs
2.1.44	sa_mj_ynaayaam	same
2.1.45	k_taeenaa_hoaraa_traawayawaa_hh	same
2.1.46	_ta_tra	same
2.1.47	kxaeepaee	same
2.1.48	paa_traeesami_taa_dayashcha	same
2.1.49	poorwakaalaikasarwajara_tpuraa_nnanawakaeewalaa_hh samaanaa_dhikara_nnaeena	same
2.1.50	_diksa_mkhyaee sa_mj_ynaayaam	same
2.1.51	_ta_d_dhi_taar_thoa_t_tarapa_dasamaa_haaraee cha	same
2.1.52	sa_mkhyaapoorwoa _dwigu_hh	same
2.1.53	ku_tsi_taani ku_tsanai_hh	same
2.1.54	paapaa_nnakaee ku_tsi_tai_hh	same
2.1.55	_upamaanaani saamaanyawachanai_hh	same
2.1.56	_upami_ta_m wyaaghraa_dibhi_hh saamaanyaaprayoagaee	same
2.1.57	wishaeexa_nna_m wishaeexyaee_nna ba_hulam	same
2.1.58	poorwaaparapra_thamacharamajaghanyasamaanama_dhyama_dhyamaweeraashcha	same
2.1.59	shraee_nnyaa_daya_hh k_ri_taa_dibhi_hh	same
2.1.60	k_taeena na_ynwishixtaeenaana_yn	same
2.1.61	sanma_ha_tparamoa_t_tamoa_tk_rixtaa_hh poojyamaanai_hh	same
2.1.62	w_rin_daarakanaagaku_ynjarai_hh poojyamaanam	same
2.1.63	ka_taraka_tamou jaa_tipariprashnaee	same
2.1.64	ki_m kxaeepaee	same
2.1.65	poataayuwa_tis_toakaka_tipayag_rixti_dhaeenuwashaawaee_ha_tbaxkaya_nneeprawak_t_rishroa_triyaa_dhyaapaka_dhoor_tairjaa_ti_hh	same
2.1.66	prasha_msaawachanaishcha	same
2.1.67	yuwaa khala_tipali_tawalinajara_teebhi_hh	same
2.1.68	k_ri_tya_tulyaakhyaa _ajaa_tyaa	same
2.1.69	war_nnoa war_nnaeena	same
2.1.70	kumaara_hh shrama_nnaa_dibhi_hh	same
2.1.71	cha_tuxpaa_doa garbhi_nnyaa	same
2.1.72	mayoorawya_msakaa_dayashcha	same
2.2.1	poorwaaparaa_dharoa_t_taramaeeka_daeeshinaikaa_dhikara_nnaee	same
2.2.2	_ar_dha_m napu_msakam	same
2.2.3	_dwi_teeya_t_ri_teeyacha_tur_tha_turyaa_nnyanya_tarasyaam	same
2.2.4	praap_taapannaee cha _dwi_teeyayaa	same
2.2.5	kaalaa_hh parimaa_nninaa	same
2.2.6	na_yn	same
2.2.7	_eexa_dak_ri_taa	same
2.2.8	xaxthee	same
2.2.9	yaajakaa_dibhishcha	same
2.2.10	na nir_dhaara_nnaee	same
2.2.11	poora_nnagu_nnasu_hi_taar_thasa_dawyaya_tawyasamaanaa_dhikara_nnaeena	same
2.2.12	k_taeena cha poojaayaam	same
2.2.13	_a_dhikara_nnawaachinaa cha	same
2.2.14	karma_nni cha	same
2.2.15	_t_rijakaabhyaa_m kar_tari	same
2.2.16	kar_tari  cha	same
2.2.17	ni_tya_m kreedaajeewikayoa_hh	same
2.2.18	kuga_tipraa_daya_hh	same
2.2.19	_upapa_dama_ti_ng	same
2.2.20	_amaiwaawyayaeena	same
2.2.21	_t_ri_teeyaaprabh_ri_teenyanya_tarasyaam	same
2.2.22	k_twaa cha	same
2.2.23	shaeexoa ba_huwree_hi_hh	same
2.2.24	_anaeekamanyapa_daar_thaee	same
2.2.25	sa_mkhyayaa_3wyayaasannaa_dooraa_dhikasa_mkhyaa_hh sa_mkhyaeeyaee	differs
2.2.26	_di_ngnaamaanyan_taraalaee	same
2.2.27	_ta_tra _taeenaee_dami_ti saroopaee	same
2.2.28	_taeena sa_haee_ti _tulyayoagaee	same
2.2.29	chaar_thaee _dwan_dwa_hh	same
2.2.30	_upasarjana_m poorwam	same
2.2.31	raaja_dan_taa_dixu param	same
2.2.32	_dwan_dwaee ghi	same
2.2.33	_ajaa_dya_dan_tam	same
2.2.34	_alpaach_taram	same
2.2.35	sap_tameewishaeexa_nnaee ba_huwree_hou	same
2.2.36	nixthaa	same
2.2.37	waa_hi_taagnyaa_dixu	same
2.2.38	kadaaraa_hh karma_dhaarayaee	same
2.3.1	_anabhi_hi_taee	same
2.3.2	karma_nni _dwi_teeyaa	same
2.3.3	_t_ri_teeyaa cha _hoashchhan_dasi	same
2.3.4	_an_taraa_3n_taraee_nna yuk_taee	differs
2.3.5	kaalaa_dhwanoara_tyan_tasa_myoagaee	same
2.3.6	_apawargaee _t_ri_teeyaa	same
2.3.7	sap_tameepa_ynchamyou kaarakama_dhyaee	same
2.3.8	karmaprawachaneeyayuk_taee _dwi_teeyaa	same
2.3.9	yasmaa_da_dhika_m yasya chaeeshwarawachana_m _ta_tra sap_tamee	same
2.3.10	pa_ynchamyapaa_ngparibhi_hh	same
2.3.11	pra_tini_dhipra_ti_daanaee cha yasmaa_t	same
2.3.12	ga_tyar_thakarma_nni _dwi_teeyaacha_tur_thyou chaeextaayaamana_dhwani	same
2.3.13	cha_tur_thee sampra_daanaee	same
2.3.14	kriyaar_thoapapa_dasya cha karma_nni s_thaanina_hh	same
2.3.15	_tumar_thaachcha bhaawawachanaa_t	same
2.3.16	nama_hhswas_tiswaa_haaswa_dhaalamwaxadyoagaachcha	same
2.3.17	manyakarma_nnyanaa_daraee wibhaaxaa_3praa_nnixu	differs
2.3.18	kar_t_rikara_nnayoas_t_ri_teeyaa	same
2.3.19	sa_hayuk_taee_3pra_dhaanaee	differs
2.3.20	yaeenaa_nggawikaara_hh	same
2.3.21	_i_t_tha_mbhoo_talakxa_nnaee	same
2.3.22	sa_mj_ynoa_3nya_tarasyaa_m karma_nni	differs
2.3.23	_haee_tou	same
2.3.24	_akar_tary_ri_nnaee pa_ynchamee	same
2.3.25	wibhaaxaa gu_nnaee_3s_triyaam	differs
2.3.26	xaxthee _haee_tuprayoagaee	same
2.3.27	sarwanaamnas_t_ri_teeyaa cha	same
2.3.28	_apaa_daanaee pa_ynchamee	same
2.3.29	_anyaaraa_di_tarar_taee_dikchhab_daa_ynchoo_t_tarapa_daajaa_hiyuk_taee	same
2.3.30	xaxthya_tasar_thapra_tyayaeena	same
2.3.31	_aeenapaa _dwi_teeyaa	same
2.3.32	p_ri_thagwinaanaanaabhis_t_ri_teeyaa_3nya_tarasyaam	differs
2.3.33	kara_nnaee cha s_toakaalpak_richchhraka_tipayasyaasa_t_twawachanasya	same
2.3.34	_dooraan_tikaar_thai_hh xaxthyanya_tarasyaam	same
2.3.35	_dooraan_tikaar_thaeebhyoa _dwi_teeyaa cha	same
2.3.36	sap_tamya_dhikara_nnaee cha	same
2.3.37	yasya cha bhaawaeena bhaawalakxa_nnam	same
2.3.38	xaxthee chaanaa_daraee	same
2.3.39	swaameeshwaraa_dhipa_ti_daayaa_dasaakxipra_tibhooprasoo_taishcha	same
2.3.40	_aayuk_takushalaabhyaa_m chaasaeewaayaam	same
2.3.41	ya_tashcha nir_dhaara_nnam	same
2.3.42	pa_ynchamee wibhak_taee	same
2.3.43	saa_dhunipu_nnaabhyaamarchaayaa_m sap_tamyapra_taee_hh	same
2.3.44	prasi_toa_tsukaabhyaa_m _t_ri_teeyaa cha	same
2.3.45	nakxa_traee cha lupi	same
2.3.46	praa_tipa_dikaar_thali_nggaparimaa_nnawachanamaa_traee pra_thamaa	same
2.3.47	samboa_dhanaee cha	same
2.3.48	saaman_tri_tam	same
2.3.49	_aeekawachana_m sa_mbu_d_dhi_hh	same
2.3.50	xaxthee shaeexaee	same
2.3.51	j_ynoa_3wi_dar_thasya kara_nnaee	differs
2.3.52	_a_dheegar_tha_dayaeeshaa_m karma_nni	same
2.3.53	k_ri_yna_hh pra_tiya_tnaee	same
2.3.54	rujaar_thaanaa_m bhaawawachanaanaamajwaraee_hh	same
2.3.55	_aashixi naa_tha_hh	same
2.3.56	jaasinipra_ha_nnanaatakraa_thapixaa_m _hi_msaayaam	same
2.3.57	wyawa_h_ripa_nnoa_hh samar_thayoa_hh	same
2.3.58	_diwas_ta_dar_thasya	same
2.3.59	wibhaaxoapasargaee	same
2.3.60	_dwi_teeyaa braa_hma_nnaee	same
2.3.61	praeexyabruwoar_hawixoa _daeewa_taasampra_daanaee	same
2.3.62	cha_tur_thyar_thaee ba_hula_m chhan_dasi	same
2.3.63	yajaeeshcha kara_nnaee	same
2.3.64	k_ri_twoa_3r_thaprayoagaee kaalaee_3_dhikara_nnaee	differs
2.3.65	kar_t_rikarma_nnoa_hh k_ri_ti	same
2.3.66	_ubhayapraap_tou karma_nni	same
2.3.67	k_tasya cha war_tamaanaee	same
2.3.68	_a_dhikara_nnawaachinashcha	same
2.3.69	na loakaawyayanixthaakhalar_tha_t_rinaam	same
2.3.70	_akaeenoarbhawixya_daa_dhamar_nnyayoa_hh	same
2.3.71	k_ri_tyaanaa_m kar_tari waa	same
2.3.72	_tulyaar_thaira_tuloapamaabhyaa_m _t_ri_teeyaa_3nya_tarasyaam	differs
2.3.73	cha_tur_thee chaashixyaayuxyama_drabha_drakushalasukhaar_tha_hi_tai_hh	same
2.4.1	_dwiguraeekawachanam	same
2.4.2	_dwan_dwashcha praa_nni_tooryasaeenaa_nggaanaam	same
2.4.3	_anuwaa_daee chara_nnaanaam	same
2.4.4	_a_dhwaryukra_turanapu_msakam	same
2.4.5	_a_dhyayana_toa_3wiprak_rixtaakhyaanaam	differs
2.4.6	jaa_tirapraa_nninaam	same
2.4.7	wishixtali_nggoa na_dee _daeeshoa_3graamaa_hh	differs
2.4.8	kxu_drajan_tawa_hh	same
2.4.9	yaeexaa_m cha wiroa_dha_hh shaashwa_tika_hh	same
2.4.10	shoo_draa_nnaamanirawasi_taanaam	same
2.4.11	gawaashwaprabh_ri_teeni cha	same
2.4.12	wibhaaxaa w_rikxam_riga_t_ri_nna_dhaanyawya_ynjanapashushakunyashwawadawapoorwaaparaa_dharoa_t_taraa_nnaam	same
2.4.13	wipra_tixi_d_dha_m chaana_dhikara_nnawaachi	same
2.4.14	na _da_dhipaya_aa_deeni	same
2.4.15	_a_dhikara_nnai_taawa_t_twaee cha	same
2.4.16	wibhaaxaa sameepaee	same
2.4.17	sa napu_msakam	same
2.4.18	_awyayeebhaawashcha	same
2.4.19	_ta_tpuruxoa_3na_yn karma_dhaaraya_hh	differs
2.4.20	sa_mj_ynaayaa_m kan_thoasheenaraeexu	same
2.4.21	_upaj_ynoapakrama_m _ta_daa_dyaachikhyaasaayaam	same
2.4.22	chhaayaa baa_hulyaee	same
2.4.23	sabhaa raajaamanuxyapoorwaa	same
2.4.24	_ashaalaa cha	same
2.4.25	wibhaaxaa saeenaasuraachchhaayaashaalaanishaanaam	same
2.4.26	parawalli_ngga_m _dwan_dwa_ta_tpuruxayoa_hh	same
2.4.27	poorwawa_dashwawadawou	same
2.4.28	_haeeman_tashishiraawa_hoaraa_traee cha chchhan_dasi	same
2.4.29	raa_traa_hnaa_haa_hh pu_msi	same
2.4.30	_apa_tha_m napu_msakam	same
2.4.31	_ar_dharchaa_hh pu_msi cha	same
2.4.32	_i_damoa_3nwaa_daeeshaee_3shanu_daa_t_tas_t_ri_teeyaa_dou	differs
2.4.33	_aee_ta_das_tra_tasoas_tra_tasou chaanu_daa_t_tou	same
2.4.34	_dwi_teeyaatousswaeena_hh	same
2.4.35	_aar_dha_dhaa_tukaee	same
2.4.36	_a_doa jag_dhirlyap_ti ki_ti	same
2.4.37	lu_ngsanoarghasa"e_b"	differs
2.4.38	gha_ynapoashcha	same
2.4.39	ba_hula_m chhan_dasi	same
2.4.40	lityanya_tarasyaam	same
2.4.41	waee_ynoa wayi_hh	same
2.4.42	_hanoa wa_dha li_ngi	same
2.4.43	lu_ngi cha	same
2.4.44	_aa_tmanaeepa_daeexwanya_tarasyaam	same
2.4.45	_i_nnoa gaa lu_ngi	same
2.4.46	_nnou gamiraboa_dhanaee	same
2.4.47	sani cha	same
2.4.48	_i_ngashcha	same
2.4.49	gaa_ng liti	same
2.4.50	wibhaaxaa lu_ngl_ri_ngoa_hh	same
2.4.51	_nnou cha sa_mshcha_ngoa_hh	same
2.4.52	_as_taeerbhoo_hh	same
2.4.53	bruwoa wachi_hh	same
2.4.54	chakxi_nga_hh khyaa_yn	same
2.4.55	waa liti	same
2.4.56	_ajaeerwyagha_ynapoa_hh	same
2.4.57	waa you	same
2.4.58	_nnyakxa_triyaarxa_yni_toa yooni luga_nni_ynoa_hh	same
2.4.59	pailaa_dibhyashcha	same
2.4.60	_i_yna_hh praachaam	same
2.4.61	na _toulwalibhya_hh	same
2.4.62	_ta_draajasya ba_huxu _taeenaiwaas_triyaam	same
2.4.63	yaskaa_dibhyoa goa_traee	same
2.4.64	ya_yna_ynoashcha	same
2.4.65	_a_tribh_riguku_tsawasixthagoa_tamaa_nggiroabhyashcha	same
2.4.66	ba_hwacha_hh _i_yna_hh praachyabhara_taeexu	same
2.4.67	na goapawanaa_dibhya_hh	same
2.4.68	_tikaki_tawaa_dibhyoa _dwan_dwaee	same
2.4.69	_upakaa_dibhyoa_3nya_tarasyaama_dwan_dwaee	differs
2.4.70	_aagas_tyakou_nndinyayoaragas_tiku_nndinach	same
2.4.71	supoa _dhaa_tupraa_tipa_dikayoa_hh	same
2.4.72	_a_diprabh_ri_tibhya_hh shapa_hh	same
2.4.73	ba_hula_m chhan_dasi	same
2.4.74	ya_ngoa_3chi cha	differs
2.4.75	ju_hoa_tyaa_dibhya_hh shlu_hh	same
2.4.76	ba_hula_m chhan_dasi	same
2.4.77	gaa_tis_thaaghupaabhoobhya_hh sicha_hh parasmaipa_daeexu	same
2.4.78	wibhaaxaa ghraa_dhaeetshaachchhaasa_hh	same
2.4.79	_tanaa_dibhyas_ta_thaasoa_hh	same
2.4.80	man_traee ghasa_hwara_nnashaw_ri_da_haa_dw_richk_rigamijanibhyoa laee_hh	same
2.4.81	_aama_hh	same
2.4.82	_awyayaa_daapsupa_hh	same
2.4.83	naawyayeebhaawaa_da_toa_3m_twapa_ynchamyaa_hh	differs
2.4.84	_t_ri_teeyaasap_tamyoarba_hulam	same
2.4.85	luta_hh pra_thamasya daarourasa_hh	same
3.1.1	pra_tyaya_hh	same
3.1.2	parashcha	same
3.1.3	_aa_dyu_daa_t_tashcha	same
3.1.4	_anu_daa_t_tou suppi_tou	same
3.1.5	gup_tijki_dbhya_hh san	same
3.1.6	maanba_dha_daanshaanbhyoa _deerghashchaabhyaasasya	same
3.1.7	_dhaa_toa_hh karma_nna_hh samaanakar_t_rikaa_dichchhaayaa_m waa	same
3.1.8	supa _aa_tmana_hh kyach	same
3.1.9	kaamyachcha	same
3.1.10	_upamaanaa_daachaaraee	same
3.1.11	kar_tu_hh kya_ng saloapashcha	same
3.1.12	bh_rishaa_dibhyoa bhuwyachwaeerloapashcha _hala_hh	same
3.1.13	loa_hi_taa_didaajbhya_hh kyax	same
3.1.14	kaxtaaya krama_nnaee	same
3.1.15	karma_nnoa roaman_tha_tapoabhyaa_m war_ticharoa_hh	same
3.1.16	baaxpoaxmabhyaamu_dwamanaee	same
3.1.17	shab_dawairakala_haabhraka_nnwamaeeghaeebhya_hh kara_nnaee	same
3.1.18	sukhaa_dibhya_hh kar_t_riwaee_danaayaam	same
3.1.19	namoawariwashchi_tra_nga_hh kyach	same
3.1.20	puchchhabhaa_nndacheewaraa_nn_nni_ng	same
3.1.21	mu_nndamishrashlakx_nnalawa_nnawra_tawas_tra_halakalak_ri_ta_toos_taeebhyoa _nnich	same
3.1.22	_dhaa_toaraeekaachoa _halaa_daee_hh kriyaasamabhi_haaraee ya_ng	same
3.1.23	ni_tya_m koutilyaee ga_tou	same
3.1.24	lupasa_dacharajapajabha_da_ha_dashaga"e_D"bhyoa bhaawagar_haayaam	differs
3.1.25	sa_tyaapapaasharoopawee_nnaa_toolashloakasaeenaaloama_twachawarmawar_nnachoor_nnachuraa_dibhyoa _nnich	same
3.1.26	_haee_tuma_ti cha	same
3.1.27	ka_nndwaa_dibhyoa yak	same
3.1.28	gupoo_dhoopawichchhipa_nnipanibhya _aaya_hh	same
3.1.29	_ri_taeereeya_ng	same
3.1.30	kamaeer_nni_ng	same
3.1.31	_aayaa_daya _aar_dha_dhaa_tukaee waa	same
3.1.32	sanaa_dyan_taa _dhaa_tawa_hh	same
3.1.33	sya_taasee l_rilutoa_hh	same
3.1.34	sibba_hula_m laeeti	same
3.1.35	kaaspra_tyayaa_daamaman_traee liti	same
3.1.36	_ijaa_daeeshcha guruma_toa_3n_richchha_hh	differs
3.1.37	_dayaayaasashcha	same
3.1.38	_uxawi_dajaag_ribhyoa_3nya_tarasyaam	differs
3.1.39	bhee_hreebh_ri_huwaa_m shluwachcha	same
3.1.40	k_ri_yn chaanuprayujya_taee liti	same
3.1.41	wi_daa_ngkurwan_twi_tyanya_tarasyaam	same
3.1.42	_abhyu_tsaa_dayaa_mprajanayaa_mchikayaa_mramayaamaka_hh paawayaa_mkriyaa_dwi_daamakranni_ti chchhan_dasi	same
3.1.43	chli lu_ngi	same
3.1.44	chlaee_hh sich	same
3.1.45	shala _igupa_dhaa_danita_hh ksa_hh	same
3.1.46	shlixa _aali_ngganaee	same
3.1.47	na _d_risha_hh	same
3.1.48	_nnishri_drusrubhya_hh kar_tari cha_ng	same
3.1.49	wibhaaxaa _dhaeetshwyoa_hh	same
3.1.50	gupaeeshchhan_dasi	same
3.1.51	noanaya_ti_dhwanaya_tyaeelaya_tyar_daya_tibhya_hh	same
3.1.52	_asya_tiwak_tikhyaa_tibhyoa_3_ng	differs
3.1.53	lipisichi_hwashcha	same
3.1.54	_aa_tmanaeepa_daeexwanya_tarasyaam	same
3.1.55	puxaa_di_dyu_taa_dya"e_b"_di_ta_hh parasmaipa_daeexu	differs
3.1.56	sar_t_tishaas_tyar_tibhyashcha	same
3.1.57	_iri_toa waa	same
3.1.58	ja"e_D"s_tambhumruchumluchugruchugluchuglu_ynchushwibhyashcha	differs
3.1.59	k_rim_ri_d_riru_hibhyashchhan_dasi	same
3.1.60	chi_nn _taee pa_da_hh	same
3.1.61	_deepajanabu_dhapoori_taayipyaayibhyoa_3nya_tarasyaam	differs
3.1.62	_acha_hh karmakar_tari	same
3.1.63	_du_hashcha	same
3.1.64	na ru_dha_hh	same
3.1.65	_tapoa_3nu_taapaee cha	differs
3.1.66	chi_nn bhaawakarma_nnoa_hh	same
3.1.67	saarwa_dhaa_tukaee yak	same
3.1.68	kar_tari shap	same
3.1.69	_diwaa_dibhya_hh shyan	same
3.1.70	waa bhraashabhlaashabhramukramuklamu_trasi_trutilaxa_hh	same
3.1.71	yasoa_3nupasargaa_t	differs
3.1.72	sa_myasashcha	same
3.1.73	swaa_dibhya_hh shnu_hh	same
3.1.74	shruwa_hh sh_ri cha	same
3.1.75	_akxoa_3nya_tarasyaam	differs
3.1.76	_tanookara_nnaee _takxa_hh	same
3.1.77	_tu_daa_dibhya_hh sha_hh	same
3.1.78	ru_dhaa_dibhya_hh shnam	same
3.1.79	_tanaa_dik_ri_ynbhya _u_hh	same
3.1.80	_dhinwik_ri_nnwyoara cha	same
3.1.81	kryaa_dibhya_hh shnaa	same
3.1.82	s_tanbhus_tunbhuskanbhuskunbhusku_ynbhya_hh shnushcha	same
3.1.83	_hala_hh shna_hh shaanajjhou	same
3.1.84	chhan_dasi shaayajapi	same
3.1.85	wya_tyayoa ba_hulam	same
3.1.86	li_ngyaashixya_ng	same
3.1.87	karmawa_t karma_nnaa _tulyakriya_hh	same
3.1.88	_tapas_tapa_hhkarmakasyaiwa	same
3.1.89	na _du_hasnunamaa_m yakchi_nnou	same
3.1.90	kuxirajoa_hh praachaa_m shyan parasmaipa_da_m cha	same
3.1.91	_dhaa_toa_hh	same
3.1.92	_ta_troapapa_da_m sap_tamees_tham	same
3.1.93	k_ri_da_ti_ng	same
3.1.94	waa_3saroopoa_3s_triyaam	differs
3.1.95	k_ri_tyaa_hh	same
3.1.96	_tawya_t_tawyaaneeyara_hh	same
3.1.97	_achoa ya_t	same
3.1.98	poara_dupa_dhaa_t	same
3.1.99	shakisa_hoashcha	same
3.1.100	ga_dama_dacharayamashchaanupasargaee	same
3.1.101	_awa_dyapa_nnyawaryaa gar_hyapa_nni_tawyaaniroa_dhaeexu	same
3.1.102	wa_hya_m kara_nnam	same
3.1.103	_arya_hh swaamiwaishyayoa_hh	same
3.1.104	_upasaryaa kaalyaa prajanaee	same
3.1.105	_ajarya_m sa_mga_tam	same
3.1.106	wa_da_hh supi kyap cha	same
3.1.107	bhuwoa bhaawaee	same
3.1.108	_hanas_ta cha	same
3.1.109	_aee_tis_tushaasw_ri_d_rijuxa_hh kyap	same
3.1.110	_ri_dupa_dhaachchaaka"e_b"pich_ri_taee_hh	differs
3.1.111	_ee cha khana_hh	same
3.1.112	bh_ri_ynoa_3sa_mj_ynaayaam	differs
3.1.113	m_rijaeerwibhaaxaa	same
3.1.114	raajasooyasooryam_rixoa_dyaruchyakupyak_rixtapachyaawya_thyaa_hh	same
3.1.115	bhi_dyoa_d_dhyou na_daee	same
3.1.116	puxyasi_d_dhyou nakxa_traee	same
3.1.117	wipooyawineeyaji_tyaa mu_ynjakalka_halixu	same
3.1.118	pra_tyapibhyaa_m gra_haeeshchhan_dasi	same
3.1.119	pa_daaswairibaa_hyaapakxyaeexu cha	same
3.1.120	wibhaaxaa k_riw_rixoa_hh	same
3.1.121	yugya_m cha pa_traee	same
3.1.122	_amaawasya_danya_tarasyaam	same
3.1.123	chhan_dasi nixtarkya_daeewa_hooyapra_nneeyoanneeyoachchhixyamaryas_taryaa_dhwaryakhanyakhaanya_daeewayajyaap_richchhyapra_tixeewyabra_hmawaa_dyabhaawyas_taawyoapachaayyap_ridaani	same
3.1.124	_ri_haloar_nnya_t	same
3.1.125	_oaraawashyakaee	same
3.1.126	_aasuyuwapirapilapi_trapichamashcha	same
3.1.127	_aanaayyoa_3ni_tyaee	differs
3.1.128	pra_nnaayyoa_3sa_mma_tou	differs
3.1.129	paayyasaannaayyanikaayya_dhaayyaa maana_hawirniwaasasaami_dhaeeneexu	same
3.1.130	kra_tou ku_nndapaayyasa_mchaayyou	same
3.1.131	_agnou parichaayyoapachaayyasamoo_hyaa_hh	same
3.1.132	chi_tyaagnichi_tyaee cha	same
3.1.133	_nnwul_t_richou	same
3.1.134	nan_digra_hipachaa_dibhyoa lyu_nninyacha_hh	same
3.1.135	_igupa_dhaj_ynaapreekira_hh ka_hh	same
3.1.136	_aa_tashchoapasargaee	same
3.1.137	paaghraa_dhmaa_dhaeet_d_risha_hh sha_hh	same
3.1.138	_anupasargaallimpawin_da_dhaaripaariwaee_dyu_daeejichaee_tisaa_tisaa_hibhyashcha	same
3.1.139	_da_daa_ti_da_dhaa_tyoarwibhaaxaa	same
3.1.140	jwali_tikasan_taeebhyoa _nna_hh	same
3.1.141	shyaa_dwya_dhaasrusa_msrwa_tee_nnawasaa_3wa_h_rili_hashlixashwasashcha	differs
3.1.142	_dunyoaranupasargaee	same
3.1.143	wibhaaxaa gra_ha_hh	same
3.1.144	gaee_haee ka_hh	same
3.1.145	shilpini xwun	same
3.1.146	gas_thakan	same
3.1.147	_nnyut cha	same
3.1.148	_hashcha wree_hikaalayoa_hh	same
3.1.149	prus_rilwa_hh samabhi_haaraee wun	same
3.1.150	_aashixi cha	same
3.2.1	karma_nnya_nn	same
3.2.2	_hwaawaamashcha	same
3.2.3	_aa_toa_3nupasargaee ka_hh	differs
3.2.4	supi s_tha_hh	same
3.2.5	_tun_dashoakayoa_hh parim_rijaapanu_doa_hh	same
3.2.6	praee _daaj_yna_hh	same
3.2.7	sami khya_hh	same
3.2.8	gaapoaxtak	same
3.2.9	_hara_taeeranu_dyamanaee_3ch	differs
3.2.10	wayasi cha	same
3.2.11	_aa_ngi _taachchheelyaee	same
3.2.12	_ar_ha_hh	same
3.2.13	s_tambakar_nnayoa ramijapoa_hh	same
3.2.14	shami _dhaa_toa_hh sa_mj_ynaayaam	same
3.2.15	_a_dhikara_nnaee shaee_taee_hh	same
3.2.16	charaeexta_hh	same
3.2.17	bhikxaasaeenaa_daayaeexu cha	same
3.2.18	puroa_3gra_toa_3graeexu sar_taee_hh	differs
3.2.19	poorwaee kar_tari	same
3.2.20	k_ri_ynoa _haee_tu_taachchheelyaanuloamyaeexu	same
3.2.21	_diwaawibhaanishaaprabhaabhaaskaaraan_taanan_taa_diba_hunaan_deekimlipilibibalibhak_tikar_t_richi_trakxaee_trasa_mkhyaaja_ngghaabaa_hwa_harya_t_ta_t_dhanuraruxxu	same
3.2.22	karma_nni bh_ri_tou	same
3.2.23	na shab_dashloakakala_hagaa_thaawairachaatusoo_traman_trapa_daeexu	same
3.2.24	s_tambashak_ri_toarin	same
3.2.25	_hara_taeer_d_ri_tinaa_thayoa_hh pashou	same
3.2.26	phalaeegra_hiraa_tmambharishcha	same
3.2.27	chhan_dasi wanasanarakxima_thaam	same
3.2.28	_aeejaee_hh khash	same
3.2.29	naasikaas_tanayoar_dhmaa_dhaeetoa_hh	same
3.2.30	naadeemuxtyoashcha	same
3.2.31	_u_di koolaee rujiwa_hoa_hh	same
3.2.32	wa_haabhraee li_ha_hh	same
3.2.33	parimaa_nnaee pacha_hh	same
3.2.34	mi_tanakhaee cha	same
3.2.35	wi_dhwaruxoas_tu_da_hh	same
3.2.36	_asooryalalaatayoar_d_rishi_tapoa_hh	same
3.2.37	_ugrampashyaeeramma_dapaa_nnin_dhamaashcha	same
3.2.38	priyawashaee wa_da_hh khach	same
3.2.39	_dwixa_tparayoas_taapaee_hh	same
3.2.40	waachi yamoa wra_taee	same
3.2.41	poo_hhsarwayoar_daarisa_hoa_hh	same
3.2.42	sarwakoolaabhrakareexaeexu kaxa_hh	same
3.2.43	maeeghar_tibhayaeexu k_ri_yna_hh	same
3.2.44	kxaeemapriyama_draee_3_nn cha	differs
3.2.45	_aashi_taee bhuwa_hh kara_nnabhaawayoa_hh	same
3.2.46	sa_mj_ynaayaa_m bh_ri_ta"e_D"w_riji_dhaarisa_hi_tapi_dama_hh	differs
3.2.47	gamashcha	same
3.2.48	_an_taa_tyan_taa_dhwa_doorapaarasarwaanan_taeexu da_hh	same
3.2.49	_aashixi _hana_hh	same
3.2.50	_apaee klaeesha_tamasoa_hh	same
3.2.51	kumaarasheerxayoar_nnini_hh	same
3.2.52	lakxa_nnaee jaayaapa_tyoaxtak	same
3.2.53	_amanuxyakar_t_rikaee cha	same
3.2.54	shak_tou _has_tikapaatayoa_hh	same
3.2.55	paa_nnigha_taadaghou shilpini	same
3.2.56	_aadhyasubhagas_thoolapali_tanagnaan_dhapriyaeexu chwyar_thaeexwachwou k_ri_yna_hh kara_nnaee khyun	same
3.2.57	kar_tari bhuwa_hh khix_nnuchkhuka_ynou	same
3.2.58	sp_rishoa_3nu_dakaee kwin	differs
3.2.59	_ri_twig_da_dh_riksrag_digux_nniga_ynchuyujikru_ynchaa_m cha	same
3.2.60	_tya_daa_dixu _d_rishoa_3naaloachanaee ka_yn cha	differs
3.2.61	sa_tsoo_dwixa_dru_ha_du_hayujawi_dabhi_dachchhi_dajineeraajaamupasargaee_3pi kwip	differs
3.2.62	bhajoa _nnwi_hh	same
3.2.63	chhan_dasi sa_ha_hh	same
3.2.64	wa_hashcha	same
3.2.65	kawyapureexapureexyaeexu _ynyut	same
3.2.66	_hawyaee_3nan_ta_hh paa_dam	differs
3.2.67	janasanakhanakramagamoa wit	same
3.2.68	_a_doa_3nannaee	differs
3.2.69	krawyaee cha	same
3.2.70	_du_ha_hh kab ghashcha	same
3.2.71	man_traee shwaee_tawa_hoak_thashaspuroadaashoa _nnwin	same
3.2.72	_awaee yaja_hh	same
3.2.73	wijupaee chhan_dasi	same
3.2.74	_aa_toa maninkwanibwanipashcha	same
3.2.75	_anyaeebhyoa_3pi _d_rishyan_taee	differs
3.2.76	kwip cha	same
3.2.77	s_tha_hh ka cha	same
3.2.78	supyajaa_tou _nninis_taachchheelyaee	same
3.2.79	kar_taryupamaanaee	same
3.2.80	wra_taee	same
3.2.81	ba_hulamaabheekx_nnyaee	same
3.2.82	mana_hh	same
3.2.83	_aa_tmamaanaee khashcha	same
3.2.84	bhoo_taee	same
3.2.85	kara_nnaee yaja_hh	same
3.2.86	karma_nni _hana_hh	same
3.2.87	bra_hmabhroo_nnaw_ri_traeexu kwip	same
3.2.88	ba_hula_m chhan_dasi	same
3.2.89	sukarmapaapaman_trapu_nnyaeexu k_ri_yna_hh	same
3.2.90	soamaee su_yna_hh	same
3.2.91	_agnou chaee_hh	same
3.2.92	karma_nnyagnyaakhyaayaam	same
3.2.93	karma_nneeniwikriya_hh	same
3.2.94	_d_rishaee_hh kwanip	same
3.2.95	raajani yu_dhik_ri_yna_hh	same
3.2.96	sa_haee cha	same
3.2.97	sap_tamyaa_m janaeerda_hh	same
3.2.98	pa_ynchamyaamajaa_tou	same
3.2.99	_upasargaee cha sa_mj_ynaayaam	same
3.2.100	_anou karma_nni	same
3.2.101	_anyaeexwapi _d_rishya_taee	same
3.2.102	nixthaa	same
3.2.103	suyajoar_ngwanip	same
3.2.104	jeerya_taeera_t_rin	same
3.2.105	chhan_dasi lit	same
3.2.106	lita_hh kaanajwaa	same
3.2.107	kwasushcha	same
3.2.108	bhaaxaayaa_m sa_dawasashruwa_hh	same
3.2.109	_upaeeyiwaananaashwaananoochaanashcha	same
3.2.110	lu_ng	same
3.2.111	_ana_dya_tanaee la_ng	same
3.2.112	_abhij_ynaawachanaee l_rit	same
3.2.113	na ya_di	same
3.2.114	wibhaaxaa saakaa_ngkxaee	same
3.2.115	paroakxaee lit	same
3.2.116	_hashashwa_toarla_ng cha	same
3.2.117	prashnaee chaasannakaalaee	same
3.2.118	lat smaee	same
3.2.119	_aparoakxaee cha	same
3.2.120	nanou p_rixtapra_tiwachanaee	same
3.2.121	nanwoarwibhaaxaa	same
3.2.122	puri lu_ng chaasmaee	same
3.2.123	war_tamaanaee lat	same
3.2.124	lata_hh sha_t_rishaanachaawapra_thamaasamaanaa_dhikara_nnaee	same
3.2.125	samboa_dhanaee cha	same
3.2.126	lakxa_nna_haee_twoa_hh kriyaayaa_hh	same
3.2.127	_tou sa_t	same
3.2.128	poo_ngyajoa_hh shaanan	same
3.2.129	_taachchheelyawayoawachanashak_tixu chaanash	same
3.2.130	_i_ng_dhaaryoa_hh sha_trak_richchhri_nni	same
3.2.131	_dwixoa_3mi_traee	differs
3.2.132	su_ynoa yaj_ynasa_myoagaee	same
3.2.133	_ar_ha_hh prasha_msaayaam	same
3.2.134	_aakwaees_tachchheela_ta_d_dharma_ta_tsaa_dhukaarixu	same
3.2.135	_t_rin	same
3.2.136	_ala_mk_ri_ynniraak_ri_ynprajanoa_tpachoa_tpa_toanma_daruchyapa_trapaw_ri_tuw_ri_dhusa_hachara _ix_nnuch	same
3.2.137	_nnaeeshchhan_dasi	same
3.2.138	bhuwashcha	same
3.2.139	glaajis_thashcha ksnu_hh	same
3.2.140	_trasig_ri_dhi_dh_rixikxipaee_hh knu_hh	same
3.2.141	shami_tyaxtaabhyoa ghinu_nn	same
3.2.142	sa_mp_richaanuru_dhaa_ngyamaa_ngyasaparis_risa_ms_rijapari_daeewisa_mjwaraparikxipapariratapariwa_dapari_da_haparimu_ha_duxa_dwixa_dru_ha_du_hayujaakreedawiwicha_tyajarajabhajaa_ticharaapacharaamuxaabhyaa_hanashcha	same
3.2.143	wou kaxalasaka_t_thasrambha_hh	same
3.2.144	_apaee cha laxa_hh	same
3.2.145	praee lapas_ri_druma_thawa_dawasa_hh	same
3.2.146	nin_da_hi_msaklishakhaa_dawinaashaparikxipapariratapariwaa_diwyaabhaaxaasoo_ynoa wu_yn	same
3.2.147	_daeewikrushoashchoapasargaee	same
3.2.148	chalanashab_daar_thaa_dakarmakaa_dyuch	same
3.2.149	_anu_daa_t_taee_tashcha _halaa_daee_hh	same
3.2.150	jucha_ngkramya_dan_dramyas_rig_ri_dhijwalashuchalaxapa_tapa_da_hh	same
3.2.151	kru_dhama_nndaar_thaeebhyashcha	same
3.2.152	na ya_hh	same
3.2.153	soo_da_deepa_deekxashcha	same
3.2.154	laxapa_tapa_das_thaabhoow_rixa_hanakamagamasha"e_D"bhya _uka_yn	differs
3.2.155	jalpabhikxakuttalu_nntaw_ri_nga_hh xaakan	same
3.2.156	prajoarini_hh	same
3.2.157	ji_d_rikxiwishree_nnwamaawya_thaabhyamaparibhooprasoobhyashcha	same
3.2.158	sp_ri_hig_ri_hipa_ti_dayini_draa_tan_draashra_d_dhaabhya _aaluch	same
3.2.159	_daa_dhaeetsisha_dasa_doa ru_hh	same
3.2.160	s_righasya_da_hh kmarach	same
3.2.161	bha_ynjabhaasami_doa ghurach	same
3.2.162	wi_dibhi_dichchhi_daee_hh kurach	same
3.2.163	_i_nnnashjisar_t_tibhya_hh kwarap	same
3.2.164	ga_twarashcha	same
3.2.165	jaagurooka_hh	same
3.2.166	yajajapa_dashaa_m ya_nga_hh	same
3.2.167	namikampismyajasakama_hi_msa_deepoa ra_hh	same
3.2.168	sanaasha_msabhikxa _u_hh	same
3.2.169	win_durichchhu_hh	same
3.2.170	kyaachchhan_dasi	same
3.2.171	_aa_d_rigama_hanajana_hh kikinou lit cha	same
3.2.172	swapi_t_rixoarnaji_ng	same
3.2.173	sha"e_D"wan_dyoaraaru_hh	differs
3.2.174	bhiya_hh kruklukanou	same
3.2.175	s_thaeeshabhaasapisakasoa warach	same
3.2.176	yashcha ya_nga_hh	same
3.2.177	bhraajabhaasa_dhurwi_dyu_toarjipa"e_D"jugraawas_tuwa_hh kwip	differs
3.2.178	_anyaeebhyoa_3pi _d_rishya_taee	differs
3.2.179	bhuwa_hh sa_mj_ynaa_3n_tarayoa_hh	differs
3.2.180	wiprasambhyoa dwasa_mj_ynaayaam	same
3.2.181	_dha_hh karma_nni xtran	same
3.2.182	_daamneeshasayuyujas_tu_tu_dasisichami_hapa_ta_dashana_ha_hh kara_nnaee	same
3.2.183	_halasookarayoa_hh puwa_hh	same
3.2.184	_ar_tiloo_dhoosookhanasa_hachara _i_tra_hh	same
3.2.185	puwa_hh sa_mj_ynaayaam	same
3.2.186	kar_tari charxi_daeewa_tayoa_hh	same
3.2.187	_ynee_ta_hh k_ta_hh	same
3.2.188	ma_tibu_d_dhipoojaar_thaeebhyashcha	same
3.3.1	_u_nnaa_dayoa ba_hulam	same
3.3.2	bhoo_taee_3pi _d_rishyan_taee	differs
3.3.3	bhawixya_ti gamyaa_daya_hh	same
3.3.4	yaawa_tpuraanipaa_tayoarlat	same
3.3.5	wibhaaxaa ka_daakar_hyoa_hh	same
3.3.6	ki_mw_ri_t_taee lipsaayaam	same
3.3.7	lipsyamaanasi_d_dhou cha	same
3.3.8	loadar_thalakxa_nnaee cha	same
3.3.9	li_ng choar_dhwamou_hoor_tikaee	same
3.3.10	_tumun_nnwulou kriyaayaa_m kriyaar_thaayaam	same
3.3.11	bhaawawachanaashcha	same
3.3.12	_a_nn karma_nni cha	same
3.3.13	l_rit shaeexaee cha	same
3.3.14	l_rita_hh sa_d waa	same
3.3.15	_ana_dya_tanaee lut	same
3.3.16	pa_darujawishasp_rishoa gha_yn	same
3.3.17	s_ri s_thiraee	same
3.3.18	bhaawaee	same
3.3.19	_akar_tari cha kaarakaee sa_mj_ynaayaam	same
3.3.20	parimaa_nnaakhyaayaa_m sarwaeebhya_hh	same
3.3.21	_i_ngashcha	same
3.3.22	_upasargaee ruwa_hh	same
3.3.23	sami yu_dru_duwa_hh	same
3.3.24	shri_nneebhuwoa_3nupasargaee	differs
3.3.25	wou kxushruwa_hh	same
3.3.26	_awoa_doarniya_hh	same
3.3.27	praee _drus_tusruwa_hh	same
3.3.28	nirabhyoa_hh poolwoa_hh	same
3.3.29	_unnyoargra_hh	same
3.3.30	ka"e_D" _dhaanyaee	differs
3.3.31	yaj_ynaee sami s_tuwa_hh	same
3.3.32	praee s_troa_3yaj_ynaee	differs
3.3.33	pra_thanaee waawashab_daee	same
3.3.34	chhan_doanaamni cha	same
3.3.35	_u_di gra_ha_hh	same
3.3.36	sami muxtou	same
3.3.37	parinyoarnee_nnoar_dyoo_taabhraeexayoa_hh	same
3.3.38	paraawanupaa_tyaya _i_nna_hh	same
3.3.39	wyupayoa_hh shaee_taee_hh paryaayaee	same
3.3.40	_has_taa_daanaee chaeeras_taeeyaee	same
3.3.41	niwaasachi_tishareeroapasamaa_dhaanaeexwaa_daeeshcha ka_hh	same
3.3.42	sa_mghaee chaanou_t_taraa_dharyaee	same
3.3.43	karmawya_ti_haaraee _nnach s_triyaam	same
3.3.44	_abhiwi_dhou bhaawa _inu_nn	same
3.3.45	_aakroashaee_3wanyoargra_ha_hh	differs
3.3.46	praee lipsaayaam	same
3.3.47	parou yaj_ynaee	same
3.3.48	nou w_ri _dhaanyaee	same
3.3.49	_u_di shraya_tiyou_tipoo_druwa_hh	same
3.3.50	wibhaaxaa_3_3_ngi rupluwoa_hh	differs
3.3.51	_awaee gra_hoa warxapra_tiban_dhaee	same
3.3.52	praee wa_nnijaam	same
3.3.53	rashmou cha	same
3.3.54	w_ri_nnoa_taeeraachchhaa_danaee	same
3.3.55	parou bhuwoa_3waj_ynaanaee	differs
3.3.56	_aeerach	same
3.3.57	`_doarap	differs
3.3.58	gra_haw_ri_d_rinishchigamashcha	same
3.3.59	_upasargaee_3_da_hh	differs
3.3.60	nou _nna cha	same
3.3.61	wya_dhajapoaranupasargaee	same
3.3.62	swana_hasoarwaa	same
3.3.63	yama_hh samupaniwixu cha	same
3.3.64	nou ga_dana_dapathaswana_hh	same
3.3.65	kwa_nnoa wee_nnaayaa_m cha	same
3.3.66	ni_tya_m pa_nna_hh parimaa_nnaee	same
3.3.67	ma_doa_3nupasargaee	differs
3.3.68	prama_dasamma_dou _harxaee	same
3.3.69	samu_doaraja_hh pashuxu	same
3.3.70	_akxaeexu gla_ha_hh	same
3.3.71	prajanaee sar_taee_hh	same
3.3.72	_hwa_hh samprasaara_nna_m cha nyabhyupawixu	same
3.3.73	_aa_ngi yu_d_dhaee	same
3.3.74	nipaanamaa_haawa_hh	same
3.3.75	bhaawaee_3nupasargasya	differs
3.3.76	_hanashcha wa_dha_hh	same
3.3.77	moor_tou ghana_hh	same
3.3.78	_an_targhanoa _daeeshaee	same
3.3.79	_agaaraika_daeeshaee pragha_nna_hh praghaa_nnashcha	same
3.3.80	_u_dghanoa_3_tyaa_dhaanam	differs
3.3.81	_apaghanoa_3_nggam	differs
3.3.82	kara_nnaee_3yoawi_druxu	differs
3.3.83	s_tambaee ka cha	same
3.3.84	parou gha_hh	same
3.3.85	_upaghna _aashrayaee	same
3.3.86	sa_mghoa_dghou ga_nnaprasha_msayoa_hh	same
3.3.87	nighoa nimi_tam	same
3.3.88	dwi_ta_hh k_tri_hh	same
3.3.89	twi_toa_3_thuch	differs
3.3.90	yajayaachaya_tawichchhaprachchharakxoa na_ng	same
3.3.91	swapoa nan	same
3.3.92	_upasargaee ghoa_hh ki_hh	same
3.3.93	karma_nnya_dhikara_nnaee cha	same
3.3.94	s_triyaa_m k_tin	same
3.3.95	s_thaagaapaapachoa bhaawaee	same
3.3.96	man_traee w_rixaeexapachamanawi_dabhooweeraa _u_daa_t_ta_hh	same
3.3.97	_oo_tiyoo_tijoo_tisaa_ti_haee_tikeer_tayashcha	same
3.3.98	wrajayajoarbhaawaee kyap	same
3.3.99	sa_mj_ynaayaa_m samajanixa_danipa_tamanawi_daxu_ynshee_ngbh_ri_yni_nna_hh	same
3.3.100	k_ri_yna_hh sha cha	same
3.3.101	_ichchhaa	same
3.3.102	_a pra_tyayaa_t	same
3.3.103	guroashcha _hala_hh	same
3.3.104	xi_dbhi_daa_dibhyoa_3_ng	differs
3.3.105	chin_tipoojika_thikumbicharchashcha	same
3.3.106	_aa_tashchoapasargaee	same
3.3.107	_nnyaasashran_thoa yuch	same
3.3.108	roagaakhyaayaa_m _nnwul ba_hulam	same
3.3.109	sa_mj_ynaayaam	same
3.3.110	wibhaaxaa_3_3khyaanapariprashnayoari_yn cha	differs
3.3.111	paryaayaar_har_nnoa_tpa_t_tixu _nnwuch	same
3.3.112	_aakroashaee na_ynyani_hh	same
3.3.113	k_ri_tyalyutoa ba_hulam	same
3.3.114	napu_msakaee bhaawaee k_ta_hh	same
3.3.115	lyut cha	same
3.3.116	karma_nni cha yaeena sa_msparshaa_t kar_tu_hh shareerasukham	same
3.3.117	kara_nnaa_dhikara_nnayoashcha	same
3.3.118	pu_msi sa_mj_ynaayaa_m gha_hh praayaee_nna	same
3.3.119	goacharasa_mcharawa_hawrajawyajaapa_nnanigamaashcha	same
3.3.120	_awaee _ta"e_D"s_troargha_yn	differs
3.3.121	_halashcha	same
3.3.122	_a_dhyaayanyaayoa_dyaawasa_m_haaraa_dhaaraawaayaashcha	same
3.3.123	_u_da_ngkoa_3nu_dakaee	differs
3.3.124	jaalamaanaaya_hh	same
3.3.125	khanoa gha cha	same
3.3.126	_eexa_d_du_hhsuxu k_richchhraak_richchhraar_thaeexu khal	same
3.3.127	kar_t_rikarma_nnoashcha bhook_ri_ynoa_hh	same
3.3.128	_aa_toa yuch	same
3.3.129	chhan_dasi ga_tyar_thaeebhya_hh	same
3.3.130	_anyaeebhyoa_3pi _d_rishya_taee	differs
3.3.131	war_tamaanasaameepyaee war_tamaanawa_dwaa	same
3.3.132	_aasha_msaayaa_m bhoo_tawachcha	same
3.3.133	kxiprawachanaee l_rit	same
3.3.134	_aasha_msaawachanaee li_ng	same
3.3.135	naana_dya_tanawa_t kriyaapraban_dhasaameepyayoa_hh	same
3.3.136	bhawixya_ti maryaa_daawachanaee_3warasmin	differs
3.3.137	kaalawibhaagaee chaana_hoaraa_traa_nnaam	same
3.3.138	parasmin wibhaaxaa	same
3.3.139	li_ngnimi_t_taee l_ri_ng kriyaa_tipa_t_tou	same
3.3.140	bhoo_taee cha	same
3.3.141	woa_taapyoa_hh	same
3.3.142	gar_haayaa_m ladapijaa_twoa_hh	same
3.3.143	wibhaaxaa ka_thami li_ng cha	same
3.3.144	ki_mw_ri_t_taee li_ngl_ritou	same
3.3.145	_anawaka"e_b"p_tyamarxayoaraki_mw_ri_t_taee_3pi	differs
3.3.146	ki_mkilaas_tyar_thaeexu l_rit	same
3.3.147	jaa_tuya_doarli_ng	same
3.3.148	yachchaya_trayoa_hh	same
3.3.149	gar_haayaa_m cha	same
3.3.150	chi_treekara_nnaee cha	same
3.3.151	shaeexaee l_ridaya_dou	same
3.3.152	_u_taapyoa_hh samar_thayoarli_ng	same
3.3.153	kaamaprawaee_danaee_3kachchi_ti	differs
3.3.154	sambhaawanaee_3lami_ti chaee_t si_d_dhaaprayoagaee	differs
3.3.155	wibhaaxaa _dhaa_tou sambhaawanawachanaee_3ya_di	differs
3.3.156	_haee_tu_haee_tuma_toarli_ng	same
3.3.157	_ichchhaar_thaeexu li_ngloatou	same
3.3.158	samaanakar_t_rikaeexu _tumun	same
3.3.159	li_ng cha	same
3.3.160	_ichchhaar_thaeebhyoa wibhaaxaa war_tamaanaee	same
3.3.161	wi_dhiniman_tra_nnaaman_tra_nnaa_dheextasa_mprashnapraar_thanaeexu li_ng	same
3.3.162	loat cha	same
3.3.163	praixaa_tisargapraap_takaalaeexu k_ri_tyaashcha	same
3.3.164	li_ng choar_dhwamou_hoor_tikaee	same
3.3.165	smaee loat	same
3.3.166	_a_dheextaee cha	same
3.3.167	kaalasamayawaeelaasu _tumun	same
3.3.168	li_ng ya_di	same
3.3.169	_ar_haee k_ri_tya_t_richashcha	same
3.3.170	_aawashyakaa_dhamar_nnyayoar_nnini_hh	same
3.3.171	k_ri_tyaashcha	same
3.3.172	shaki li_ng cha	same
3.3.173	_aashixi li_ngloatou	same
3.3.174	k_tichk_tou cha sa_mj_ynaayaam	same
3.3.175	maa_ngi lu_ng	same
3.3.176	smoa_t_taraee la_ng cha	same
3.4.1	_dhaa_tusamban_dhaee pra_tyayaa_hh	same
3.4.2	kriyaasamabhi_haaraee loat; loatoa _hiswou; waa cha _ta_dhwamoa_hh	same
3.4.3	samuchchayaee_3nya_tarasyaam	differs
3.4.4	ya_thaawi_dhyanuprayoaga_hh poorwasmin	same
3.4.5	samuchchayaee saamaanyawachanasya	same
3.4.6	chhan_dasi lu_ngla_nglita_hh	same
3.4.7	li_ngar_thaee laeet	same
3.4.8	_upasa_mwaa_daasha_ngkayoashcha	same
3.4.9	_tumar_thaee saeesaeenasaee_3saeenksaeekasaeena_dhyai_a_dhyainka_dhyaika_dhyainsha_dhyaisha_dhyain_tawai_tawaee_ng_tawaeena_hh	differs
3.4.10	prayai roa_hixyai _awya_thixyai	same
3.4.11	_d_rishaee wikhyaee cha	same
3.4.12	shaki _nnamulkamulou	same
3.4.13	_eeshwaraee _toasunkasunou	same
3.4.14	k_ri_tyaar_thaee _tawaikaeenkaeenya_twana_hh	same
3.4.15	_awachakxaee cha	same
3.4.16	bhaawalakxa_nnaee s_thaee_nnk_ri_ynwa_dichari_hu_tamijanibhyas_toasun	same
3.4.17	s_ripi_t_ri_doa_hh kasun	same
3.4.18	_ala_ngkhalwoa_hh pra_tixaee_dhayoa_hh praachaa_m k_twaa	same
3.4.19	_u_deechaa_m maa_ngoa wya_tee_haaraee	same
3.4.20	paraawarayoagaee cha	same
3.4.21	samaanakar_t_rikayoa_hh poorwakaalaee	same
3.4.22	_aabheekx_nnyaee _nnamul cha	same
3.4.23	na ya_dyanaakaa_ngkxaee	same
3.4.24	wibhaaxaa_3graeepra_thamapoorwaeexu	differs
3.4.25	karma_nnyaakroashaee k_ri_yna_hh khamu_yn	same
3.4.26	swaa_dumi _nnamul	same
3.4.27	_anya_thaiwa_mka_thami_t_tha_msu si_d_dhaaprayoagashchaee_t	same
3.4.28	ya_thaa_ta_thayoarasooyaapra_tiwachanaee	same
3.4.29	karma_nni _d_rishiwi_doa_hh saakalyaee	same
3.4.30	yaawa_ti win_dajeewoa_hh	same
3.4.31	charmoa_darayoa_hh pooraee_hh	same
3.4.32	warxapramaa_nna _ooloapashchaasyaanya_tarasyaam	same
3.4.33	chaeelaee knoapaee_hh	same
3.4.34	nimoolasamoolayoa_hh kaxa_hh	same
3.4.35	shuxkachoor_nnarookxaeexu pixa_hh	same
3.4.36	samoolaak_ri_tajeewaeexu _hank_ri_yngra_ha_hh	same
3.4.37	kara_nnaee _hana_hh	same
3.4.38	snaee_hanaee pixa_hh	same
3.4.39	_has_taee war_t_tigra_hoa_hh	same
3.4.40	swaee puxa_hh	same
3.4.41	_a_dhikara_nnaee ban_dha_hh	same
3.4.42	sa_mj_ynaayaam	same
3.4.43	kar_troarjeewapuruxayoarnashiwa_hoa_hh	same
3.4.44	_oor_dhwaee shuxipooroa_hh	same
3.4.45	_upamaanaee karma_nni cha	same
3.4.46	kaxaa_dixu ya_thaawi_dhyanuprayoaga_hh	same
3.4.47	_upa_da_mshas_t_ri_teeyaayaam	same
3.4.48	_hi_msaar_thaanaa_m cha samaanakarmakaa_nnaam	same
3.4.49	sap_tamyaa_m choapapeedaru_dhakarxa_hh	same
3.4.50	samaasa_t_tou	same
3.4.51	pramaa_nnaee cha	same
3.4.52	_apaa_daanaee pareepsaayaam	same
3.4.53	_dwi_teeyaayaa_m cha	same
3.4.54	swaa_nggaee_3_dhruwaee	differs
3.4.55	pariklishyamaanaee cha	same
3.4.56	wishipa_tipa_diskan_daa_m wyaapyamaanaasaeewyamaanayoa_hh	same
3.4.57	_asya_ti_t_rixoa_hh kriyaa_3n_taraee kaalaeexu	differs
3.4.58	naamnyaa_dishigra_hoa_hh	same
3.4.59	_awyayaee_3ya_thaabhipraee_taakhyaanaee k_ri_yna_hh k_twaa_nnamulou	differs
3.4.60	_tiryachyapawargaee	same
3.4.61	swaa_nggaee _taspra_tyayaee k_ribhwoa_hh	same
3.4.62	naa_dhaa_3r_thapra_tyayaee chwyar_thaee	differs
3.4.63	_toox_nneemi bhuwa_hh	same
3.4.64	_anwachyaanuloamyaee	same
3.4.65	shaka_dh_rixaj_ynaaglaaghatarabhalabhakramasa_haar_haas_tyar_thaeexu _tumun	same
3.4.66	paryaap_tiwachanaeexwalamar_thaeexu	same
3.4.67	kar_tari k_ri_t	same
3.4.68	bhawyagaeeyaprawachaneeyoapas_thaaneeyajanyaaplaawyaapaa_tyaa waa	same
3.4.69	la_hh karma_nni cha bhaawaee chaakarmakaeebhya_hh	same
3.4.70	_tayoaraeewa k_ri_tyak_takhalar_thaa_hh	same
3.4.71	_aa_dikarma_nni k_ta_hh kar_tari cha	same
3.4.72	ga_tyar_thaakarmakashlixashee_ngs_thaa_3_3sawasajanaru_hajeerya_tibhyashcha	differs
3.4.73	_daashagoaghnou sampra_daanaee	same
3.4.74	bheemaa_dayoa_3paa_daanaee	differs
3.4.75	_taabhyaamanya_troa_nnaa_daya_hh	same
3.4.76	k_toa_3_dhikara_nnaee cha _dhrouwyaga_tipra_tyawasaanaar_thaeebhya_hh	differs
3.4.77	lasya	same
3.4.78	_tip_tasjhisip_thas_thamibwasmas _taa_taa_mjha_thaasaa_thaa_m_dhwamidwa_hima_hi_ng	same
3.4.79	ti_ta _aa_tmanaeepa_daanaa_m taeeraee	same
3.4.80	_thaasassaee	same
3.4.81	litas_tajhayoaraeeshiraeech	same
3.4.82	parasmaipa_daanaa_m _nnala_tusus_thala_thusa_nnalwamaa_hh	same
3.4.83	wi_doa latoa waa	same
3.4.84	bruwa_hh pa_ynchaanaamaa_di_ta _aa_hoa bruwa_hh	same
3.4.85	loatoa la_ngwa_t	same
3.4.86	_aeeru_hh	same
3.4.87	saeer_hyapichcha	same
3.4.88	waa chhan_dasi	same
3.4.89	maeerni_hh	same
3.4.90	_aamaee_ta_hh	same
3.4.91	sawaabhyaa_m waamou	same
3.4.92	_aadu_t_tamasya pichcha	same
3.4.93	_aee_ta _ai	same
3.4.94	laeetoa_3daatou	differs
3.4.95	_aa_ta _ai	same
3.4.96	wai_toa_3nya_tra	differs
3.4.97	_i_tashcha loapa_hh parasmaipa_daeexu	same
3.4.98	sa _u_t_tamasya	same
3.4.99	ni_tya_m _ngi_ta_hh	same
3.4.100	_i_tashcha	same
3.4.101	_tas_thas_thamipaa_m _taa_m_ta_m_taama_hh	same
3.4.102	li_ngasseeyut	same
3.4.103	yaasut parasmaipa_daeexoo_daa_t_toa _ngichcha	same
3.4.104	ki_daashixi	same
3.4.105	jhasya ran	same
3.4.106	_itoa_3_t	differs
3.4.107	sut _ti_thoa_hh	same
3.4.108	jhaeerjus	same
3.4.109	sijabhyas_tawi_dibhyashcha	same
3.4.110	_aa_ta_hh	same
3.4.111	la_nga_hh shaakataayanasyaiwa	same
3.4.112	_dwixashcha	same
3.4.113	_ti_ngshi_tsaarwa_dhaa_tukam	same
3.4.114	_aar_dha_dhaa_tuka_m shaeexa_hh	same
3.4.115	lit cha	same
3.4.116	li_ngaashixi	same
3.4.117	chhan_dasyubhaya_thaa	same
4.1.1	_ngyaappraa_tipa_dikaa_t	same
4.1.2	swoujasamoutchhaxtaabhyaambhis_ngaeebhyaambhyas_ngasibhyaambhyas_ngasoasaa_ng_ngyoassup	same
4.1.3	s_triyaam	same
4.1.4	_ajaa_dya_taxtaap	same
4.1.5	_rinnaeebhyoa _ngeep	same
4.1.6	_ugi_tashcha	same
4.1.7	wanoa ra cha	same
4.1.8	paa_doa_3nya_tarasyaam	differs
4.1.9	taab_richi	same
4.1.10	na xatswasraa_dibhya_hh	same
4.1.11	mana_hh	same
4.1.12	_anoa ba_huwree_haee_hh	same
4.1.13	daabubhaabhyaamanya_tarasyaam	same
4.1.14	_anupasarjanaa_t	same
4.1.15	tiddhaa_nna_yn_dwayasaj_daghna_ynmaa_trach_tayapthaktha_ynka_ynkwarapa_hh	same
4.1.16	ya_ynashcha	same
4.1.17	praachaa_m xpha _ta_d_dhi_ta_hh	same
4.1.18	sarwa_tra loa_hi_taa_dika_tan_taeebhya_hh	same
4.1.19	kourawyamaa_nndookaabhyaa_m cha	same
4.1.20	wayasi pra_thamaee	same
4.1.21	_dwigoa_hh	same
4.1.22	_aparimaa_nnabis_taachi_takambalyaeebhyoa na _ta_d_dhi_taluki	same
4.1.23	kaa_nndaan_taa_t kxaee_traee	same
4.1.24	puruxaa_t pramaa_nnaee_3nya_tarasyaam	differs
4.1.25	ba_huwree_haeeroo_dhasoa _ngeex	same
4.1.26	sa_mkhyaawyayaa_daeer_ngeep	same
4.1.27	_daama_haayanaan_taachcha	same
4.1.28	_ana _upa_dhaaloapinoanya_tarasyaam	same
4.1.29	ni_tya_m sa_mj_ynaachhan_dasoa_hh	same
4.1.30	kaeewalamaamakabhaaga_dhaeeyapaapaaparasamaanaaryak_ri_ta-suma_nggalabhaeexajaachcha	same
4.1.31	raa_traeeshchaajasou	same
4.1.32	_an_tarwa_tpa_tiwa_toarnuk	same
4.1.33	pa_tyurnoa yaj_ynasa_myoagaee	same
4.1.34	wibhaaxaa sapoorwasya	same
4.1.35	ni_tya_m sapa_tnyaa_dixu	same
4.1.36	poo_takra_toarai cha	same
4.1.37	w_rixaakapyagnikusi_takusi_daanaamu_daa_t_ta_hh	same
4.1.38	manoarou waa	same
4.1.39	war_nnaa_danu_daa_t_taa_t_toapa_dhaa_t_toa na_hh	same
4.1.40	_anya_toa _ngeex	same
4.1.41	xi_dgouraa_dibhyashcha	same
4.1.42	jaanapa_daku_nndagoa_nnas_thalabhaajanaagakaalaneelakushakaamukakabaraa_dw_ri_t_tyama_traawapanaak_ri_trimaashraa_nnaas_thoulyawar_nnaanaachchhaa_danaayoawikaaramai_thunaeechchhaakaeeshawaeeshaeexu	same
4.1.43	shoa_nnaa_t praachaam	same
4.1.44	woa_toa gu_nnawachanaa_t	same
4.1.45	ba_hwaa_dibhyashcha	same
4.1.46	ni_tya_m chhan_dasi	same
4.1.47	bhuwashcha	same
4.1.48	pu_myoagaa_daakhyaayaam	same
4.1.49	_in_drawaru_nnabhawasharwaru_dram_rida_himaara_nnyayawayawanamaa_tulaachaaryaa_nnaamaanuk	same
4.1.50	kree_taa_t kara_nnapoorwaa_t	same
4.1.51	k_taa_dalpaakhyaayaam	same
4.1.52	ba_huwree_haeeshchaan_toa_daa_t_taa_t	same
4.1.53	_aswaa_nggapoorwapa_daa_dwaa	same
4.1.54	swaa_nggaachchoapasarjanaa_dasa_myoagoapa_dhaa_t	same
4.1.55	naasikoa_darouxthaja_ngghaa_dan_takar_nnash_ri_nggaachcha	same
4.1.56	na kroadaa_diba_hwacha_hh	same
4.1.57	sa_hana_ynwi_dyamaanapoorwaachcha	same
4.1.58	nakhamukhaa_t sa_mj_ynaayaam	same
4.1.59	_deerghaji_hwee cha chchhan_dasi	same
4.1.60	_dikpoorwapa_daan_ngeep	same
4.1.61	waa_ha_hh	same
4.1.62	sakhyashishwee_ti bhaaxaayaam	same
4.1.63	jaa_taeeras_treewixayaa_dayoapa_dhaa_t	same
4.1.64	paakakar_nnapar_nnapuxpaphalamoolawaaloa_t_tarapa_daachcha	same
4.1.65	_i_toa manuxyajaa_taee_hh	same
4.1.66	_oo_ngu_ta_hh	same
4.1.67	baa_hwan_taa_t sa_mj_ynaayaam	same
4.1.68	pa_nggoashcha	same
4.1.69	_ooroo_t_tarapa_daa_doupamyaee	same
4.1.70	sa_m_hi_tashaphalakxa_nnawaamaa_daeeshcha	same
4.1.71	ka_drukama_nndalwoashchhan_dasi	same
4.1.72	sa_mj_ynaayaam	same
4.1.73	shaar_nggarawaa_dya_ynoa _ngeen	same
4.1.74	ya_ngashchaap	same
4.1.75	_aawatyaachcha	same
4.1.76	_ta_d_dhi_taa_hh	same
4.1.77	yoonas_ti_hh	same
4.1.78	_a_nni_ynoaranaarxayoarguroopoa_t_tamayoa_hh xya_ng goa_traee	same
4.1.79	goa_traawayawaa_t	same
4.1.80	kroudyaa_dibhyashcha	same
4.1.81	_daiwayaj_ynishouchiw_rikxisaa_tyamugrikaa_nnthaeewi_d_dhibhyoa_3nya_tarasyaam	differs
4.1.82	samar_thaanaa_m pra_thamaa_dwaa	same
4.1.83	praag_deewya_toa_3_nn	differs
4.1.84	_ashwapa_tyaa_dibhyashcha	same
4.1.85	_di_tya_di_tyaa_di_tyapa_tyu_t_tarapa_daa_nn_nnya_hh	same
4.1.86	_u_tsaa_dibhyoa_3_yn	differs
4.1.87	s_treepu_msaabhyaa_m na_ynsna_ynou bhawanaa_t	same
4.1.88	_dwigoarluganapa_tyaee	same
4.1.89	goa_traee_3lugachi	differs
4.1.90	yooni luk	same
4.1.91	phakphi_ynoaranya_tarasyaam	same
4.1.92	_tasyaapa_tyam	same
4.1.93	_aeekoa goa_traee	same
4.1.94	goa_traa_dyoonyas_triyaam	same
4.1.95	_a_ta _i_yn	same
4.1.96	baa_hwaa_dibhyashcha	same
4.1.97	su_dhaa_turaka_ng cha	same
4.1.98	goa_traee ku_ynjaa_dibhyashchpha_yn	same
4.1.99	nadaa_dibhya_hh phak	same
4.1.100	_hari_taa_dibhyoa_3_yna_hh	differs
4.1.101	ya_yni_ynoashcha	same
4.1.102	shara_dwachchhunaka_darbhaa_dbh_riguwa_tsaagraaya_nnaeexu	same
4.1.103	_droa_nnaparwa_tajeewan_taa_danya_tarasyaam	same
4.1.104	_an_rixyaanan_taryaee bi_daa_dibhyoa_3_yn	differs
4.1.105	gargaa_dibhyoa ya_yn	same
4.1.106	ma_dhubabhrwoarbraa_hma_nnakoushikayoa_hh	same
4.1.107	kapiboa_dhaa_daa_nggirasaee	same
4.1.108	wa_ta_nndaachcha	same
4.1.109	luk s_triyaam	same
4.1.110	_ashwaa_dibhya_hh pha_yn	same
4.1.111	bhargaa_t _traigar_taee	same
4.1.112	shiwaa_dibhyoa_3_nn	differs
4.1.113	_aw_ri_d_dhaabhyoa na_deemaanuxeebhyas_tannaamikaabhya_hh	same
4.1.114	_rixyan_dhakaw_rix_nnikurubhyashcha	same
4.1.115	maa_turu_t sa_mkhyaasambha_drapoorwaayaa_hh	same
4.1.116	kanyaayaa_hh kaneena cha	same
4.1.117	wikar_nnashu_nggachchhagalaa_dwa_tsabhara_dwaajaa_trixu	same
4.1.118	peelaayaa waa	same
4.1.119	dhak cha ma_nndookaa_t	same
4.1.120	s_treebhyoa dhak	same
4.1.121	_dwyacha_hh	same
4.1.122	_i_tashchaani_yna_hh	same
4.1.123	shubhraa_dibhyashcha	same
4.1.124	wikar_nnakuxee_takaa_t kaashyapaee	same
4.1.125	bhruwoa wuk cha	same
4.1.126	kalyaa_nnyaa_deenaamina_ng	same
4.1.127	kulataayaa waa	same
4.1.128	chatakaayaa _airak	same
4.1.129	goa_dhaayaa dhrak	same
4.1.130	_aaragu_deechaam	same
4.1.131	kxu_draabhyoa waa	same
4.1.132	pi_t_rixwasushchha_nn	same
4.1.133	dhaki loapa_hh	same
4.1.134	maa_t_rixwasushcha	same
4.1.135	cha_tuxpaa_dbhyoa dha_yn	same
4.1.136	g_rixtyaa_dibhyashcha	same
4.1.137	raajashwashuraa_dya_t	same
4.1.138	kxa_traa_dgha_hh	same
4.1.139	kulaa_t kha_hh	same
4.1.140	_apoorwapa_daa_danya_tarasyaa_m yaddhaka_ynou	same
4.1.141	ma_haakulaa_da_ynkha_ynou	same
4.1.142	_duxkulaaddhak	same
4.1.143	swasushchha_hh	same
4.1.144	bhraa_turwyachcha	same
4.1.145	wyan sapa_tnaee	same
4.1.146	raeewa_tyaa_dibhyaxthak	same
4.1.147	goa_tras_triyaa_hh ku_tsanaee _nna cha	same
4.1.148	w_ri_d_dhaatthak souweeraeexu ba_hulam	same
4.1.149	phaeeshchha cha	same
4.1.150	phaa_nntaa_h_ri_timima_taabhyaa_m _nnaphi_ynou	same
4.1.151	kurwaa_dibhyoa _nnya_hh	same
4.1.152	saeenaan_talakxa_nnakaaribhyashcha	same
4.1.153	_u_deechaami_yn	same
4.1.154	_tikaa_dibhya_hh phi_yn	same
4.1.155	kousalyakaarmaaryaabhyaa_m cha	same
4.1.156	_a_nnoa _dwyacha_hh	same
4.1.157	_u_deechaa_m w_ri_d_dhaa_dagoa_traa_t	same
4.1.158	waakinaa_deenaa_m kuk cha	same
4.1.159	pu_traan_taa_danya_tarasyaam	same
4.1.160	praachaamaw_ri_d_dhaa_t phin ba_hulam	same
4.1.161	manoarjaa_taawa_ynya_tou xuk cha	same
4.1.162	_apa_tya_m pou_traprabh_ri_ti goa_tram	same
4.1.163	jeewa_ti _tu wa_mshyaee yuwaa	same
4.1.164	bhraa_tari cha jyaayasi	same
4.1.165	waanyasmin sapi_nndaee s_thawira_taraee jeewa_ti	same
4.1.166	w_ri_d_dhasya cha poojaayaam	same
4.1.167	yoonashcha ku_tsaayaam	same
4.1.168	janapa_dashab_daa_t kxa_triyaa_da_yn	same
4.1.169	saalwaeeyagaan_dhaaribhyaa_m cha	same
4.1.170	_dwya_ynmaga_dhakali_nggasooramasaa_da_nn	same
4.1.171	w_ri_d_dhaee_tkoasalaajaa_daa_yn_ynya_ng	same
4.1.172	kurunaa_dibhyoa _nnya_hh	same
4.1.173	saalwaawayawapra_tyagra_thakalakootaashmakaa_di_yn	same
4.1.174	_taee _ta_draajaa_hh	same
4.1.175	kamboajaalluk	same
4.1.176	s_triyaamawan_tikun_tikurubhyashcha	same
4.1.177	_a_tashcha	same
4.1.178	na praachyabhargaa_diyou_dhaeeyaa_dibhya_hh	same
4.2.1	_taeena rak_ta_m raagaa_t	same
4.2.2	laakxaaroachanaashakalakar_damaatthak	same
4.2.3	nakxa_traee_nna yuk_ta_hh kaala_hh	same
4.2.4	lubawishaeexaee	same
4.2.5	sa_mj_ynaayaa_m shrawa_nnaashwa_t_thaabhyaam	same
4.2.6	_dwan_dwaachchha_hh	same
4.2.7	_d_rixta_m saama	same
4.2.8	kalaeerdhak	same
4.2.9	waama_daeewaaddyaddyou	same
4.2.10	pariw_ri_toa ra_tha_hh	same
4.2.11	paa_nndukambalaa_dini_hh	same
4.2.12	_dwaipawaiyaaghraa_da_yn	same
4.2.13	koumaaraapoorwawachanaee	same
4.2.14	_ta_troa_d_dh_ri_tamama_traeebhya_hh	same
4.2.15	s_tha_nndilaachchhayi_tari wra_taee	same
4.2.16	sa_msk_ri_ta_m bhakxaa_hh	same
4.2.17	shooloakhaa_dya_t	same
4.2.18	_da_dhnaxthak	same
4.2.19	_u_dashwi_toa_3nya_tarasyaam	differs
4.2.20	kxeeraaddha_yn	same
4.2.21	saasmin pour_nnamaasee_ti sa_mj_ynaayaam	same
4.2.22	_aagra_haaya_nnyashwa_t_thaatthak	same
4.2.23	wibhaaxaa phaalguneeshrawa_nnaakaar_t_tikeechai_treebhya_hh	same
4.2.24	saasya _daeewa_taa	same
4.2.25	kasyaee_t	same
4.2.26	shukraa_dghan	same
4.2.27	_apoanap_trapaannap_t_ribhyaa_m gha_hh	same
4.2.28	chha cha	same
4.2.29	ma_haeen_draa_dghaa_nnou cha	same
4.2.30	soamaattya_nn	same
4.2.31	waayw_ri_tupi_truxasoa ya_t	same
4.2.32	_dyaawaap_ri_thiweeshunaaseeramaru_twa_dagneexoamawaas_toaxpa_tig_ri_hamaee_dhaachchha cha	same
4.2.33	_agnaeerdhak	same
4.2.34	kaalaeebhyoa bhawawa_t	same
4.2.35	ma_haaraajaproaxthapa_daattha_yn	same
4.2.36	pi_t_riwyamaa_tulamaa_taama_hapi_taama_haa_hh	same
4.2.37	_tasya samoo_ha_hh	same
4.2.38	bhikxaa_dibhyoa_3_nn	differs
4.2.39	goa_troakxoaxtroarabhraraajaraajanyaraajapu_trawa_tsamanuxyaajaa_dwu_yn	same
4.2.40	kaee_daaraa_dya_yn cha	same
4.2.41	tha_yn kawachinashcha	same
4.2.42	braa_hma_nnamaa_nnawawaadawaa_dyan	same
4.2.43	graamajanaban_dhusa_haayaeebhya_hh _tal	same
4.2.44	_anu_daa_t_taa_daeera_yn	same
4.2.45	kha_nndikaa_dibhyashcha	same
4.2.46	chara_nnaeebhyoa _dharmawa_t	same
4.2.47	_achi_t_ta_has_ti_dhaeenoaxthak	same
4.2.48	kaeeshaashwaabhyaa_m ya_ynchhaawanya_tarasyaam	same
4.2.49	paashaa_dibhyoa ya_hh	same
4.2.50	khalagoara_thaa_t	same
4.2.51	_ini_trakatyachashcha	same
4.2.52	wixayoa _daeeshaee	same
4.2.53	raajanyaa_dibhyoa wu_yn	same
4.2.54	bhourikyaa_dyaixukaaryaa_dibhyoa wi_dhalbhak_talou	same
4.2.55	soa_3syaa_diri_ti chchhan_dasa_hh pragaa_thaeexu	differs
4.2.56	sa_mgraamaee prayoajanayoa_d_dh_ribhya_hh	same
4.2.57	_ta_dasyaa_m pra_hara_nnami_ti kreedaayaam _nna_hh	same
4.2.58	gha_yna_hh saa_3syaa_m kriyaee_ti _yna_hh	differs
4.2.59	_ta_da_dhee_taee _ta_dwaee_da	same
4.2.60	kra_took_thaa_disoo_traan_taatthak	same
4.2.61	kramaa_dibhyoa wun	same
4.2.62	_anubraa_hma_nnaa_dini_hh	same
4.2.63	wasan_taa_dibhyaxthak	same
4.2.64	proak_taalluk	same
4.2.65	soo_traachcha koapa_dhaa_t	same
4.2.66	chhan_doabraa_hma_nnaani cha _ta_dwixayaa_nni	same
4.2.67	_ta_dasminnas_tee_ti _daeeshaee _tannaamni	same
4.2.68	_taeena nirw_ri_t_tam	same
4.2.69	_tasya niwaasa_hh	same
4.2.70	_a_doorabhawashcha	same
4.2.71	_oara_yn	same
4.2.72	ma_toashcha ba_hwaja_nggaa_t	same
4.2.73	ba_hwacha_hh koopaeexu	same
4.2.74	_u_dak cha wipaasha_hh	same
4.2.75	sa_mkalaa_dibhyashcha	same
4.2.76	s_treexu souweerasaalwapraakxu	same
4.2.77	suwaas_twaa_dibhyoa_3_nn	differs
4.2.78	roa_nnee	same
4.2.79	koapa_dhaachcha	same
4.2.80	wu_ynchha_nnkathajilasaeeniradha_yn_nnyayaphakphi_yni_yn_ynyakakthakoa_3ree_ha_nnak_rishaashwarshyakumu_dakaasha_t_ri_nnapraeekxaa_3shmasakhisa_mkaashabalapakxakar_nnasu_ta_mgamapraga_dinwaraa_hakumu_daa_dibhya_hh	differs
4.2.81	janapa_daee lup	same
4.2.82	wara_nnaa_dibhyashcha	same
4.2.83	sharkaraayaa waa	same
4.2.84	thakchhou cha	same
4.2.85	na_dyaa_m ma_tup	same
4.2.86	ma_dhwaa_dibhyashcha	same
4.2.87	kumu_danadawaee_tasaeebhyoa dma_tup	same
4.2.88	nadashaa_daaddwalach	same
4.2.89	shikhaayaa walach	same
4.2.90	_u_tkaraa_dibhyashchha_hh	same
4.2.91	nadaa_deenaa_m kuk cha	same
4.2.92	shaeexaee	same
4.2.93	raaxtraawaarapaaraa_dghakhou	same
4.2.94	graamaa_dyakha_ynou	same
4.2.95	ka_tryaa_dibhyoa dhaka_yn	same
4.2.96	kulakukxigreewaabhya_hh shwaasyala_mkaaraeexu	same
4.2.97	na_dyaa_dibhyoa dhak	same
4.2.98	_dakxi_nnaapashchaa_tpurasas_tyak	same
4.2.99	kaapishyaa_hh xphak	same
4.2.100	ra_mkoaramanuxyaee_3_nn cha	differs
4.2.101	_dyupraagapaagu_dakpra_teechoa ya_t	same
4.2.102	kan_thaayaaxthak	same
4.2.103	war_nnou wuk	same
4.2.104	_awyayaa_t_tyap	same
4.2.105	_aixamoa_hya_hhshwasoa_3nya_tarasyaam	differs
4.2.106	_teeraroopyoa_t_tarapa_daa_da_yn_ynou	same
4.2.107	_dikpoorwapa_daa_dasa_mj_ynaayaa_m _yna_hh	same
4.2.108	ma_draeebhyoa_3_yn	differs
4.2.109	_u_deechyagraamaachcha ba_hwachoa_3n_toa_daa_t_taa_t	differs
4.2.110	pras_thoa_t_tarapa_dapala_dyaa_dikoapa_dhaa_da_nn	same
4.2.111	ka_nnwaa_dibhyoa goa_traee	same
4.2.112	_i_ynashcha	same
4.2.113	na _dwyacha_hh praachyabhara_taeexu	same
4.2.114	w_ri_d_dhaachchha_hh	same
4.2.115	bhawa_taxthakchhasou	same
4.2.116	kaashyaa_dibhyaxtha_yn_ynithou	same
4.2.117	waa_heekagraamaeebhyashcha	same
4.2.118	wibhaaxoasheenaraeexu	same
4.2.119	_oar_daeeshaee tha_yn	same
4.2.120	w_ri_d_dhaa_t praachaam	same
4.2.121	_dhanwayoapa_dhaa_dwu_yn	same
4.2.122	pras_thapurawa_haan_taachcha	same
4.2.123	roapa_dhaee_toa_hh praachaam	same
4.2.124	janapa_da_ta_dawa_dhyoashcha	same
4.2.125	_aw_ri_d_dhaa_dapi ba_huwachanawixayaa_t	same
4.2.126	kachchhaagniwak_trawar_t_toa_t_tarapa_daa_t	same
4.2.127	_dhoomaa_dibhyashcha	same
4.2.128	nagaraa_t ku_tsanapraawee_nnyayoa_hh	same
4.2.129	_ara_nnyaanmanuxyaee	same
4.2.130	wibhaaxaa kuruyugan_dharaabhyaam	same
4.2.131	ma_draw_rijyoa_hh kan	same
4.2.132	koapa_dhaa_da_nn	same
4.2.133	kachchhaa_dibhyashcha	same
4.2.134	manuxya_ta_ts_thayoarwu_yn	same
4.2.135	_apa_daa_tou saalwaa_t	same
4.2.136	goayawaagwoashcha	same
4.2.137	gar_toa_t_tarapa_daachchha_hh	same
4.2.138	ga_haa_dibhyashcha	same
4.2.139	praachaa_m kataa_daee_hh	same
4.2.140	raaj_yna_hh ka cha	same
4.2.141	w_ri_d_dhaa_dakaeekaan_takhoapa_dhaa_t	same
4.2.142	kan_thaapala_danagaragraama_h_ri_doa_t_tarapa_daa_t	same
4.2.143	parwa_taachcha	same
4.2.144	wibhaaxaa_3manuxyaee	differs
4.2.145	k_rika_nnapar_nnaa_dbhaara_dwaajaee	same
4.3.1	yuxma_dasma_doaranya_tarasyaa_m kha_yn cha	same
4.3.2	_tasminna_nni cha yuxmaakaasmaakou	same
4.3.3	_tawakamamakaawaeekawachanaee	same
4.3.4	_ar_dhaa_dya_t	same
4.3.5	paraawaraa_dhamoa_t_tamapoorwaachcha	same
4.3.6	_dikpoorwapa_daattha_yn cha	same
4.3.7	graamajanapa_daika_daeeshaa_da_yntha_ynou	same
4.3.8	ma_dhyaanma_hh	same
4.3.9	_a saampra_tikaee	same
4.3.10	_dweepaa_danusamu_dra_m ya_yn	same
4.3.11	kaalaattha_yn	same
4.3.12	shraa_d_dhaee shara_da_hh	same
4.3.13	wibhaaxaa roagaa_tapayoa_hh	same
4.3.14	nishaapra_doaxaabhyaa_m cha	same
4.3.15	shwasas_tut cha	same
4.3.16	sa_m_dhiwaeelaa_dy_ri_tunakxa_traeebhyoa_3_nn	differs
4.3.17	praaw_rixa _aee_nnya_hh	same
4.3.18	warxaabhyaxthak	same
4.3.19	chhan_dasi tha_yn	same
4.3.20	wasan_taachcha	same
4.3.21	_haeeman_taachcha	same
4.3.22	sarwa_traa_nn cha _taloapashcha	same
4.3.23	saaya_mchirampraa_h_nnaeepragaee_3wyayaeebhyaxtyutyulou _tut cha	differs
4.3.24	wibhaaxaa poorwaa_h_nnaaparaa_h_nnaabhyaam	same
4.3.25	_ta_tra jaa_ta_hh	same
4.3.26	praaw_rixaxthap	same
4.3.27	sa_mj_ynaayaa_m shara_doa wu_yn	same
4.3.28	poorwaa_h_nnaaparaa_h_nnaar_draamoolapra_doaxaawaskaraa_dwun	same
4.3.29	pa_tha_hh pan_tha cha	same
4.3.30	_amaawaasyaayaa waa	same
4.3.31	_a cha	same
4.3.32	sin_dhwapakaraabhyaa_m kan	same
4.3.33	_a_nna_ynou cha	same
4.3.34	shrawixthaaphalgunyanuraa_dhaaswaa_ti_tixyapunarwasu_has_tawishaakhaaxaadhaaba_hulaalluk	same
4.3.35	s_thaanaan_tagoashaalakharashaalaachcha	same
4.3.36	wa_tsashaalaabhiji_dashwayukchha_tabhixajoa waa	same
4.3.37	nakxa_traeebhyoa ba_hulam	same
4.3.38	k_ri_talab_dhakree_takushalaa_hh	same
4.3.39	praayabhawa_hh	same
4.3.40	_upajaanoopakar_nnoapaneewaeexthak	same
4.3.41	sa_mbhoo_taee	same
4.3.42	koashaaddha_yn	same
4.3.43	kaalaa_t saa_dhupuxpya_tpachyamaanaeexu	same
4.3.44	_up_taee cha	same
4.3.45	_aashwayujyaa wu_yn	same
4.3.46	greexmawasan_taa_danya_tarasyaam	same
4.3.47	_daeeyam_ri_nnaee	same
4.3.48	kalaapyashwa_t_thayawabusaa_dwun	same
4.3.49	greexmaawarasamaa_dwu_yn	same
4.3.50	sa_mwa_tsaraagra_haaya_nneebhyaa_m tha_yn cha	same
4.3.51	wyaa_hara_ti m_riga_hh	same
4.3.52	_ta_dasya soadham	same
4.3.53	_ta_tra bhawa_hh	same
4.3.54	_digaa_dibhyoa ya_t	same
4.3.55	shareeraawayawaachcha	same
4.3.56	_d_ri_tikukxikalashiwas_tyas_tya_haeerdha_yn	same
4.3.57	greewaabhyoa_3_nn cha	differs
4.3.58	gambheeraa_yn_ynya_hh	same
4.3.59	_awyayeebhaawaachcha	same
4.3.60	_an_ta_hhpoorwapa_daattha_yn	same
4.3.61	graamaa_t paryanupoorwaa_t	same
4.3.62	ji_hwaamoolaa_nggulaeeshchha_hh	same
4.3.63	wargaan_taachcha	same
4.3.64	_ashab_daee ya_tkhaawanya_tarasyaam	same
4.3.65	kar_nnalalaataa_t kanala_mkaaraee	same
4.3.66	_tasya wyaakhyaana _i_ti cha wyaakhyaa_tawyanaamna_hh	same
4.3.67	ba_hwachoa_3n_toa_daa_t_taattha_yn	differs
4.3.68	kra_tuyaj_ynaeebhyashcha	same
4.3.69	_a_dhyaayaeexwaeewarxaee_hh	same
4.3.70	pouroadaashapuroadaashaa_t xthan	same
4.3.71	chhan_dasoa ya_da_nnou	same
4.3.72	_dwyaj_ri_dbraa_hma_nnarkpra_thamaa_dhwarapurashchara_nnanaamaakhyaa_taatthak	same
4.3.73	_a_nn_rigayanaa_dibhya_hh	same
4.3.74	_ta_ta _aaga_ta_hh	same
4.3.75	thagaayas_thaanaeebhya_hh	same
4.3.76	shu_nndikaa_dibhyoa_3_nn	differs
4.3.77	wi_dyaayoanisa_mban_dhaeebhyoa wu_yn	same
4.3.78	_ri_taxtha_yn	same
4.3.79	pi_turyachcha	same
4.3.80	goa_traa_da_ngkawa_t	same
4.3.81	_haee_tumanuxyaeebhyoa_3nya_tarasyaa_m roopya_hh	differs
4.3.82	mayat cha	same
4.3.83	prabhawa_ti	same
4.3.84	wi_dooraa_yn_ynya_hh	same
4.3.85	_ta_dgachchha_ti pa_thi_doo_tayoa_hh	same
4.3.86	_abhinixkraama_ti _dwaaram	same
4.3.87	_a_dhik_ri_tya k_ri_taee gran_thaee	same
4.3.88	shishukran_dayamasabha_dwan_dwaeen_drajananaa_dibhyashchha_hh	same
4.3.89	soa_3sya niwaasa_hh	differs
4.3.90	_abhijanashcha	same
4.3.91	_aayu_dhajeewibhyashchha_hh parwa_taee	same
4.3.92	sha_nndikaa_dibhyoa _ynya_hh	same
4.3.93	sin_dhu_takxashilaa_dibhyoa_3_nna_ynou	differs
4.3.94	_too_deeshalaa_turawarma_teekoochawaaraaddhakchha_nndha_ynyaka_hh	same
4.3.95	bhak_ti_hh	same
4.3.96	_achi_t_taa_da_daeeshakaalaatthak	same
4.3.97	ma_haaraajaattha_yn	same
4.3.98	waasu_daeewaarjunaabhyaa_m wun	same
4.3.99	goa_trakxa_triyaakhyaeebhyoa ba_hula_m wu_yn	same
4.3.100	janapa_dinaa_m janapa_dawa_t sarwa_m janapa_daeena samaanashab_daanaa_m ba_huwachanaee	same
4.3.101	_taeena proak_tam	same
4.3.102	_ti_t_tiriwara_tan_tukha_nndikoakhaachchha_nn	same
4.3.103	kaashyapakoushikaabhyaam_rixibhyaa_m _nnini_hh	same
4.3.104	kalaapiwaishampaayanaan_taeewaasibhyashcha	same
4.3.105	puraa_nnaproak_taeexu braa_hma_nnakalpaeexu	same
4.3.106	shounakaa_dibhyashchhan_dasi	same
4.3.107	kathacharakaalluk	same
4.3.108	kalaapinoa_3_nn	differs
4.3.109	chhagalinoa dhinuk	same
4.3.110	paaraasharyashilaalibhyaa_m bhikxunatasoo_trayoa_hh	same
4.3.111	karman_dak_rishaashwaa_dini_hh	same
4.3.112	_taeenaika_dik	same
4.3.113	_tasishcha	same
4.3.114	_urasoa yachcha	same
4.3.115	_upaj_ynaa_taee	same
4.3.116	k_ri_taee gran_thaee	same
4.3.117	sa_mj_ynaayaam	same
4.3.118	kulaalaa_dibhyoa wu_yn	same
4.3.119	kxu_draabhramarawatarapaa_dapaa_da_yn	same
4.3.120	_tasyaee_dam	same
4.3.121	ra_thaa_dya_t	same
4.3.122	pa_trapoorwaa_da_yn	same
4.3.123	pa_traa_dhwaryuparixa_dashcha	same
4.3.124	_halaseeraatthak	same
4.3.125	_dwan_dwaa_dwun wairamai_thunikayoa_hh	same
4.3.126	goa_trachara_nnaa_dwu_yn	same
4.3.127	sa_mghaa_ngkalakxa_nnaeexwa_ynya_yni_ynaama_nn	same
4.3.128	shaakalaa_dwaa	same
4.3.129	chhan_doagouk_thikayaaj_ynikaba_hw_richanataa_yn_ynya_hh	same
4.3.130	na _da_nndamaa_nnawaan_taeewaasixu	same
4.3.131	raiwa_tikaa_dibhyashchha_hh	same
4.3.132	koupi_ynjala_haas_tipa_daa_da_nn	same
4.3.133	_aa_tharwa_nnikasyaeekaloapashcha	same
4.3.134	_tasya wikaara_hh	same
4.3.135	_awayawaee cha praa_nnyoaxa_dhiw_rikxaeebhya_hh	same
4.3.136	bilwaa_dibhyoa_3_nn	differs
4.3.137	koapa_dhaachcha	same
4.3.138	_trapuja_tunoa_hh xuk	same
4.3.139	_oara_yn	same
4.3.140	_anu_daa_t_taa_daeeshcha	same
4.3.141	palaashaa_dibhyoa waa	same
4.3.142	shamyaaxtla_yn	same
4.3.143	mayadwai_tayoarbhaaxaayaamabhakxyaachchhaa_danayoa_hh	same
4.3.144	ni_tya_m w_ri_d_dhasharaa_dibhya_hh	same
4.3.145	goashcha pureexaee	same
4.3.146	pixtaachcha	same
4.3.147	sa_mj_ynaayaa_m kan	same
4.3.148	wree_haee_hh puroadaashaee	same
4.3.149	_asa_mj_ynaayaa_m _tilayawaabhyaam	same
4.3.150	_dwyachashchhan_dasi	same
4.3.151	noa_twa_dwar_dhrabilwaa_t	same
4.3.152	_taalaa_dibhyoa_3_nn	differs
4.3.153	jaa_taroopaeebhya_hh parimaa_nnaee	same
4.3.154	praa_nniraja_taa_dibhyoa_3_yn	differs
4.3.155	_yni_tashcha _ta_tpra_tyayaa_t	same
4.3.156	kree_tawa_t parimaa_nnaa_t	same
4.3.157	_uxtraa_dwu_yn	same
4.3.158	_umoar_nnayoarwaa	same
4.3.159	_aee_nnyaa dha_yn	same
4.3.160	goapayasoarya_t	same
4.3.161	_droashcha	same
4.3.162	maanaee waya_hh	same
4.3.163	phalaee luk	same
4.3.164	plakxaa_dibhyoa_3_nn	differs
4.3.165	jambwaa waa	same
4.3.166	lup cha	same
4.3.167	_haree_takyaa_dibhyashcha	same
4.3.168	ka_mseeyaparashawyayoarya_yna_ynou luk cha	same
4.4.1	praagwa_ha_taeexthak	same
4.4.2	_taeena _deewya_ti khana_ti jaya_ti ji_tam	same
4.4.3	sa_msk_ri_tam	same
4.4.4	kula_t_thakoapa_dhaa_da_nn	same
4.4.5	_tara_ti	same
4.4.6	goapuchchhaattha_yn	same
4.4.7	nou_dwyachaxthan	same
4.4.8	chara_ti	same
4.4.9	_aakarxaa_t xthal	same
4.4.10	parpaa_dibhya_hh xthan	same
4.4.11	shwaga_nnaattha_yncha	same
4.4.12	waee_tanaa_dibhyoa jeewa_ti	same
4.4.13	wasnakrayawikrayaatthan	same
4.4.14	_aayu_dhaachchha cha	same
4.4.15	_hara_tyu_tsa_nggaa_dibhya_hh	same
4.4.16	bhas_traa_dibhya_hh xthan	same
4.4.17	wibhaaxaa wiwa_dhaweewa_dhaa_t	same
4.4.18	_a_nn kutilikaayaa_hh	same
4.4.19	nirw_ri_t_taee_3kxa_dyoo_taa_dibhya_hh	differs
4.4.20	k_traeermam ni_tyam	same
4.4.21	_apami_tyayaachi_taabhyaa_m kakkanou	same
4.4.22	sa_ms_rixtaee	same
4.4.23	choor_nnaa_dini_hh	same
4.4.24	lawa_nnaalluk	same
4.4.25	mu_dgaa_da_nn	same
4.4.26	wya_ynjanairupasik_taee	same
4.4.27	_oajassa_hoa_3mbhasaa war_ta_taee	differs
4.4.28	_ta_t pra_tyanupoorwameepaloamakoolam	same
4.4.29	parimukha_m cha	same
4.4.30	prayachchha_ti gar_hyam	same
4.4.31	kusee_da_dashaikaa_dashaa_t xthanxthachou	same
4.4.32	_u_ynchha_ti	same
4.4.33	rakxa_ti	same
4.4.34	shab_da_dar_dura_m karoa_ti	same
4.4.35	pakxima_tsyam_rigaan _han_ti	same
4.4.36	paripan_tha_m cha _tixtha_ti	same
4.4.37	maa_thoa_t_tarapa_dapa_dawyanupa_da_m _dhaawa_ti	same
4.4.38	_aakran_daattha_yncha	same
4.4.39	pa_doa_t_tarapa_da_m g_ri_h_nnaa_ti	same
4.4.40	pra_tika_nnthaar_thalalaama_m cha	same
4.4.41	_dharma_m chara_ti	same
4.4.42	pra_tipa_thamaee_ti tha_mshcha	same
4.4.43	samawaayaan samawai_ti	same
4.4.44	parixa_doa _nnya_hh	same
4.4.45	saeenaayaa waa	same
4.4.46	sa_mj_ynaayaa_m lalaatakukkutyou pashya_ti	same
4.4.47	_tasya _dharmyam	same
4.4.48	_a_nn ma_hixyaa_dibhya_hh	same
4.4.49	_ri_toa_3_yn	differs
4.4.50	_awakraya_hh	same
4.4.51	_ta_dasya pa_nnyam	same
4.4.52	lawa_nnaattha_yn	same
4.4.53	kisharaa_dibhya_hh xthan	same
4.4.54	shalaalunoa_3nya_tarasyaam	differs
4.4.55	shilpam	same
4.4.56	maddukajharjharaa_da_nnanya_tarasyaam	same
4.4.57	pra_hara_nnam	same
4.4.58	parashwa_dhaattha_yncha	same
4.4.59	shak_tiyaxtyoareekak	same
4.4.60	_as_tinaas_ti_dixta_m ma_ti_hh	same
4.4.61	sheelam	same
4.4.62	chha_traa_dibhyoa _nna_hh	same
4.4.63	karmaa_dhyayanaee w_ri_t_tam	same
4.4.64	ba_hwachpoorwapa_daatthach	same
4.4.65	_hi_ta_m bhakxaa_hh	same
4.4.66	_ta_dasmai _deeya_taee niyuk_tam	same
4.4.67	shraa_nnaamaa_msou_danaattithan	same
4.4.68	bhak_taa_da_nnanya_tarasyaam	same
4.4.69	_ta_tra niyuk_ta_hh	same
4.4.70	_agaaraan_taatthan	same
4.4.71	_a_dhyaayinya_daeeshakaalaa_t	same
4.4.72	kathinaan_tapras_taarasa_ms_thaanaeexu wyawa_hara_ti	same
4.4.73	nikataee wasa_ti	same
4.4.74	_aawasa_thaa_t xthal	same
4.4.75	praagghi_taa_dya_t	same
4.4.76	_ta_dwa_ha_ti ra_thayugapraasa_nggam	same
4.4.77	_dhuroa yaddhakou	same
4.4.78	kha_hh sarwa_dhuraa_t	same
4.4.79	_aeeka_dhuraalluk cha	same
4.4.80	shakataa_da_nn	same
4.4.81	_halaseeraatthak	same
4.4.82	sa_mj_ynaayaa_m janyaa_hh	same
4.4.83	wi_dhya_tya_dhanuxaa	same
4.4.84	_dhanaga_nna_m lab_dhaa	same
4.4.85	_annaa_nn_nna_hh	same
4.4.86	washa_m ga_ta_hh	same
4.4.87	pa_damasmin _d_rishyam	same
4.4.88	moolamasyaabar_hi	same
4.4.89	sa_mj_ynaayaa_m _dhaeenuxyaa	same
4.4.90	g_ri_hapa_tinaa sa_myuk_taee _ynya_hh	same
4.4.91	nouwayoa_dharmawixamoolamoolasee_taa_tulaabhyas_taarya_tulyapraapyawa_dhyaanaamyasamasami_tasammi_taeexu	same
4.4.92	_dharmapa_thyar_thanyaayaa_danapaee_taee	same
4.4.93	chhan_dasoa nirmi_taee	same
4.4.94	_urasoa_3_nn cha	differs
4.4.95	_h_ri_dayasya priya_hh	same
4.4.96	ban_dhanaee charxou	same
4.4.97	ma_tajana_halaa_t kara_nnajalpakarxaeexu	same
4.4.98	_ta_tra saa_dhu_hh	same
4.4.99	pra_tijanaa_dibhya_hh kha_yn	same
4.4.100	bhak_taa_nn_nna_hh	same
4.4.101	parixa_doa _nnya_hh	same
4.4.102	ka_thaa_dibhyaxthak	same
4.4.103	gudaa_dibhyaxtha_yn	same
4.4.104	pa_thya_ti_thiwasa_tiswapa_taeerdha_yn	same
4.4.105	sabhaayaa ya_hh	same
4.4.106	dhashchhan_dasi	same
4.4.107	samaana_teer_thaee waasee	same
4.4.108	samaanoa_daraee shayi_ta _oa choa_daa_t_ta_hh	same
4.4.109	soa_daraa_dya_hh	same
4.4.110	bhawaee chhan_dasi	same
4.4.111	paa_thoana_deebhyaa_m dya_nn	same
4.4.112	waeeshan_ta_himawa_dbhyaama_nn	same
4.4.113	sroa_tasoa wibhaaxaa dyaddyou	same
4.4.114	sagarbhasayoo_thasanu_taa_dyan	same
4.4.115	_tugraa_dghan	same
4.4.116	_agraa_dya_t	same
4.4.117	ghachchhou cha	same
4.4.118	samu_draabhraa_dgha_hh	same
4.4.119	bar_hixi _da_t_tam	same
4.4.120	_doo_tasya bhaagakarma_nnee	same
4.4.121	rakxoayaa_toonaa_m _hananee	same
4.4.122	raeewa_teejaga_tee_hawixyaabhya_hh prashasyaee	same
4.4.123	_asurasya swam	same
4.4.124	maayaayaama_nn	same
4.4.125	_ta_dwaanaasaamupa_dhaanoa man_tra _i_teextakaasu luk cha ma_toa_hh	same
4.4.126	_ashwimaana_nn	same
4.4.127	wayasyaasu moor_dhnoa ma_tup	same
4.4.128	ma_twar_thaee maasa_tanwoa_hh	same
4.4.129	ma_dhoar_yna cha	same
4.4.130	_oajasoa_3_hani ya_tkhou	differs
4.4.131	waeeshoayasha_aa_daeerbhagaa_dyal	same
4.4.132	kha cha	same
4.4.133	poorwai_hh k_ri_taminayou cha	same
4.4.134	_a_dbhi_hh sa_msk_ri_tam	same
4.4.135	sa_hasraee_nna sa_mmi_tou gha_hh	same
4.4.136	ma_tou cha	same
4.4.137	soamamar_ha_ti ya_hh	same
4.4.138	mayaee cha	same
4.4.139	ma_dhoa_hh	same
4.4.140	wasoa_hh samoo_haee cha	same
4.4.141	nakxa_traa_dgha_hh	same
4.4.142	sarwa_daeewaa_t _taa_til	same
4.4.143	shiwashamarixtasya karaee	same
4.4.144	bhaawaee cha	same
5.1.1	praak kree_taachchha_hh	same
5.1.2	_ugawaa_dibhyoa ya_t	same
5.1.3	kambalaachcha sa_mj_ynaayaam	same
5.1.4	wibhaaxaa _hawirapoopaa_dibhya_hh	same
5.1.5	_tasmai _hi_tam	same
5.1.6	shareeraawayawaa_dya_t	same
5.1.7	khalayawamaaxa_tilaw_rixabra_hma_nnashcha	same
5.1.8	_ajaawibhyaa_m _thyan	same
5.1.9	_aa_tmanwishwajanabhoagoa_t_tarapa_daa_t kha_hh	same
5.1.10	sarwapuruxaabhyaa_m _nnadha_ynou	same
5.1.11	maa_nnawacharakaabhyaa_m kha_yn	same
5.1.12	_ta_dar_tha_m wik_ri_taee_hh prak_ri_tou	same
5.1.13	chha_dirupa_dhibalaeerdha_yn	same
5.1.14	_rixabhoapaana_hoar_ynya_hh	same
5.1.15	charma_nnoa_3_yn	differs
5.1.16	_ta_dasya _ta_dasmin syaa_di_ti	same
5.1.17	parikhaayaa dha_yn	same
5.1.18	praagwa_taeextha_yn	same
5.1.19	_aar_haa_dagoapuchchhasa_mkhyaaparimaa_nnaatthak	same
5.1.20	_asamaasaee nixkaa_dibhya_hh	same
5.1.21	sha_taachcha thanya_taawasha_taee	same
5.1.22	sa_mkhyaayaa _a_tisha_dan_taayaa_hh kan	same
5.1.23	wa_toaridwaa	same
5.1.24	wi_msha_ti_tri_msha_dbhyaa_m dwunnasa_mj_ynaayaam	same
5.1.25	ka_msaattithan	same
5.1.26	shoorpaa_da_ynanya_tarasyaam	same
5.1.27	sha_tamaanawi_msha_tikasa_hasrawasanaa_da_nn	same
5.1.28	_a_dhyar_dhapoorwa_dwigoarlugasa_mj_ynaayaam	same
5.1.29	wibhaaxaa kaarxaapa_nnasa_hasraabhyaam	same
5.1.30	_dwi_tripoorwaannixkaa_t	same
5.1.31	bis_taachcha	same
5.1.32	wi_msha_tikaa_t kha_hh	same
5.1.33	khaaryaa _eekan	same
5.1.34	pa_nnapaa_damaaxasha_taa_dya_t	same
5.1.35	shaa_nnaa_dwaa	same
5.1.36	_dwi_tripoorwaa_da_nn cha	same
5.1.37	_taeena kree_tam	same
5.1.38	_tasya nimi_t_ta_m sa_myoagoa_tpaa_tou	same
5.1.39	goa_dwyachoa_3sa_mkhyaaparimaa_nnaashwaa_daeerya_t	differs
5.1.40	pu_traachchha cha	same
5.1.41	sarwabhoomip_ri_thiweebhyaama_nna_ynou	same
5.1.42	_tasyaeeshwara_hh	same
5.1.43	_ta_tra wi_di_ta _i_ti cha	same
5.1.44	loakasarwaloakaattha_yn	same
5.1.45	_tasya waapa_hh	same
5.1.46	paa_traa_t xthan	same
5.1.47	_ta_dasmin w_ri_d_dhyaayalaabhashulkoapa_daa _deeya_taee	same
5.1.48	poora_nnaar_dhaatthan	same
5.1.49	bhaagaa_dyachcha	same
5.1.50	_ta_d_dhara_ti wa_ha_tyaawa_ha_ti bhaaraa_dwa_mshaa_dibhya_hh	same
5.1.51	wasna_drawyaabhyaa_m thankanou	same
5.1.52	sambhawa_tyawa_hara_ti pacha_ti	same
5.1.53	_aadhakaachi_tapaa_traa_t khoa_3nya_tarasyaam	differs
5.1.54	_dwigoa_hh xtha_mshcha	same
5.1.55	kulijaallukkhou cha	same
5.1.56	soa_3syaa_mshawasnabh_ri_taya_hh	differs
5.1.57	_ta_dasya parimaa_nnam	same
5.1.58	sa_mkhyaayaa_hh sa_mj_ynaasa_mghasoo_traa_dhyayanaeexu	same
5.1.59	pa_ngk_tiwi_msha_ti_tri_msha_tcha_twaari_msha_tpa_ynchaasha_txaxtisap_ta_tyashee_tinawa_tisha_tam	same
5.1.60	pa_yncha_d_dasha_tou wargaee waa	same
5.1.61	sap_tanoa_3_yn chhan_dasi	differs
5.1.62	_tri_mshachcha_twaari_msha_toarbraa_hma_nnaee sa_mj_ynaayaa_m da_nn	same
5.1.63	_ta_d _ar_ha_ti	same
5.1.64	chhaee_daa_dibhyoa ni_tyam	same
5.1.65	sheerxachchhaee_daa_dyachcha	same
5.1.66	_da_nndaa_dibhya_hh	same
5.1.67	chhan_dasi cha	same
5.1.68	paa_traa_dgha_mshcha	same
5.1.69	kada_ngkara_dakxi_nnaachchha cha	same
5.1.70	s_thaaleebilaa_t	same
5.1.71	yaj_ynar_twigbhyaa_m ghakha_ynou	same
5.1.72	paaraaya_nna_turaaya_nnachaan_draaya_nna_m war_taya_ti	same
5.1.73	sa_mshayamaapanna_hh	same
5.1.74	yoajana_m gachchha_ti	same
5.1.75	pa_tha_hh xkan	same
5.1.76	pan_thoa _nna ni_tyam	same
5.1.77	_u_t_tarapa_thaeenaa_h_ri_ta_m cha	same
5.1.78	kaalaa_t	same
5.1.79	_taeena nirw_ri_t_tam	same
5.1.80	_tama_dheextoa bh_ri_toa bhoo_toa bhaawee	same
5.1.81	maasaa_dwayasi ya_tkha_ynou	same
5.1.82	_dwigoaryap	same
5.1.83	xa_nnmaasaa_nn_nnyachcha	same
5.1.84	_awayasi tha_mshcha	same
5.1.85	samaayaa_hh kha_hh	same
5.1.86	_dwigoarwaa	same
5.1.87	raa_trya_hassa_mwa_tsaraachcha	same
5.1.88	warxaalluk cha	same
5.1.89	chi_t_tawa_ti ni_tyam	same
5.1.90	xaxtikaa_hh xaxtiraa_traee_nna pachyan_taee	same
5.1.91	wa_tsaraan_taachchhashchhan_dasi	same
5.1.92	samparipoorwaa_t kha cha	same
5.1.93	_taeena parijayyalabhyakaaryasukaram	same
5.1.94	_ta_dasya bra_hmacharyam	same
5.1.95	_tasya cha _dakxi_nnaa yaj_ynaakhyaeebhya_hh	same
5.1.96	_ta_tra cha _deeya_taee kaarya_m bhawawa_t	same
5.1.97	wyuxtaa_dibhyoa_3_nn	differs
5.1.98	_taeena ya_thaaka_thaacha_has_taabhyaa_m _nnaya_tou	same
5.1.99	sampaa_dini	same
5.1.100	karmawaeexaa_dya_t	same
5.1.101	_tasmai prabhawa_ti sa_m_taapaa_dibhya_hh	same
5.1.102	yoagaa_dyachcha	same
5.1.103	karma_nna _uka_yn	same
5.1.104	samayas_ta_dasya praap_tam	same
5.1.105	_ri_toara_nn	same
5.1.106	chhan_dasi ghas	same
5.1.107	kaalaa_dya_t	same
5.1.108	prak_rixtaee tha_yn	same
5.1.109	prayoajanam	same
5.1.110	wishaakhaaxaadhaa_da_nn man_tha_da_nndayoa_hh	same
5.1.111	_anuprawachanaa_dibhyashchha_hh	same
5.1.112	samaapanaa_t sapoorwapa_daa_t	same
5.1.113	_aikaagaarikat chouraee	same
5.1.114	_aakaalikadaa_dyan_tawachanaee	same
5.1.115	_taeena _tulya_m kriyaa chaee_dwa_ti_hh	same
5.1.116	_ta_tra _tasyaeewa	same
5.1.117	_ta_dar_ham	same
5.1.118	_upasargaachchhan_dasi _dhaa_twar_thaee	same
5.1.119	_tasya bhaawas_twa_talou	same
5.1.120	_aa cha _twaa_t	same
5.1.121	na na_ynpoorwaa_t_ta_tpuruxaa_dacha_turasa_mga_talawa_nnawatayu_dhaka_tarasalasaeebhya_hh	same
5.1.122	p_ri_thwaa_dibhya _imanijwaa	same
5.1.123	war_nna_d_ridhaa_dibhya_hh xya_yn cha	same
5.1.124	gu_nnawachanabraa_hma_nnaa_dibhya_hh karma_nni cha	same
5.1.125	s_taeenaa_dyannaloapashcha	same
5.1.126	sakhyurya_hh	same
5.1.127	kapij_ynaa_tyoardhak	same
5.1.128	pa_tyan_tapuroa_hi_taa_dibhyoa yak	same
5.1.129	praa_nnabh_rijjaa_tiwayoawachanoa_dgaa_traa_dibhyoa_3_yn	differs
5.1.130	_haayanaan_tayuwaa_dibhyoa_3_nn	differs
5.1.131	_igan_taachcha laghupoorwaa_t	same
5.1.132	yoapa_dhaa_dguroopoa_t_tamaa_dwu_yn	same
5.1.133	_dwan_dwamanoaj_ynaa_dibhyashcha	same
5.1.134	goa_trachara_nnaachshlaaghaa_tyaakaara_ta_dawaee_taeexu	same
5.1.135	_hoa_traabhyashchha_hh	same
5.1.136	bra_hma_nnas_twa_hh	same
5.2.1	_dhaanyaanaa_m bhawanaee kxaee_traee kha_yn	same
5.2.2	wree_hishaalyoardhak	same
5.2.3	yawayawakaxaxtikaa_dya_t	same
5.2.4	wibhaaxaa _tilamaaxoamaabha_nggaa_3_nnubhya_hh	differs
5.2.5	sarwacharma_nna_hh k_ri_ta_hh khakha_ynou	same
5.2.6	ya_thaamukhasa_mmukhasya _darshana_hh kha_hh	same
5.2.7	_ta_tsarwaa_daee_hh pa_thya_nggakarmapa_trapaa_tra_m wyaapnoa_ti	same
5.2.8	_aaprapa_da_m praapnoa_ti	same
5.2.9	_anupa_dasarwaannaayaanaya_m ba_d_dhaabhakxaya_tinaeeyaeexu	same
5.2.10	paroawaraparamparapu_trapou_tramanubhawa_ti	same
5.2.11	_awaarapaaraa_tyan_taanukaama_m gaamee	same
5.2.12	samaa_msamaa_m wijaaya_taee	same
5.2.13	_a_dyashweenaa_3waxtab_dhaee	differs
5.2.14	_aagaweena_hh	same
5.2.15	_anugwala_mgaamee	same
5.2.16	_a_dhwanoa ya_tkhou	same
5.2.17	_abhyami_traachchha cha	same
5.2.18	goaxthaa_t kha_yn bhoo_tapoorwaee	same
5.2.19	_ashwasyaikaa_hagama_hh	same
5.2.20	shaaleenakoupeenaee _a_dh_rixtaakaaryayoa_hh	same
5.2.21	wraa_taeena jeewa_ti	same
5.2.22	saap_tapa_deena_m sakhyam	same
5.2.23	_haiya_mgaweena_m sa_mj_ynaayaam	same
5.2.24	_tasya paakamoolaee peelwaa_dikar_nnaa_dibhya_hh ku_nnabjaa_hachou	same
5.2.25	pakxaa_t_ti_hh	same
5.2.26	_taeena wi_t_tashchu_ynchupcha_nnapou	same
5.2.27	wina_ynbhyaa_m naanaa_ynou nasa_ha	same
5.2.28	waee_hh shaalachchha_ngkatachou	same
5.2.29	samproa_dashcha katach	same
5.2.30	_awaa_t kutaarachcha	same
5.2.31	na_taee naasikaayaa_hh sa_mj_ynaayaa_m teeta_ynnaatajbhratacha_hh	same
5.2.32	naeerbidajbireesachou	same
5.2.33	_inachpitachchikachi cha	same
5.2.34	_upaa_dhibhyaa_m _tyakannaasannaaroodhayoa_hh	same
5.2.35	karma_nni ghatoa_3thach	differs
5.2.36	_ta_dasya sa_mjaa_ta_m _taarakaa_dibhya _i_tach	same
5.2.37	pramaa_nnaee _dwayasaj_daghna_ynmaa_tracha_hh	same
5.2.38	puruxa_has_tibhyaama_nn cha	same
5.2.39	ya_d_ta_daee_taeebhya_hh parimaa_nnaee wa_tup	same
5.2.40	kimi_da_mbhyaa_m woa gha_hh	same
5.2.41	kima_hh sa_mkhyaaparimaa_nnaee da_ti cha	same
5.2.42	sa_mkhyaayaa _awayawaee _tayap	same
5.2.43	_dwi_tribhyaa_m _tayasyaayajwaa	same
5.2.44	_ubhaa_du_daa_t_toa ni_tyam	same
5.2.45	_ta_dasminna_dhikami_ti _dashaan_taadda_hh	same
5.2.46	sha_dan_tawi_msha_taeeshcha	same
5.2.47	sa_mkhyaayaa gu_nnasya nimaanaee mayat	same
5.2.48	_tasya poora_nnaee dat	same
5.2.49	naan_taa_dasa_mkhyaa_daeermat	same
5.2.50	_that chachchhan_dasi	same
5.2.51	xatka_tika_tipayacha_turaa_m _thuk	same
5.2.52	ba_hupoogaga_nnasa_mghasya _ti_thuk	same
5.2.53	wa_toari_thuk	same
5.2.54	_dwaees_teeya_hh	same
5.2.55	_traee_hh samprasaara_nna_m cha	same
5.2.56	wi_msha_tyaa_dibhyas_tamadanya_tarasyaam	same
5.2.57	ni_tya_m sha_taa_dimaasaar_dhamaasasa_mwa_tsaraachcha	same
5.2.58	xaxtyaa_daeeshchaasa_mkhyaa_daee_hh	same
5.2.59	ma_tou chha_hh sook_tasaamnoa_hh	same
5.2.60	_a_dhyaayaanuwaakayoarluk	same
5.2.61	wimuk_taa_dibhyoa_3_nn	differs
5.2.62	goaxa_daa_dibhyoa wun	same
5.2.63	_ta_tra kushala_hh pa_tha_hh	same
5.2.64	_aakarxaa_dibhya_hh kan	same
5.2.65	_dhana_hira_nnyaa_t kaamaee	same
5.2.66	swaa_nggaeebhya_hh prasi_taee	same
5.2.67	_u_daraatthagaa_dyoonaee	same
5.2.68	sasyaeena parijaa_ta_hh	same
5.2.69	_a_msha_m _haaree	same
5.2.70	_tan_traa_dachiraapa_h_ri_taee	same
5.2.71	braa_hma_nnakoax_nnikaee sa_mj_ynaayaam	same
5.2.72	shee_toax_nnaabhyaa_m kaari_nni	same
5.2.73	_a_dhikam	same
5.2.74	_anukaabhikaabheeka_hh kami_taa	same
5.2.75	paarshwaeenaanwichchha_ti	same
5.2.76	_aya_hhshoola_da_nndaajinaabhyaa_m thaktha_ynou	same
5.2.77	_taawa_ti_tha_m gra_ha_nnami_ti lugwaa	same
5.2.78	sa _aeexaa_m graama_nnee_hh	same
5.2.79	sh_ri_ngkhalamasya ban_dhana_m karabhaee	same
5.2.80	_u_tka _unmanaa_hh	same
5.2.81	kaalaprayoajanaa_droagaee	same
5.2.82	_ta_dasminnanna_m praayaee sa_mj_ynaayaam	same
5.2.83	kulmaaxaa_da_yn	same
5.2.84	shroa_triya_mshchhan_doa_3_dhee_taee	differs
5.2.85	shraa_d_dhamanaeena bhuk_taminithanou	same
5.2.86	poorwaa_dini_hh	same
5.2.87	sapoorwaachcha	same
5.2.88	_ixtaa_dibhyashcha	same
5.2.89	chhan_dasi paripan_thiparipari_nnou paryawas_thaa_tari	same
5.2.90	_anupa_dyanwaeextaa	same
5.2.91	saakxaa_d_draxtari sa_mj_ynaayaam	same
5.2.92	kxaee_triyach parakxaee_traee chiki_tsya_hh	same
5.2.93	_in_driyamin_drali_mgamin_dra_d_rixtamin_dras_rixtamin_drajuxtamin_dra_da_t_tami_ti waa	same
5.2.94	_ta_dasyaas_tyasminni_ti ma_tup	same
5.2.95	rasaa_dibhyashcha	same
5.2.96	praa_nnis_thaa_daa_toa lajanya_tarasyaam	same
5.2.97	si_dhmaa_dibhyashcha	same
5.2.98	wa_tsaa_msaabhyaa_m kaamabalaee	same
5.2.99	phaeenaa_dilach cha	same
5.2.100	loamaa_dipaamaa_dipichchhaa_dibhya_hh shanaeelacha_hh	same
5.2.101	praj_ynaashra_d_dhaarchaabhyoa _nna_hh	same
5.2.102	_tapa_hhsa_hasraabhyaa_m wineenee	same
5.2.103	_a_nn cha	same
5.2.104	sika_taasharkaraabhyaa_m cha	same
5.2.105	_daeeshaee lubilachou cha	same
5.2.106	_dan_ta _unna_ta _urach	same
5.2.107	_ooxasuximuxkama_dhoa ra_hh	same
5.2.108	_dyu_drubhyaa_m ma_hh	same
5.2.109	kaeeshaa_dwoa_3nya_tarasyaam	differs
5.2.110	gaa_nndyajagaa_t sa_mj_ynaayaam	same
5.2.111	kaa_nndaa_nndaa_deeranneerachou	same
5.2.112	raja_hhk_rixyaasu_tiparixa_doa walach	same
5.2.113	_dan_tashikhaa_t sa_mj_ynaayaam	same
5.2.114	jyoa_tsnaa_tamisraash_ri_nggi_nnoarjaswinnoorjaswalagoaminmalinamaleemasaa_hh	same
5.2.115	_a_ta _inithanou	same
5.2.116	wree_hyaa_dibhyashcha	same
5.2.117	_tun_daa_dibhya _ilach cha	same
5.2.118	_aeekagoapoorwaattha_yn ni_tyam	same
5.2.119	sha_tasa_hasraan_taachcha nixkaa_t	same
5.2.120	roopaa_daa_ha_taprasha_msayoaryap	same
5.2.121	_asmaayaamaee_dhaasrajoa wini_hh	same
5.2.122	ba_hula_m chhan_dasi	same
5.2.123	_oor_nnaayaa yus	same
5.2.124	waachoa gmini_hh	same
5.2.125	_aalajaatachou ba_hubhaaxi_nni	same
5.2.126	swaaminnaishwaryaee	same
5.2.127	_arsha_aa_dibhyoa_3ch	differs
5.2.128	_dwan_dwoapa_taapagar_hyaa_t praa_nnis_thaa_dini_hh	same
5.2.129	waa_taa_tisaaraabhyaa_m kuk cha	same
5.2.130	wayasi poora_nnaa_t	same
5.2.131	sukhaa_dibhyashcha	same
5.2.132	_dharmasheelawar_nnaan_taachcha	same
5.2.133	_has_taajjaa_tou	same
5.2.134	war_nnaa_dbra_hmachaari_nni	same
5.2.135	puxkaraa_dibhyoa _daeeshaee	same
5.2.136	balaa_dibhyoa ma_tubanya_tarasyaam	same
5.2.137	sa_mj_ynaayaa_m manmaabhyaam	same
5.2.138	ka_msha_mbhyaa_m babhayus_ti_tu_tayasa_hh	same
5.2.139	_tun_diwaliwataeerbha_hh	same
5.2.140	_a_ha_mshubhamoaryus	same
5.3.1	praag_dishoa wibhak_ti_hh	same
5.3.2	ki_msarwanaamaba_hubhyoa_3_dwyaa_dibhya_hh	differs
5.3.3	_i_dama _ish	same
5.3.4	_aee_taee_tou ra_thoa_hh	same
5.3.5	_aee_ta_doa_3n	differs
5.3.6	sarwasya soa_3nya_tarasyaa_m _di	differs
5.3.7	pa_ynchamyaas_tasil	same
5.3.8	_tasaeeshcha	same
5.3.9	paryabhibhyaa_m cha	same
5.3.10	sap_tamyaas_tral	same
5.3.11	_i_damoa _ha_hh	same
5.3.12	kimoa_3_t	differs
5.3.13	waa _ha cha chchhan_dasi	same
5.3.14	_i_taraabhyoa_3pi _d_rishyan_taee	differs
5.3.15	sarwaikaanyaki_mya_t_ta_da_hh kaalaee _daa	same
5.3.16	_i_damoa r_hil	same
5.3.17	_a_dhunaa	same
5.3.18	_daanee_m cha	same
5.3.19	_ta_doa _daa cha	same
5.3.20	_tayoar_daar_hilou cha chchhan_dasi	same
5.3.21	_ana_dya_tanaee r_hilanya_tarasyaam	same
5.3.22	sa_dya_hhparu_tparaaryaixama_hhparaee_dyawya_dyapoorwaee_dyuranyaee_dyuranya_taraee_dyuri_taraee_dyuraparaee_dyura_dharaee_dyurubhayaee_dyuru_t_taraee_dyu_hh	same
5.3.23	prakaarawachanaee _thaal	same
5.3.24	_i_damas_thamu_hh	same
5.3.25	kimashcha	same
5.3.26	_thaa _haee_tou cha chchhan_dasi	same
5.3.27	_dikshab_daeebhya_hh sap_tameepa_ynchameepra_thamaabhyoa _dig_daeeshakaalaeexwas_taa_ti_hh	same
5.3.28	_dakxi_nnoa_t_taraabhyaama_tasuch	same
5.3.29	wibhaaxaa paraawaraabhyaam	same
5.3.30	_a_ynchaeerluk	same
5.3.31	_uparyuparixtaa_t	same
5.3.32	pashchaa_t	same
5.3.33	pashcha pashchaa cha chchhan_dasi	same
5.3.34	_u_t_taraa_dhara_dakxi_nnaa_daa_ti_hh	same
5.3.35	_aeenabanya_tarasyaama_dooraee_3pa_ynchamyaa_hh	differs
5.3.36	_dakxi_nnaa_daach	same
5.3.37	_aa_hi cha _dooraee	same
5.3.38	_u_t_taraachcha	same
5.3.39	poorwaa_dharaawaraa_nnaamasi pura_dhawashchaixaam	same
5.3.40	_as_taa_ti cha	same
5.3.41	wibhaaxaawarasya	same
5.3.42	sa_mkhyaayaa wi_dhaar_thaee _dhaa	same
5.3.43	_a_dhikara_nnawichaalaee cha	same
5.3.44	_aeekaa_d_dhoa _dhyamu_ynanya_tarasyaam	same
5.3.45	_dwi_tryoashcha _dhamu_yn	same
5.3.46	_aee_dhaachcha	same
5.3.47	yaapyaee paashap	same
5.3.48	poora_nnaa_dbhaagaee _teeyaa_dan	same
5.3.49	praagaeekaa_dashabhyoa_3chchhan_dasi	differs
5.3.50	xaxthaaxtamaabhyaa_m _yna cha	same
5.3.51	maanapashwa_nggayoa_hh kanlukou cha	same
5.3.52	_aeekaa_daakinichchaasa_haayaee	same
5.3.53	bhoo_tapoorwaee charat	same
5.3.54	xaxthyaa roopya cha	same
5.3.55	_a_tishaayanaee _tamabixthanou	same
5.3.56	_ti_ngashcha	same
5.3.57	_dwiwachanawibhajyoapapa_daee _tarabeeyasunou	same
5.3.58	_ajaa_dee gu_nnawachanaa_daeewa	same
5.3.59	_tushchhan_dasi	same
5.3.60	prashasyasya shra_hh	same
5.3.61	jya cha	same
5.3.62	w_ri_d_dhasya cha	same
5.3.63	_an_tikabaadhayoarnaee_dasaa_dhou	same
5.3.64	yuwaalpayoa_hh kananya_tarasyaam	same
5.3.65	winma_toarluk	same
5.3.66	prasha_msaayaa_m roopap	same
5.3.67	_eexa_dasamaap_tou kalpab_daeeshya_daeesheeyara_hh	same
5.3.68	wibhaaxaa supoa ba_huch puras_taa_t_tu	same
5.3.69	prakaarawachanaee jaa_teeyar	same
5.3.70	praagiwaa_tka_hh	same
5.3.71	_awyayasarwanaamnaamakach praak taee_hh	same
5.3.72	kasya cha _da_hh	same
5.3.73	_aj_ynaa_taee	same
5.3.74	ku_tsi_taee	same
5.3.75	sa_mj_ynaayaa_m kan	same
5.3.76	_anukampaayaam	same
5.3.77	nee_tou cha _ta_dyuk_taa_t	same
5.3.78	ba_hwachoa manuxyanaamnaxthajwaa	same
5.3.79	ghanilachou cha	same
5.3.80	praachaamupaa_daeeradajwuchou cha	same
5.3.81	jaa_tinaamna_hh kan	same
5.3.82	_ajinaan_tasyoa_t_tarapa_daloapashcha	same
5.3.83	thaajaa_daawoor_dhwa_m _dwi_teeyaa_dacha_hh	same
5.3.84	shaeewalasupariwishaalawaru_nnaaryamaa_deenaa_m _t_ri_teeyaa_t	same
5.3.85	_alpaee	same
5.3.86	_hraswaee	same
5.3.87	sa_mj_ynaayaa_m kan	same
5.3.88	kuteeshameeshu_nndaabhyoa ra_hh	same
5.3.89	ku_twaa dupach	same
5.3.90	kaasoogoa_nneebhyaa_m xtarach	same
5.3.91	wa_tsoakxaashwarxabhaeebhyashcha _tanu_twaee	same
5.3.92	ki_mya_t_ta_doa nir_d_dhaara_nnaee _dwayoaraeekasya da_tarach	same
5.3.93	waa ba_hoonaa_m jaa_tipariprashnaee da_tamach	same
5.3.94	_aeekaachcha praachaam	same
5.3.95	_awakxaeepa_nnaee kan	same
5.3.96	_iwaee pra_tik_ri_tou	same
5.3.97	sa_mj_ynaayaa_m cha	same
5.3.98	lummanuxyaee	same
5.3.99	jeewikaar_thaee chaapa_nnyaee	same
5.3.100	_daeewapa_thaa_dibhyashcha	same
5.3.101	was_taeerdha_yn	same
5.3.102	shilaayaa dha_hh	same
5.3.103	shaakhaa_dibhyoa ya_t	same
5.3.104	_drawya_m cha bhawyaee	same
5.3.105	kushaagraachchha_hh	same
5.3.106	samaasaachcha _ta_dwixayaa_t	same
5.3.107	sharkaraa_dibhyoa_3_nn	differs
5.3.108	_a_nggulyaa_dibhyaxthak	same
5.3.109	_aeekashaalaayaaxthajanya_tarasyaam	same
5.3.110	karkaloa_hi_taa_deekak	same
5.3.111	pra_tnapoorwawishwaeemaa_t_thaal chhan_dasi	same
5.3.112	poogaa_yn_ynyoa_3graama_nneepoorwaa_t	differs
5.3.113	wraa_tachpha_ynoaras_triyaam	same
5.3.114	_aayu_dhajeewisa_mghaa_yn_ynyadwaa_heekaeexwabraa_hma_nnaraajanyaa_t	same
5.3.115	w_rikaattaee_nnya_nn	same
5.3.116	_daamanyaa_di_trigar_taxaxthaachchha_hh	same
5.3.117	parshwaa_diyou_dhaeeyaa_dibhyaama_nna_ynou	same
5.3.118	_abhiji_dwi_dabh_richchhaalaawachchhikhaawachchhameewa_door_nnaawachchhruma_da_nnoa ya_yn	same
5.3.119	_ynyaa_dayas_ta_draajaa_hh	same
5.4.1	paa_dasha_tasya sa_mkhyaa_daeerweepsaayaa_m wun loapashcha	same
5.4.2	_da_nndawyawasargayoashcha	same
5.4.3	s_thoolaa_dibhya_hh prakaarawachanaee kan	same
5.4.4	_ana_tyan_taga_tou k_taa_t	same
5.4.5	na saamiwachanaee	same
5.4.6	b_ri_ha_tyaa _aachchhaa_danaee	same
5.4.7	_axadakxaashi_ta_nggwala_mkarmaalampuruxaa_dhyu_t_tarapa_daa_t kha_hh	same
5.4.8	wibhaaxaa _a_ynchaeera_diks_triyaam	same
5.4.9	jaa_tyan_taachchha ban_dhuni	same
5.4.10	s_thaanaan_taa_dwibhaaxaa sas_thaanaeenaee_ti chaee_t	same
5.4.11	kimaee_t_ti_ngawyayaghaa_daamwa_drawyaprakarxaee	same
5.4.12	_amu cha chchhan_dasi	same
5.4.13	_anugaa_dinaxthak	same
5.4.14	_nnacha_hh s_triyaama_yn	same
5.4.15	_a_nninu_nna_hh	same
5.4.16	wisaari_nnoa ma_tsyaee	same
5.4.17	sa_mkhyaayaa_hh kriyaabhyaaw_ri_t_tiga_nnanaee k_ri_twasuch	same
5.4.18	_dwi_tricha_turbhya_hh such	same
5.4.19	_aeekasya sak_richcha	same
5.4.20	wibhaaxaa ba_hoar_dhaawiprak_rixtakaalaee	same
5.4.21	_ta_tprak_ri_tawachanaee mayat	same
5.4.22	samoo_hawachcha ba_huxu	same
5.4.23	_anan_taawasa_thaee_ti_habhaeexajaa_yn_ynya_hh	same
5.4.24	_daeewa_taan_taa_t_taa_dar_thyaee ya_t	same
5.4.25	paa_daarghaabhyaa_m cha	same
5.4.26	_a_ti_thaeer_ynya_hh	same
5.4.27	_daeewaa_t_tal	same
5.4.28	_awaee_hh ka_hh	same
5.4.29	yaawaa_dibhya_hh kan	same
5.4.30	loa_hi_taanma_nnou	same
5.4.31	war_nnaee chaani_tyaee	same
5.4.32	rak_taee	same
5.4.33	kaalaachcha	same
5.4.34	winayaa_dibhyaxthak	same
5.4.35	waachoa wyaa_h_ri_taar_thaayaam	same
5.4.36	_ta_dyuk_taa_t karma_nnoa_3_nn	differs
5.4.37	_oaxa_dhaeerajaa_tou	same
5.4.38	praj_ynaa_dibhyashcha	same
5.4.39	m_ri_das_tikan	same
5.4.40	sasnou prasha_msaayaam	same
5.4.41	w_rikajyaeexthaabhyaa_m _til_taa_tilou cha chchhan_dasi	same
5.4.42	ba_hwalpaar_thaachchhas kaarakaa_danya_tarasyaam	same
5.4.43	sa_mkhyaikawachanaachcha weepsaayaam	same
5.4.44	pra_tiyoagaee pa_ynchamyaas_tasi_hh	same
5.4.45	_apaa_daanaee chaa_heeyaru_hoa_hh	same
5.4.46	_a_tigra_haawya_thanakxaeepaeexwakar_tari _t_ri_teeyaayaa_hh	same
5.4.47	_heeyamaanapaapayoagaachcha	same
5.4.48	xaxthyaa wyaashrayaee	same
5.4.49	roagaachchaapanayanaee	same
5.4.50	_abhoo_ta_ta_dbhaawaee k_ribhwas_tiyoagaee sampa_dyakar_tari chwi_hh	same
5.4.51	_arurmanashchakxushchaee_toara_hoarajasaa_m loapashcha	same
5.4.52	wibhaaxaa saa_ti kaar_tsnyaee	same
5.4.53	_abhiwi_dhou sampa_daa cha	same
5.4.54	_ta_da_dheenawachanaee	same
5.4.55	_daeeyaee _traa cha	same
5.4.56	_daeewamanuxyapuruxapurumar_tyaeebhyoa _dwi_teeyaasap_tamyoarba_hulam	same
5.4.57	_awyak_taanukara_nnaa_d_dwyajawaraar_dhaa_dani_tou daach	same
5.4.58	k_ri_ynoa _dwi_teeya_t_ri_teeyashambabeejaa_t k_rixou	same
5.4.59	sa_mkhyaayaashcha gu_nnaan_taayaa_hh	same
5.4.60	samayaachcha yaapanaayaam	same
5.4.61	sapa_t_tranixpa_traa_da_tiwya_thanaee	same
5.4.62	nixkulaannixkoaxa_nnaee	same
5.4.63	sukhapriyaa_daanuloamyaee	same
5.4.64	_du_hhkhaa_t praa_tiloamyaee	same
5.4.65	shoolaa_t paakaee	same
5.4.66	sa_tyaa_dashapa_thaee	same
5.4.67	ma_draa_t pariwaapa_nnaee	same
5.4.68	samaasaan_taa_hh	same
5.4.69	na poojanaa_t	same
5.4.70	kima_hh kxaeepaee	same
5.4.71	na_ynas_ta_tpuruxaa_t	same
5.4.72	pa_thoa wibhaaxaa	same
5.4.73	ba_huwree_hou sa_mkhyaeeyaee dajaba_huga_nnaa_t	same
5.4.74	_rikpoorab_dhoo_hhpa_thaamaanakxaee	same
5.4.75	_ach pra_tyanwawapoorwaa_t saamaloamna_hh	same
5.4.76	_akx_nnoa_3_darshanaa_t	differs
5.4.77	_acha_turawicha_turasucha_turas_treepu_msa_dhaeenwanadu_harksaamawaa_ngmanasaakxibhruwa_daaragawoarwaxtheewapa_daxtheewanak_ta_m_diwaraa_tri_m_diwaa_har_diwasarajasani_hhshraeeyasapuruxaayuxa_dwyaayuxa_tryaayuxargyajuxajaa_toakxama_hoakxaw_ri_d_dhoakxoapashunagoaxthashwaa_hh	same
5.4.78	bra_hma_has_tibhyaam warchchasa_hh	same
5.4.79	_awasaman_dhaeebhyas_tamasa_hh	same
5.4.80	shwasoa waseeya_hhshraeeyasa_hh	same
5.4.81	_anwawa_tap_taa_dra_hasa_hh	same
5.4.82	pra_taeerurasa_hh sap_tamees_thaa_t	same
5.4.83	_anugawamaayaamaee	same
5.4.84	_dwis_taawaa _tris_taawaa waee_di_hh	same
5.4.85	_upasargaa_da_dhwana_hh	same
5.4.86	_ta_tpuruxasyaa_nggulaee_hh sa_mkhyaawyayaa_daee_hh	same
5.4.87	_a_hassarwaika_daeeshasa_mkhyaa_tapu_nnyaachcha raa_traee_hh	same
5.4.88	_a_hnoa_3_hna _aee_taeebhya_hh	differs
5.4.89	na sa_mkhyaa_daee_hh samaa_haaraee	same
5.4.90	_u_t_tamaikaabhyaa_m cha	same
5.4.91	raajaa_hassakhibhyaxtach	same
5.4.92	goara_ta_d_dhi_taluki	same
5.4.93	_agraakhyaayaamurasa_hh	same
5.4.94	_anoa_3shmaayassarasaam jaa_tisa_mj_ynayoa_hh	differs
5.4.95	graamakoutaabhyaa_m cha _takx_nna_hh	same
5.4.96	_a_taee_hh shuna_hh	same
5.4.97	_upamaanaa_dapraa_nnixu	same
5.4.98	_u_t_taram_rigapoorwaachcha sak_thna_hh	same
5.4.99	naawoa _dwigoa_hh	same
5.4.100	_ar_dhaachcha	same
5.4.101	khaaryaa_hh praachaam	same
5.4.102	_dwi_tribhyaama_ynjalaee_hh	same
5.4.103	_anasan_taannapu_msakaachchhan_dasi	same
5.4.104	bra_hma_nnoa jaanapa_daakhyaayaam	same
5.4.105	kuma_ha_dbhyaamanya_tarasyaam	same
5.4.106	_dwan_dwaachchu_daxa_haan_taa_t samaa_haaraee	same
5.4.107	_awyayeebhaawaee shara_tprabh_ri_tibhya_hh	same
5.4.108	_anashcha	same
5.4.109	napu_msakaa_danya_tarasyaam	same
5.4.110	na_deepour_nnamaasyaagra_haaya_nneebhya_hh	same
5.4.111	jhaya_hh	same
5.4.112	giraeeshcha saeenakasya	same
5.4.113	ba_huwree_hou sak_thyakx_nnoa_hh swaa_nggaa_t xach	same
5.4.114	_a_nggulaeer_daaru_nni	same
5.4.115	_dwi_tribhyaa_m xa moor_dhna_hh	same
5.4.116	_ap poora_nneepramaa_nnyoa_hh	same
5.4.117	_an_tarba_hirbhyaa_m cha loamna_hh	same
5.4.118	_a_ynnaasikaayaa_hh sa_mj_ynaayaa_m nasa_m chaas_thoolaa_t	same
5.4.119	_upasargaachcha	same
5.4.120	supraa_tasushwasu_diwashaarikukxacha_turashrai_nneepa_daajapa_daproaxthapa_daa_hh	same
5.4.121	na_yn_du_hhsubhyoa _halisak_thyoaranya_tarasyaam	same
5.4.122	ni_tyamasich prajaamaee_dhayoa_hh	same
5.4.123	ba_huprajaashchhan_dasi	same
5.4.124	_dharmaa_danich kaeewalaa_t	same
5.4.125	jambhaa su_hari_ta_t_ri_nnasoamaeebhya_hh	same
5.4.126	_dakxi_nnaeermaa lub_dhayoagaee	same
5.4.127	_ich karmawya_ti_haaraee	same
5.4.128	_dwi_da_nndyaa_dibhyashcha	same
5.4.129	prasambhyaa_m jaanunoarj_ynu_hh	same
5.4.130	_oor_dhwaa_dwibhaaxaa	same
5.4.131	_oo_dhasoa_3na_ng	differs
5.4.132	_dhanuxashcha	same
5.4.133	waa sa_mj_ynaayaam	same
5.4.134	jaayaayaa ni_ng	same
5.4.135	gan_dhasyaee_du_tpoo_tisusurabhibhya_hh	same
5.4.136	_alpaakhyaayaam	same
5.4.137	_upamaanaachcha	same
5.4.138	paa_dasya loapoa_3_has_tyaa_dibhya_hh	differs
5.4.139	kumbhapa_deexu cha	same
5.4.140	sa_mkhyaasupoorwasya	same
5.4.141	wayasi _dan_tasya _da_t_ri	same
5.4.142	chhan_dasi cha	same
5.4.143	s_triyaa_m sa_mj_ynaayaam	same
5.4.144	wibhaaxaa shyaawaaroakaabhyaam	same
5.4.145	_agraan_tashu_d_dhashubhraw_rixawaraa_haeebhyashcha	same
5.4.146	kaku_dasyaawas_thaayaa_m loapa_hh	same
5.4.147	_trikaku_t parwa_taee	same
5.4.148	_u_dwibhyaa_m kaaku_dasya	same
5.4.149	poor_nnaa_dwibhaaxaa	same
5.4.150	su_h_ri_d_dur_h_ri_dou mi_traami_trayoa_hh	same
5.4.151	_ura_hhprabh_ri_tibhya_hh kap	same
5.4.152	_ina_hh s_triyaam	same
5.4.153	na_dy_ri_tashcha	same
5.4.154	shaeexaa_dwibhaaxaa	same
5.4.155	na sa_mj_ynaayaam	same
5.4.156	_eeyasashcha	same
5.4.157	wan_di_taee bhraa_tu_hh	same
5.4.158	_ri_tashchhan_dasi	same
5.4.159	naadee_tan_tryoa_hh swaa_nggaee	same
5.4.160	nixprawaa_nnishcha	same
6.1.1	_aeekaachoa _dwaee pra_thamasya	same
6.1.2	_ajaa_daeer_dwi_teeyasya	same
6.1.3	na n_draa_hh sa_myoagaa_daya_hh	same
6.1.4	poorwoa_3bhyaasa_hh	differs
6.1.5	_ubhaee _abhyas_tam	same
6.1.6	jakxi_tyaa_daya_hh xat	same
6.1.7	_tujaa_deenaa_m _deerghoa_3bhyaasasya	differs
6.1.8	liti _dhaa_toaranabhyaasasya	same
6.1.9	sanya_ngoa_hh	same
6.1.10	shlou	same
6.1.11	cha_ngi	same
6.1.12	_daashwaan saa_hwaan meedhwaa_mshcha	same
6.1.13	xya_nga_hh samprasaara_nna_m pu_trapa_tyoas_ta_tpuruxaee	same
6.1.14	ban_dhuni ba_huwree_hou	same
6.1.15	wachiswapiyajaa_deenaa_m ki_ti	same
6.1.16	gra_hijyaawayiwya_dhiwaxtiwicha_tiw_rishcha_tip_richchha_tibh_rijja_teenaa_m _ngi_ti cha	same
6.1.17	lityabhyaasasyoabhayaeexaam	same
6.1.18	swaapaeeshcha_ngi	same
6.1.19	swapisyamiwyaee_ynaa_m ya_ngi	same
6.1.20	na washa_hh	same
6.1.21	chaaya_hh kee	same
6.1.22	sphaaya_hh sphee nixthaayaam	same
6.1.23	s_tya_hh prapoorwasya	same
6.1.24	_drawamoor_tisparshayoa_hh shya_hh	same
6.1.25	pra_taeeshcha	same
6.1.26	wibhaaxaa_3bhyawapoorwasya	differs
6.1.27	sh_ri_ta_m paakaee	same
6.1.28	pyaaya_hh pee	same
6.1.29	lidya_ngoashcha	same
6.1.30	wibhaaxaa shwaee_hh	same
6.1.31	_nnou cha sa_mshcha_ngoa_hh	same
6.1.32	_hwa_hh samprasaara_nnam	same
6.1.33	_abhyas_tasya cha	same
6.1.34	ba_hula_m chhan_dasi	same
6.1.35	chaaya_hh kee	same
6.1.36	_apasp_ri_dhaee_thaamaan_richuraan_ri_hushchichyuxaee_ti_tyaajashraa_taa_hhshri_tamaasheeraasheer_t_taa_hh	same
6.1.37	na samprasaara_nnaee samprasaara_nnam	same
6.1.38	liti wayoa ya_hh	same
6.1.39	washchaasyaanya_tarasyaam ki_ti	same
6.1.40	waee_yna_hh	same
6.1.41	lyapi cha	same
6.1.42	jyashcha	same
6.1.43	wyashcha	same
6.1.44	wibhaaxaa paraee_hh	same
6.1.45	_aa_daeecha _upa_daeeshaee_3shi_ti	differs
6.1.46	na wyoa liti	same
6.1.47	sphura_tisphula_tyoargha_yni	same
6.1.48	kree_ngjeenaa_m _nnou	same
6.1.49	si_dhya_taeerapaaraloukikaee	same
6.1.50	meenaa_timinoa_ti_dee_ngaa_m lyapi cha	same
6.1.51	wibhaaxaa leeya_taee_hh	same
6.1.52	khi_daeeshchhan_dasi	same
6.1.53	_apaguroa _nnamuli	same
6.1.54	chisphuroar_nnou	same
6.1.55	prajanaee weeya_taee_hh	same
6.1.56	bibhaee_taeer_haee_tubhayaee	same
6.1.57	ni_tya_m smaya_taee_hh	same
6.1.58	s_riji_d_rishoarjhalyamaki_ti	same
6.1.59	_anu_daa_t_tasya char_dupa_dhasyaanya_tarasyaam	same
6.1.60	sheerxa_mshchhan_dasi	same
6.1.61	yaee cha _ta_d_dhi_taee	same
6.1.62	_achi sheerxa_hh	same
6.1.63	pa_d_dannoamaas_h_rinnishasanyooxan_doaxanyaka_ynchhakannu_dannaasa_ynchhasprabh_ri_tixu	same
6.1.64	_dhaa_twaa_daee_hh xa_hh sa_hh	same
6.1.65	_nnoa na_hh	same
6.1.66	loapoa wyoarwali	same
6.1.67	waeerap_rik_tasya	same
6.1.68	_hal_ngyaabbhyoa _deerghaa_t su_tisyap_rik_ta_m _hal	same
6.1.69	_aee_ng_hraswaa_t sambu_d_dhaee_hh	same
6.1.70	shaeeshchhan_dasi ba_hulam	same
6.1.71	_hraswasya pi_ti k_ri_ti _tuk	same
6.1.72	sa_m_hi_taayaam	same
6.1.73	chhaee cha	same
6.1.74	_aa_ngmaa_ngoashcha	same
6.1.75	_deerghaa_t	same
6.1.76	pa_daan_taa_dwaa	same
6.1.77	_ikoa ya_nnachi	same
6.1.78	_aeechoa_3yawaayaawa_hh	differs
6.1.79	waan_toa yi pra_tyayaee	same
6.1.80	_dhaa_toas_tannimi_t_tasyaiwa	same
6.1.81	kxayyajayyou shakyaar_thaee	same
6.1.82	krayyas_ta_dar_thaee	same
6.1.83	bhayyaprawayyaee cha chchhan_dasi	same
6.1.84	_aeeka_hh poorwaparayoa_hh	same
6.1.85	_an_taa_diwachcha	same
6.1.86	xa_twa_tukoarasi_d_dha_hh	same
6.1.87	_aa_dgu_nna_hh	same
6.1.88	w_ri_d_dhiraeechi	same
6.1.89	_aee_tyaee_dha_tyoothsu	same
6.1.90	_aatashcha	same
6.1.91	_upasargaa_d_ri_ti _dhaa_tou	same
6.1.92	waa supyaapishalaee_hh	same
6.1.93	_ou_toa_3mshasoa_hh	differs
6.1.94	_aee_ngi pararoopam	same
6.1.95	_oamaa_ngoashcha	same
6.1.96	_usyapa_daan_taa_t	same
6.1.97	_a_toa gu_nnaee	same
6.1.98	_awyak_taanukara_nnasyaa_ta _i_tou	same
6.1.99	naamraeedi_tasyaan_tyasya _tu waa	same
6.1.100	ni_tyamaamraeedi_taee daachi	same
6.1.101	_aka_hh sawar_nnaee _deergha_hh	same
6.1.102	pra_thamayoa_hh poorwasawar_nna_hh	same
6.1.103	_tasmaachchhasoa na_hh pu_msi	same
6.1.104	naa_dichi	same
6.1.105	_deerghaajjasi cha	same
6.1.106	waa chhan_dasi	same
6.1.107	_ami poorwa_hh	same
6.1.108	samprasaara_nnaachcha	same
6.1.109	_aee_nga_hh pa_daan_taa_da_ti	same
6.1.110	_ngasi_ngasoashcha	same
6.1.111	_ri_ta _u_t	same
6.1.112	khya_tyaa_t parasya	same
6.1.113	_a_toa roaraplu_taa_daplu_taee	same
6.1.114	_hashi cha	same
6.1.115	prak_ri_tyaa_3n_ta_hhpaa_damawyaparaee	differs
6.1.116	_awyaa_dawa_dyaa_dawakramurawra_taayamawan_twawasyuxu cha	same
6.1.117	yajuxyura_hh	same
6.1.118	_aapoajuxaa_nnoaw_rix_nnoawarxixthaee_3mbaee_3mbaalaee_3mbikaeepoorwaee	differs
6.1.119	_a_ngga _i_tyaa_dou cha	same
6.1.120	_anu_daa_t_taee cha ku_dhaparaee	same
6.1.121	_awapa_thaasi cha	same
6.1.122	sarwa_tra wibhaaxaa goa_hh	same
6.1.123	_awa_ng sphoataayanasya	same
6.1.124	_in_draee cha	same
6.1.125	plu_taprag_ri_hyaa _achi ni_tyam	same
6.1.126	_aa_ngoa_3nunaasikashchhan_dasi	differs
6.1.127	_ikoa_3sawar_nnaee shaakalyasya _hraswashcha	differs
6.1.128	_ri_tyaka_hh	same
6.1.129	_aplu_tawa_dupas_thi_taee	same
6.1.130	_ee"e_i" chaakrawarma_nnasya	differs
6.1.131	_diwa _u_t	same
6.1.132	_aee_ta_t_ta_doa_hh suloapoa_3koarana_ynsamaasaee _hali	differs
6.1.133	syashchhan_dasi ba_hulam	same
6.1.134	soa_3chi loapaee chaee_t paa_dapoora_nnam	differs
6.1.135	sut kaa_t poorwa_hh	same
6.1.136	_adabhyaasawyawaayaee_3pi	differs
6.1.137	samparyupaeebhya_hh karoa_tou bhooxa_nnaee	same
6.1.138	samawaayaee cha	same
6.1.139	_upaa_t pra_tiya_tnawaik_ri_tawaakyaa_dhyaa_haaraeexu	same
6.1.140	kira_tou lawanaee	same
6.1.141	_hi_msaayaa_m pra_taeeshcha	same
6.1.142	_apaachcha_tuxpaachchhakunixwaalaeekhanaee	same
6.1.143	kus_tumburoo_nni jaa_ti_hh	same
6.1.144	_aparasparaa_hh kriyaasaa_ta_tyaee	same
6.1.145	goaxpa_da_m saeewi_taasaeewi_tapramaa_nnaeexu	same
6.1.146	_aaspa_da_m pra_tixthaayaam	same
6.1.147	_aashcharyamani_tyaee	same
6.1.148	warchaskaee_3waskara_hh	differs
6.1.149	_apaskaroa ra_thaa_nggam	same
6.1.150	wixkira_hh shakunou waa	same
6.1.151	_hraswaachchan_droa_t_tarapa_daee man_traee	same
6.1.152	pra_tixkashashcha kashaee_hh	same
6.1.153	praska_nnwa_harishchan_draaw_rixee	same
6.1.154	maskaramaskari_nnou waee_nnupariwraajakayoa_hh	same
6.1.155	kaas_teeraajas_tun_daee nagaraee	same
6.1.156	kaaraskaroa w_rikxa_hh	same
6.1.157	paaraskaraprabh_ri_teeni cha sa_mj_ynaayaam	same
6.1.158	_anu_daa_t_ta_m pa_damaeekawarjam	same
6.1.159	karxaa_twa_toa gha_ynoa_3n_ta _u_daa_t_ta_hh	differs
6.1.160	_u_ynchhaa_deenaa_m cha	same
6.1.161	_anu_daa_t_tasya cha ya_troa_daa_t_taloapa_hh	same
6.1.162	_dhaa_toa_hh	same
6.1.163	chi_ta_hh	same
6.1.164	_ta_d_dhi_tasya	same
6.1.165	ki_ta_hh	same
6.1.166	_tis_ribhyoa jasa_hh	same
6.1.167	cha_tura_hh shasi	same
6.1.168	saawaeekaachas_t_ri_teeyaa_dirwibhak_ti_hh	same
6.1.169	_an_toa_daa_t_taa_du_t_tarapa_daa_danya_tarasyaamani_tyasamaasaee	same
6.1.170	_a_ynchaeeshchhan_dasyasarwanaamas_thaanam	same
6.1.171	_oodi_dampa_daa_dyappumrai_dyubhya_hh	same
6.1.172	_axtanoa _deerghaa_t	same
6.1.173	sha_turanumoa na_dyajaa_dee	same
6.1.174	_u_daa_t_taya_nnoa _halpoorwaa_t	same
6.1.175	noa_ng_dhaa_twoa_hh	same
6.1.176	_hraswanudbhyaa_m ma_tup	same
6.1.177	naamanya_tarasyaam	same
6.1.178	_ngyaashchhan_dasi ba_hulam	same
6.1.179	xat_tricha_turbhyoa _halaa_di_hh	same
6.1.180	jhalyupoa_t_tamam	same
6.1.181	wibhaaxaa bhaaxaayaam	same
6.1.182	na goashwan_tsaawawar_nnaraada_ngkru_ngk_ri_dbhya_hh	same
6.1.183	_diwoa jhal	same
6.1.184	n_ri chaanya_tarasyaam	same
6.1.185	_ti_tswari_tam	same
6.1.186	_taasyanu_daa_t_taeen_ngi_da_dupa_daeeshaallasaarwa_dhaa_tukamanu_daa_t_tama_hnwi_ngoa_hh	same
6.1.187	_aa_di_hh sichoa_3nya_tarasyaam	differs
6.1.188	swapaa_di_hi_msaamachyaniti	same
6.1.189	_abhyas_taanaamaa_di_hh	same
6.1.190	_anu_daa_t_taee cha	same
6.1.191	sarwasya supi	same
6.1.192	bhee_hreebh_ri_huma_dajana_dhana_dari_draajaagaraa_m pra_tyayaa_t poorwam pi_ti	same
6.1.193	li_ti	same
6.1.194	_aa_dir_nnamulyanya_tarasyaam	same
6.1.195	_acha_hh kar_t_riyaki	same
6.1.196	_thali cha saeeteedan_toa waa	same
6.1.197	_ynni_tyaa_dirni_tyam	same
6.1.198	_aaman_tri_tasya cha	same
6.1.199	pa_thima_thoa_hh sarwanaamas_thaanaee	same
6.1.200	_an_tashcha _tawai yugapa_t	same
6.1.201	kxayoa niwaasaee	same
6.1.202	jaya_hh kara_nnam	same
6.1.203	w_rixaa_deenaa_m cha	same
6.1.204	sa_mj_ynaayaamupamaanam	same
6.1.205	nixthaa cha _dwyajanaa_t	same
6.1.206	shuxka_dh_rixtou	same
6.1.207	_aashi_ta_hh kar_taa	same
6.1.208	rik_taee wibhaaxaa	same
6.1.209	juxtaarpi_taee cha chhan_dasi	same
6.1.210	ni_tya_m man_traee	same
6.1.211	yuxma_dasma_doar_ngasi	same
6.1.212	_ngayi cha	same
6.1.213	ya_toa_3naawa_hh	differs
6.1.214	_eedawan_daw_risha_msa_du_haa_m _nnya_ta_hh	same
6.1.215	wibhaaxaa waee_nnwin_dhaanayoa_hh	same
6.1.216	_tyaagaraaga_haasaku_hashwathakra_thaanaam	same
6.1.217	_upoa_t_tama_m ri_ti	same
6.1.218	cha_ngyanya_tarasyaam	same
6.1.219	ma_toa_hh poorwamaa_t sa_mj_ynaayaa_m s_triyaam	same
6.1.220	_an_toa_3wa_tyaa_hh	differs
6.1.221	_eewa_tyaa_hh	same
6.1.222	chou	same
6.1.223	samaasasya	same
6.2.1	ba_huwree_hou prak_ri_tyaa poorwapa_dam	same
6.2.2	_ta_tpuruxaee _tulyaar_tha_t_ri_teeyaasap_tamyupamaanaawyaya_dwi_teeyaak_ri_tyaa_hh	same
6.2.3	war_nnoa war_nnaeexwanaee_taee	same
6.2.4	gaa_dhalawa_nnayoa_hh pramaa_nnaee	same
6.2.5	_daayaa_dya_m _daayaa_daee	same
6.2.6	pra_tiban_dhi chirak_richchhrayoa_hh	same
6.2.7	pa_daee_3pa_daeeshaee	differs
6.2.8	niwaa_taee waa_ta_traa_nnaee	same
6.2.9	shaara_daee_3naar_tawaee	differs
6.2.10	_a_dhwaryukaxaayayoarjaa_tou	same
6.2.11	sa_d_rishapra_tiroopayoa_hh saa_d_rishyaee	same
6.2.12	_dwigou pramaa_nnaee	same
6.2.13	gan_tawyapa_nnya_m waa_nnijaee	same
6.2.14	maa_troapaj_ynoapakramachchhaayaee napu_msakaee	same
6.2.15	sukhapriyayoar_hi_taee	same
6.2.16	pree_tou cha	same
6.2.17	swa_m swaamini	same
6.2.18	pa_tyaawaishwaryaee	same
6.2.19	na bhoowaakchi_d_di_dhixu	same
6.2.20	waa bhuwanam	same
6.2.21	_aasha_ngkaabaa_dhanaee_deeyassu sa_mbhaawanaee	same
6.2.22	poorwaee bhoo_tapoorwaee	same
6.2.23	sawi_dhasaneedasamaryaa_dasawaeeshasa_daeeshaeexu saameepyaee	same
6.2.24	wispaxtaa_deeni gu_nnawachanaeexu	same
6.2.25	shrajyaa_3wamakanpaapawa_tsu bhaawaee karma_dhaarayaee	differs
6.2.26	kumaarashcha	same
6.2.27	_aa_di_hh pra_tyaeenasi	same
6.2.28	poogaeexwanya_tarasyaam	same
6.2.29	_igan_takaalakapaalabhagaalasharaawaeexu _dwigou	same
6.2.30	ba_hwanya_tarasyaam	same
6.2.31	_dixtiwi_tas_tyoashcha	same
6.2.32	sap_tamee si_d_dhashuxkapakwaban_dhaeexwakaalaa_t	same
6.2.33	paripra_tyupaapaa warjyamaanaa_hoaraa_traawayawaeexu	same
6.2.34	raajanyaba_huwachana_dwan_dwaee_3n_dhakaw_rix_nnixu	differs
6.2.35	sa_mkhyaa	same
6.2.36	_aachaaryoapasarjanashchaan_taeewaasee	same
6.2.37	kaar_takoujapaa_dayashcha	same
6.2.38	ma_haan wree_hyaparaa_h_nnag_rixteexwaasajaabaalabhaarabhaara_ta_haili_hilarourawapraw_ri_d_dhaeexu	same
6.2.39	kxullakashcha waishwa_daeewaee	same
6.2.40	_uxtra_hh saa_diwaamyoa_hh	same
6.2.41	gou_hh saa_dasaa_disaara_thixu	same
6.2.42	kurugaar_hapa_tarik_tagurwasoo_tajara_tyashleela_d_ridharoopaapaaraeewadawaa_tai_tilaka_droo_hhpa_nnyakambaloa _daaseebhaaraa_nnaa_m cha	same
6.2.43	cha_tur_thee _ta_dar_thaee	same
6.2.44	_ar_thaee	same
6.2.45	k_taee cha	same
6.2.46	karma_dhaarayaee_3nixthaa	differs
6.2.47	_a_heenaee _dwi_teeyaa	same
6.2.48	_t_ri_teeyaa karma_nni	same
6.2.49	ga_tiranan_tara_hh	same
6.2.50	_taa_dou cha ni_ti k_ri_tya_tou	same
6.2.51	_tawai chaan_tashcha yugapa_t	same
6.2.52	_anigan_toa_3_yncha_tou wapra_tyayaee	differs
6.2.53	nya_dhee cha	same
6.2.54	_eexa_danya_tarasyaam	same
6.2.55	_hira_nnyaparimaa_nna_m _dhanaee	same
6.2.56	pra_thamoa_3chiroapasampa_t_tou	differs
6.2.57	ka_taraka_tamou karma_dhaarayaee	same
6.2.58	_aaryoa braa_hma_nnakumaarayoa_hh	same
6.2.59	raajaa cha	same
6.2.60	xaxthee pra_tyaeenasi	same
6.2.61	k_taee ni_tyaar_thaee	same
6.2.62	graama_hh shilpini	same
6.2.63	raajaa cha prasha_msaayaam	same
6.2.64	_aa_diru_daa_t_ta_hh	same
6.2.65	sap_tamee_haari_nnou _dharmyaee_3_hara_nnaee	differs
6.2.66	yuk_taee cha	same
6.2.67	wibhaaxaa_3_dhyakxaee	differs
6.2.68	paapa_m cha shilpini	same
6.2.69	goa_traan_taeewaasimaa_nnawabraa_hma_nnaeexu kxaeepaee	same
6.2.70	_a_nggaani mairaeeyaee	same
6.2.71	bhak_taakhyaas_ta_dar_thaeexu	same
6.2.72	goabidaalasi_m_hasain_dhawaeexoopamaanaee	same
6.2.73	_akaee jeewikaa_3r_thaee	differs
6.2.74	praachaa_m kreedaayaam	same
6.2.75	_a_nni niyuk_taee	same
6.2.76	shilpini chaak_ri_yna_hh	same
6.2.77	sa_mj_ynaayaa_m cha	same
6.2.78	goa_tan_tiyawa_m paalaee	same
6.2.79	_nnini	same
6.2.80	_upamaana_m shab_daar_thaprak_ri_taawaeewa	same
6.2.81	yuk_taaroa_hyaa_dayashcha	same
6.2.82	_deerghakaasha_tuxabhraaxtrawata_m jaee	same
6.2.83	_an_tyaa_t poorwa_m ba_hwacha_hh	same
6.2.84	graamaee_3niwasan_ta_hh	differs
6.2.85	ghoaxaa_dixu cha	same
6.2.86	chhaa_tryaa_daya_hh shaalaayaam	same
6.2.87	pras_thaee_3w_ri_d_dhamakarkyaa_deenaam	differs
6.2.88	maalaa_deenaa_m cha	same
6.2.89	_ama_hannawa_m nagaraee_3nu_deechaam	differs
6.2.90	_armaee chaawar_nna_m _dwyach_tryach	same
6.2.91	na bhoo_taa_dhikasa_mjeewama_draashmakajjalam	same
6.2.92	_an_ta_hh	same
6.2.93	sarwa_m gu_nnakaar_tsnyaee	same
6.2.94	sa_mj_ynaayaa_m girinikaayayoa_hh	same
6.2.95	kumaaryaa_m wayasi	same
6.2.96	_u_dakaee_3kaeewalaee	differs
6.2.97	_dwigou kra_tou	same
6.2.98	sabhaayaa_m napu_msakaee	same
6.2.99	puraee praachaam	same
6.2.100	_arixtagoudapoorwaee cha	same
6.2.101	na _haas_tinaphalakamaar_daeeyaa_hh	same
6.2.102	kusoolakoopakumbhashaala_m bilaee	same
6.2.103	_dikshab_daa graamajanapa_daakhyaanachaanaraataeexu	same
6.2.104	_aachaaryoapasarjanashchaan_taeewaasini	same
6.2.105	_u_t_tarapa_daw_ri_d_dhou sarwa_m cha	same
6.2.106	ba_huwree_hou wishwa_m sa_mj_ynaayaam	same
6.2.107	_u_daraashwaeexuxu	same
6.2.108	kxaeepaee	same
6.2.109	na_dee ban_dhuni	same
6.2.110	nixthoapasargapoorwamanya_tarasyaam	same
6.2.111	_u_t_tarapa_daa_di_hh	same
6.2.112	kar_nnoa war_nnalakxa_nnaa_t	same
6.2.113	sa_mj_ynoupamyayoashcha	same
6.2.114	ka_nnthap_rixthagreewaaja_mgha_m cha	same
6.2.115	sh_ri_nggamawas_thaayaa_m cha	same
6.2.116	na_ynoa jaramarami_tram_ri_taa_hh	same
6.2.117	soarmanasee _aloamoaxasee	same
6.2.118	kra_twaa_dayashcha	same
6.2.119	_aa_dyu_daa_t_ta_m _dwyach chhan_dasi	same
6.2.120	weeraweeryou cha	same
6.2.121	koola_teera_toolamoolashaalaa_3kxasamamawyayeebhaawaee	differs
6.2.122	ka_msaman_thashoorpapaayyakaa_nnda_m _dwigou	same
6.2.123	_ta_tpuruxaee shaalaayaa_m napu_msakaee	same
6.2.124	kan_thaa cha	same
6.2.125	_aa_dishchi_ha_nnaa_deenaam	same
6.2.126	chaeelakhaeetakatukakaa_nnda_m gar_haayaam	same
6.2.127	cheeramupamaanam	same
6.2.128	palalasoopashaaka_m mishraee	same
6.2.129	koolasoo_das_thalakarxaa_hh sa_mj_ynaayaam	same
6.2.130	_akarma_dhaarayaee raajyam	same
6.2.131	wargyaa_dayashcha	same
6.2.132	pu_tra_hh pu_mbhya_hh	same
6.2.133	naachaaryaraajar_twiksa_myuk_taj_ynaa_tyaakhyaeebhya_hh	same
6.2.134	choor_nnaa_deenyapraa_nnixaxthyaa_hh	same
6.2.135	xat cha kaa_nndaa_deeni	same
6.2.136	ku_nnda_m wanam	same
6.2.137	prak_ri_tyaa bhagaalam	same
6.2.138	shi_taeerni_tyaaba_hwajba_huwree_haawabhasa_t	same
6.2.139	ga_tikaarakoapapa_daa_t k_ri_t	same
6.2.140	_ubhaee wanaspa_tyaa_dixu yugapa_t	same
6.2.141	_daeewa_taa_dwan_dwaee cha	same
6.2.142	noa_t_tarapa_daee_3nu_daa_t_taa_daawap_ri_thiweeru_drapooxaman_thixu	differs
6.2.143	_an_ta_hh	same
6.2.144	_thaa_thagha_ynk_taajabi_trakaa_nnaam	same
6.2.145	soopamaanaa_t k_ta_hh	same
6.2.146	sa_mj_ynaayaamanaachi_taa_deenaam	same
6.2.147	praw_ri_d_dhaa_deenaa_m cha	same
6.2.148	kaarakaa_d_da_t_tashru_tayoaraeewaashixi	same
6.2.149	_i_t_thambhoo_taeena k_ri_tami_ti cha	same
6.2.150	_anoa bhaawakarmawachana_hh	same
6.2.151	mank_tinwyaakhyaanashayanaasanas_thaanayaajakaa_dikree_taa_hh	same
6.2.152	sap_tamyaa_hh pu_nnyam	same
6.2.153	_oonaar_thakala_ha_m _t_ri_teeyaayaa_hh	same
6.2.154	mishra_m chaanupasargamasa_m_dhou	same
6.2.155	na_ynoa gu_nnapra_tixaee_dhaee sampaa_dyar_ha_hi_taalamar_thaas_ta_d_dhi_taa_hh	same
6.2.156	yaya_toashchaa_ta_dar_thaee	same
6.2.157	_achkaawashak_tou	same
6.2.158	_aakroashaee cha	same
6.2.159	sa_mj_ynaayaam	same
6.2.160	k_ri_tyoakaeex_nnuchchaarwaa_dayashcha	same
6.2.161	wibhaaxaa _t_rinnanna_teekx_nnashuchixu	same
6.2.162	ba_huwree_haawi_damaee_ta_t_ta_dbhya_hh pra_thamapoora_nnayoa_hh kriyaaga_nnanaee	same
6.2.163	sa_mkhyaayaa_hh s_tana_hh	same
6.2.164	wibhaaxaa chhan_dasi	same
6.2.165	sa_mj_ynaayaa_m mi_traajinayoa_hh	same
6.2.166	wyawaayinoa_3n_taram	differs
6.2.167	mukha_m swaa_nggam	same
6.2.168	naawyaya_dikshab_dagoama_ha_ts_thoolamuxtip_ri_thuwa_tsaeebhya_hh	same
6.2.169	nixthoapamaanaa_danya_tarasyaam	same
6.2.170	jaa_tikaalasukhaa_dibhyoa_3naachchhaa_danaa_t k_toa_3k_ri_tami_tapra_tipannaa_hh	differs
6.2.171	waa jaa_taee	same
6.2.172	na_ynsubhyaam	same
6.2.173	kapi poorwam	same
6.2.174	_hraswaan_taee_3n_tyaa_t poorwam	differs
6.2.175	ba_hoarna_ynwa_du_t_tarapa_dabhoomni	same
6.2.176	na gu_nnaa_dayoa_3wayawaa_hh	differs
6.2.177	_upasargaa_t swaa_ngga_m _dhruwamaparshu	same
6.2.178	wana_m samaasaee	same
6.2.179	_an_ta_hh	same
6.2.180	_an_tashcha	same
6.2.181	na niwibhyaam	same
6.2.182	paraeerabhi_toabhaawima_nndalam	same
6.2.183	praa_daswaa_ngga_m sa_mj_ynaayaam	same
6.2.184	niru_dakaa_deeni cha	same
6.2.185	_abhaeermukham	same
6.2.186	_apaachcha	same
6.2.187	sphigapoo_tawee_nnaa_3_ynjoa_3_dhwakukxiseeranaamanaama cha	differs
6.2.188	_a_dhaeeruparis_tham	same
6.2.189	_anoarapra_dhaanakaneeyasee	same
6.2.190	puruxashchaanwaa_dixta_hh	same
6.2.191	_a_taeerak_ri_tpa_daee	same
6.2.192	naeerani_dhaanaee	same
6.2.193	pra_taeera_mshwaa_dayas_ta_tpuruxaee	same
6.2.194	_upaa_d _dwyajajinamagouraa_daya_hh	same
6.2.195	soarawakxaeepa_nnaee	same
6.2.196	wibhaaxoa_tpuchchhaee	same
6.2.197	_dwi_tribhyaa_m paa_d_danmoor_dhasu ba_huwree_hou	same
6.2.198	sak_tha_m chaakraan_taa_t	same
6.2.199	paraa_dishchhan_dasi ba_hulam	same
6.3.1	_alugu_t_tarapa_daee	same
6.3.2	pa_ynchamyaa_hh s_toakaa_dibhya_hh	same
6.3.3	_oaja_hhsa_hoa_3mbhas_tamasa_hh _t_ri_teeyaayaa_hh	differs
6.3.4	manasa_hh sa_mj_ynaayaam	same
6.3.5	_aaj_ynaayini cha	same
6.3.6	_aa_tmanashcha poora_nnaee	same
6.3.7	waiyaakara_nnaakhyaayaa_m cha_tur_thyaa_hh	same
6.3.8	parasya cha	same
6.3.9	_hala_dan_taa_t sap_tamyaa_hh sa_mj_ynaayaam	same
6.3.10	kaaranaamni cha praachaa_m _halaa_dou	same
6.3.11	ma_dhyaa_dgurou	same
6.3.12	_amoor_dhamas_takaa_t swaa_nggaa_dakaamaee	same
6.3.13	ban_dhaee cha wibhaaxaa	same
6.3.14	_ta_tpuruxaee k_ri_ti ba_hulam	same
6.3.15	praaw_ritshara_tkaala_diwaa_m jaee	same
6.3.16	wibhaaxaa warxakxarasharawaraa_t	same
6.3.17	ghakaala_tanaeexu kaalanaamna_hh	same
6.3.18	shayawaasawaasixwakaalaa_t	same
6.3.19	naeensi_d_dhaba_dhnaa_tixu	same
6.3.20	s_thaee cha bhaaxaayaam	same
6.3.21	xaxthyaa _aakroashaee	same
6.3.22	pu_traee_3nya_tarasyaam	differs
6.3.23	_ri_toa wi_dyaayoanisamban_dhaeebhya_hh	same
6.3.24	wibhaaxaa swas_ripa_tyoa_hh	same
6.3.25	_aana_ng _ri_toa _dwan_dwaee	same
6.3.26	_daeewa_taa_dwan_dwaee cha	same
6.3.27	_ee_dagnaee_hh soamawaru_nnayoa_hh	same
6.3.28	_i_dw_ri_d_dhou	same
6.3.29	_diwoa _dyaawaa	same
6.3.30	_diwasashcha p_ri_thiwyaam	same
6.3.31	_uxaasoaxasa_hh	same
6.3.32	maa_tarapi_taraawu_deechaam	same
6.3.33	pi_taraamaa_taraa cha chchhan_dasi	same
6.3.34	s_triyaa_hh pu_mwa_dbhaaxi_tapu_mskaa_danoo_ng samaanaa_dhikara_nnaee s_triyaamapoora_nneepriyaa_3_3_dixu	differs
6.3.35	_tasilaa_dixwaak_ri_twasucha_hh	same
6.3.36	kya_ngmaaninoashcha	same
6.3.37	na koapa_dhaayaa_hh	same
6.3.38	sa_mj_ynaapoora_nnyoashcha	same
6.3.39	w_ri_d_dhinimi_t_tasya cha _ta_d_dhi_tasyaarak_tawikaaraee	same
6.3.40	swaa_nggaachchaee_toa_3maanini	differs
6.3.41	jaa_taeeshcha	same
6.3.42	pu_mwa_t karma_dhaarayajaa_teeya_daeesheeyaeexu	same
6.3.43	gharoopakalpachaeeladbruwagoa_trama_ta_ha_taeexu _ngyoa_3naeekaachoa _hraswa_hh	differs
6.3.44	na_dyaa_hh shaeexasyaanya_tarasyaam	same
6.3.45	_ugi_tashcha	same
6.3.46	_aanma_ha_ta_hh samaanaa_dhikara_nnajaa_teeyayoa_hh	same
6.3.47	_dwyaxtana_hh sa_mkhyaayaamaba_huwree_hyashee_tyoa_hh	same
6.3.48	_traees_traya_hh	same
6.3.49	wibhaaxaa cha_twaari_msha_tprabh_ri_tou sarwaeexaam	same
6.3.50	_h_ri_dayasya _h_rillaeekhaya_da_nnlaasaeexu	same
6.3.51	waa shoakaxya_ynroagaeexu	same
6.3.52	paa_dasya pa_daajyaa_tigoapa_ha_taeexu	same
6.3.53	pa_d ya_tya_ta_dar_thaee	same
6.3.54	_himakaaxi_ha_tixu cha	same
6.3.55	_richa_hh shaee	same
6.3.56	waa ghoaxamishrashab_daeexu	same
6.3.57	_u_dakasyoa_da_hh sa_mj_ynaayaam	same
6.3.58	paeexa_mwaasawaa_hana_dhixu cha	same
6.3.59	_aeeka_halaa_dou poorayi_tawyaee_3nya_tarasyaam	differs
6.3.60	man_thou_danasak_tubin_duwajrabhaara_haaraweewa_dhagaa_haeexu cha	same
6.3.61	_ikoa _hraswoa_3_ngyoa gaalawasya	differs
6.3.62	_aeeka _ta_d_dhi_taee cha	same
6.3.63	_ngyaapoa_hh sa_mj_ynaachhan_dasoarba_hulam	same
6.3.64	_twaee cha	same
6.3.65	_ixtakaeexeekaamaalaanaa_m chi_ta_toolabhaarixu	same
6.3.66	khi_tyanawyayasya	same
6.3.67	_arur_dwixa_dajan_tasya mum	same
6.3.68	_icha _aeekaachoa_3mpra_tyayawachcha	differs
6.3.69	waacha_myamapura_m_darou cha	same
6.3.70	kaaraee sa_tyaaga_dasya	same
6.3.71	shyaeena_tilasya paa_taee _ynaee	same
6.3.72	raa_traee_hh k_ri_ti wibhaaxaa	same
6.3.73	naloapoa na_yna_hh	same
6.3.74	_tasmaannudachi	same
6.3.75	nabhraa_nnnapaannawaee_daanaasa_tyaanamuchinakulanakhanapu_msakanakxa_tranakranaakaeexu prak_ri_tyaa	same
6.3.76	_aeekaa_dishchaikasya chaa_duk	same
6.3.77	nagoa_3praa_nnixwanya_tarasyaam	differs
6.3.78	sa_hasya sa_hh sa_mj_ynaayaam	same
6.3.79	gran_thaan_taa_dhikaee cha	same
6.3.80	_dwi_teeyaee chaanupaakhyaee	same
6.3.81	_awyayeebhaawaee chaakaalaee	same
6.3.82	woapasarjanasya	same
6.3.83	prak_ri_tyaa_3_3shixyagoawa_tsa_halaeexu	differs
6.3.84	samaanasya chhan_dasyamoor_dhaprabh_ri_tyu_darkaeexu	same
6.3.85	jyoa_tirjanapa_daraa_trinaabhinaamagoa_traroopas_thaanawar_nnawayoawachanaban_dhuxu	same
6.3.86	chara_nnaee bra_hmachaari_nni	same
6.3.87	_teer_thaee yaee	same
6.3.88	wibhaaxoa_daraee	same
6.3.89	_d_rig_d_rishawa_tuxu	same
6.3.90	_i_da_ngkimoareeshkee	same
6.3.91	_aa sarwanaamna_hh	same
6.3.92	wixwag_daeewayoashcha taeera_drya_yncha_taawapra_tyayaee	same
6.3.93	sama_hh sami	same
6.3.94	_tirasas_tiryaloapaee	same
6.3.95	sa_hasya sa_dhri_hh	same
6.3.96	sa_dha maa_das_thayoashchhan_dasi	same
6.3.97	_dwyan_tarupasargaeebhyoa_3pa _ee_t	differs
6.3.98	_oo_danoar_daeeshaee	same
6.3.99	_axaxthya_t_ri_teeyaas_thasyaanyasya _dugaasheeraashaa_3_3s_thaa_3_3s_thi_toa_tsukoa_tikaarakaraagachchhaeexu	differs
6.3.100	_ar_thaee wibhaaxaa	same
6.3.101	koa_hh ka_t _ta_tpuruxaee_3chi	differs
6.3.102	ra_thawa_dayoashcha	same
6.3.103	_t_ri_nnaee cha jaa_tou	same
6.3.104	kaa pa_thyakxayoa_hh	same
6.3.105	_eexa_dar_thaee	same
6.3.106	wibhaaxaa puruxaee	same
6.3.107	kawa_m choax_nnaee	same
6.3.108	pa_thi cha chchhan_dasi	same
6.3.109	p_rixoa_daraa_deeni ya_thoapa_dixtam	same
6.3.110	sa_mkhyaawisaayapoorwasyaa_hnasyaa_hannanya_tarasyaa_m _ngou	same
6.3.111	dhraloapaee poorwasya _deerghoa_3_nna_hh	differs
6.3.112	sa_hiwa_hoaroa_dawar_nnasya	same
6.3.113	saadhyai saadhwaa saadhaee_ti nigamaee	same
6.3.114	sa_m_hi_taayaam	same
6.3.115	kar_nnaee lakxa_nnasyaawixtaaxtapa_ynchama_nnibhinnachhinnachhi_drasruwaswas_tikasya	same
6.3.116	na_hiw_ri_tiw_rixiwya_dhiruchisa_hi_tanixu kwou	same
6.3.117	wanagiryoa_hh sa_mj_ynaayaa_m koataraki_mshulakaa_deenaam	same
6.3.118	walaee	same
6.3.119	ma_tou ba_hwachoa_3najiraa_deenaam	differs
6.3.120	sharaa_deenaa_m cha	same
6.3.121	_ika_hh wa_haee_3peeloa_hh	differs
6.3.122	_upasargasya gha_ynyamanuxyaee ba_hulam	same
6.3.123	_ika_hh kaashaee	same
6.3.124	_das_ti	same
6.3.125	_axtana_hh sa_mj_ynaayaam	same
6.3.126	chhan_dasi cha	same
6.3.127	chi_taee_hh kapi	same
6.3.128	wishwasya wasuraatoa_hh	same
6.3.129	naraee sa_mj_ynaayaam	same
6.3.130	mi_traee charxou	same
6.3.131	man_traee soamaashwaeen_driyawishwa_daeewyasya ma_tou	same
6.3.132	_oaxa_dhaeeshcha wibhak_taawapra_thamaayaam	same
6.3.133	_richi _tunughamakxu_ta_ngku_troaruxyaa_nnaam	same
6.3.134	_ika_hh su_yni	same
6.3.135	_dwyachoa_3_tas_ti_nga_hh	differs
6.3.136	nipaa_tasya cha	same
6.3.137	_anyaeexaamapi _d_rishya_taee	same
6.3.138	chou	same
6.3.139	samprasaara_nnasya	same
6.4.1	_a_nggasya	same
6.4.2	_hala_hh	same
6.4.3	naami	same
6.4.4	na _tis_richa_tas_ri	same
6.4.5	chhan_dasyubhaya_thaa	same
6.4.6	n_ri cha	same
6.4.7	noapa_dhaayaa_hh	same
6.4.8	sarwanaamas_thaanaee chaasambu_d_dhou	same
6.4.9	waa xapoorwasya nigamaee	same
6.4.10	saan_tama_ha_ta_hh sa_myoagasya	same
6.4.11	_ap_t_rin_t_richswas_rinap_t_rinaeext_ri_twaxt_rikxa_t_t_ri_hoa_t_ripoa_t_riprashaas_ta"e_D"_nnaam	differs
6.4.12	_in_hanpooxaaryam_nnaa_m shou	same
6.4.13	sou cha	same
6.4.14	_a_twasan_tasya chaa_dhaa_toa_hh	same
6.4.15	_anunaasikasya kwijhaloa_hh k_ngi_ti	same
6.4.16	_ajjhanagamaa_m sani	same
6.4.17	_tanoa_taeerwibhaaxaa	same
6.4.18	kramashcha k_twi	same
6.4.19	chchhwoa_hh shoodanunaasikaee cha	same
6.4.20	jwara_twarasriwyawimawaamupa_dhaayaashcha	same
6.4.21	raalloapa_hh	same
6.4.22	_asi_d_dhawa_da_traabhaa_t	same
6.4.23	shnaannaloapa_hh	same
6.4.24	_ani_di_taa_m _hala _upa_dhaayaa_hh k_ngi_ti	same
6.4.25	_da_mshasa_ynjaswa_ynjaa_m shapi	same
6.4.26	ra_ynjaeeshcha	same
6.4.27	gha_yni cha bhaawakara_nnayoa_hh	same
6.4.28	sya_doa jawaee	same
6.4.29	_awoa_dai_dhou_dmaprashra_tha_himashra_thaa_hh	same
6.4.30	naa_ynchaee_hh poojaayaam	same
6.4.31	k_twi skan_disyan_doa_hh	same
6.4.32	jaan_tanashaa_m wibhaaxaa	same
6.4.33	bha_ynjaeeshcha chi_nni	same
6.4.34	shaasa _i_da_ng_haloa_hh	same
6.4.35	shaa _hou	same
6.4.36	_han_taeerja_hh	same
6.4.37	_anu_daa_t_toapa_daeeshawana_ti_tanoa_tyaa_deenaamanunaasika loapoa jhali k_ngi_ti	same
6.4.38	waa lyapi	same
6.4.39	na k_tichi _deerghashcha	same
6.4.40	gama_hh kwou	same
6.4.41	widwanoaranunaasikasyaa_t	same
6.4.42	janasanakhanaa_m sa_ynjhaloa_hh	same
6.4.43	yaee wibhaaxaa	same
6.4.44	_tanoa_taeeryaki	same
6.4.45	sana_hh k_tichi loapashchaasyaanya_tarasyaam	same
6.4.46	_aar_dha_dhaa_tukaee	same
6.4.47	bhrasjoa roapa_dhayoa_hh ramanya_tarasyaam	same
6.4.48	_a_toa loapa_hh	same
6.4.49	yasya _hala_hh	same
6.4.50	kyasya wibhaaxaa	same
6.4.51	_nnaeeraniti	same
6.4.52	nixthaayaa_m saeeti	same
6.4.53	jani_taa man_traee	same
6.4.54	shami_taa yaj_ynaee	same
6.4.55	_ayaaman_taalwaayyaee_tnwix_nnuxu	same
6.4.56	lyapi laghupoorwaa_t	same
6.4.57	wibhaaxaapa_hh	same
6.4.58	yupluwoar_deerghashchhan_dasi	same
6.4.59	kxiya_hh	same
6.4.60	nixthaayaama_nnya_dar_thaee	same
6.4.61	waakroasha_dainyayoa_hh	same
6.4.62	syasichseeyut_taasixu bhaawakarma_nnoarupa_daeeshaee_3jjhanagra_ha_d_rishaa_m waa chi_nnwa_dit cha	differs
6.4.63	_dee_ngoa yudachi k_ngi_ti	same
6.4.64	_aa_toa loapa _iti cha	same
6.4.65	_ee_dya_ti	same
6.4.66	ghumaas_thaagaapaaja_haa_tisaa_m _hali	same
6.4.67	_aeerli_ngi	same
6.4.68	waa_3nyasya sa_myoagaa_daee_hh	differs
6.4.69	na lyapi	same
6.4.70	maya_taeeri_danya_tarasyaam	same
6.4.71	lu_ngla_ngl_ri_ngkxwadu_daa_t_ta_hh	same
6.4.72	_aadajaa_deenaam	same
6.4.73	chhan_dasyapi _d_rishya_taee	same
6.4.74	na maa_ngyoagaee	same
6.4.75	ba_hula_m chhan_dasyamaa_ngyoagaee_3pi	differs
6.4.76	_irayoa raee	same
6.4.77	_achi shnu_dhaa_tubhruwaa_m ywoariya_nguwa_ngou	same
6.4.78	_abhyaasasyaasawar_nnaee	same
6.4.79	s_triyaa_hh	same
6.4.80	waa_3mshasoa_hh	differs
6.4.81	_i_nnoa ya_nn	same
6.4.82	_aeeranaeekaachoa_3sa_myoagapoorwasya	differs
6.4.83	_oa_hh supi	same
6.4.84	warxaabhwashcha	same
6.4.85	na bhoosu_dhiyoa_hh	same
6.4.86	chhan_dasyubhaya_thaa	same
6.4.87	_hushnuwoa_hh saarwa_dhaa_tukaee	same
6.4.88	bhuwoa wuglu_nglitoa_hh	same
6.4.89	_oo_dupa_dhaayaa goa_ha_hh	same
6.4.90	_doaxoa _nnou	same
6.4.91	waa chi_t_tawiraagaee	same
6.4.92	mi_taa_m _hraswa_hh	same
6.4.93	chi_nn_nnamuloar_deerghoa_3nya_tarasyaam	differs
6.4.94	khachi _hraswa_hh	same
6.4.95	_hlaa_doa nixthaayaam	same
6.4.96	chhaa_daeerghaee_3_dwyupasargasya	differs
6.4.97	_isman_trankwixu cha	same
6.4.98	gama_hanajanakhanaghasaa_m loapa_hh k_ngi_tyana_ngi	same
6.4.99	_tanipa_tyoashchhan_dasi	same
6.4.100	ghasibhasoar_hali cha	same
6.4.101	_hujhalbhyoa _haeer_dhi_hh	same
6.4.102	shrush_ri_nnupa"e_D"k_riw_ribhyashchhan_dasi	differs
6.4.103	_a_ngi_tashcha	same
6.4.104	chi_nnoa luk	same
6.4.105	_a_toa _haee_hh	same
6.4.106	_u_tashcha pra_tyayaa_dasa_myoagapoorwaa_t	same
6.4.107	loapashchaasyaanya_tarasyaa_m mwoa_hh	same
6.4.108	ni_tya_m karoa_taee_hh	same
6.4.109	yaee cha	same
6.4.110	_a_ta _u_t saarwa_dhaa_tukaee	same
6.4.111	shnasoaralloapa_hh	same
6.4.112	shnaa_3bhyas_tayoaraa_ta_hh	differs
6.4.113	_ee _halyaghoa_hh	same
6.4.114	_i_d_dari_drasya	same
6.4.115	bhiyoa_3nya_tarasyaam	differs
6.4.116	ja_haa_taeeshcha	same
6.4.117	_aa cha _hou	same
6.4.118	loapoa yi	same
6.4.119	ghwasoaraee_d_dhaawabhyaasaloapashcha	same
6.4.120	_a_ta _aeeka_halma_dhyaee_3naa_daeeshaa_daeerliti	differs
6.4.121	_thali cha saeeti	same
6.4.122	_ta"e_D"phalabhaja_trapashcha	differs
6.4.123	raa_dhoa _hi_msaayaam	same
6.4.124	waa ja"e_D"bhramu_trasaam	differs
6.4.125	pha_nnaa_m cha sap_taanaam	same
6.4.126	na shasa_da_dawaa_digu_nnaanaam	same
6.4.127	_arwa_nnas_trasaawana_yna_hh	same
6.4.128	maghawaa ba_hulam	same
6.4.129	bhasya	same
6.4.130	paa_da_hh pa_t	same
6.4.131	wasoa_hh samprasaara_nnam	same
6.4.132	waa_ha _ooth	same
6.4.133	shwayuwamaghoanaama_ta_d_dhi_taee	same
6.4.134	_alloapoa_3na_hh	differs
6.4.135	xapoorwa_han_dh_ri_taraaj_ynaama_nni	same
6.4.136	wibhaaxaa _ngishyoa_hh	same
6.4.137	na sa_myoagaa_dwaman_taa_t	same
6.4.138	_acha_hh	same
6.4.139	_u_da _ee_t	same
6.4.140	_aa_toa _dhaa_toa_hh	same
6.4.141	man_traeexwaa_ngyaa_daeeraa_tmana_hh	same
6.4.142	_ti wi_msha_taeerdi_ti	same
6.4.143	taee_hh	same
6.4.144	nas_ta_d_dhi_taee	same
6.4.145	_a_hnaxtakhoaraeewa	same
6.4.146	_oargu_nna_hh	same
6.4.147	dhaee loapoa_3ka_drwaa_hh	differs
6.4.148	yasyaee_ti cha	same
6.4.149	soorya_tixyaagas_tyama_tsyaanaa_m ya _upa_dhaayaa_hh	same
6.4.150	_halas_ta_d_dhi_tasya	same
6.4.151	_aapa_tyasya cha _ta_d_dhi_taee_3naa_ti	differs
6.4.152	kyachwyoashcha	same
6.4.153	bilwakaa_dibhyashchhasya luk	same
6.4.154	_turixthaeemaeeyassu	same
6.4.155	taee_hh	same
6.4.156	s_thoola_doorayuwa_hraswakxiprakxu_draa_nnaa_m ya_nnaa_dipara_m poorwasya cha gu_nna_hh	same
6.4.157	priyas_thirasphiroaruba_hulaguruw_ri_d_dha_t_ripra_deerghaw_rin_daarakaa_nnaa_m pras_thasphawarba_m_higarwarxi_trab_draaghiw_rin_daa_hh	same
6.4.158	ba_hoarloapoa bhoo cha ba_hoa_hh	same
6.4.159	_ixthasya yit cha	same
6.4.160	jyaa_daa_deeyasa_hh	same
6.4.161	ra _ri_toa _halaa_daeerlaghoa_hh	same
6.4.162	wibhaaxarjoashchhan_dasi	same
6.4.163	prak_ri_tyaikaach	same
6.4.164	_ina_nnyanapa_tyaee	same
6.4.165	gaa_thiwi_da_thikaeeshiga_nnipa_nninashcha	same
6.4.166	sa_myoagaa_dishcha	same
6.4.167	_an	same
6.4.168	yaee chaabhaawakarma_nnoa_hh	same
6.4.169	_aa_tmaa_dhwaanou khaee	same
6.4.170	na mapoorwoa_3pa_tyaee_3warma_nna_hh	differs
6.4.171	braa_hmoa_3jaa_tou	differs
6.4.172	kaarmas_taachchheelyaee	same
6.4.173	_oukxamanapa_tyaee	same
6.4.174	_daa_nndinaayana_haas_tinaayanaa_tharwa_nnikajai_hmaashinaeeyawaashinaayanibhrou_nna_ha_tya_dhaiwa_tyasaarawaikxwaakamai_traeeya_hira_nnmayaani	same
6.4.175	_ri_twyawaas_twyawaas_twamaa_dhwee_hira_nnyayaani chchhan_dasi	same
7.1.1	yuwoaranaakou	same
7.1.2	_aayanaeeyeeneeyiya_hh phadhakhachchhaghaa_m pra_tyayaa_deenaam	same
7.1.3	jhoa_3n_ta_hh	differs
7.1.4	_a_dabhyas_taa_t	same
7.1.5	_aa_tmanaeepa_daeexwana_ta_hh	same
7.1.6	shee_ngoa rut	same
7.1.7	waee_t_taeerwibhaaxaa	same
7.1.8	ba_hula_m chhan_dasi	same
7.1.9	_a_toa bhisa _ais	same
7.1.10	ba_hula_m chhan_dasi	same
7.1.11	naee_dama_dasoarakoa_hh	same
7.1.12	taa_ngasi_ngasaaminaa_tsyaa_hh	same
7.1.13	_ngaeerya_hh	same
7.1.14	sarwanaamna_hh smai	same
7.1.15	_ngasi_ngyoa_hh smaa_tsminou	same
7.1.16	poorwaa_dibhyoa nawabhyoa waa	same
7.1.17	jasa_hh shee	same
7.1.18	_ou_nga _aapa_hh	same
7.1.19	napu_msakaachcha	same
7.1.20	jashshasoa_hh shi_hh	same
7.1.21	_axtaabhya _oush	same
7.1.22	xadbhyoa luk	same
7.1.23	swamoarnapu_msakaa_t	same
7.1.24	_a_toa_3m	differs
7.1.25	_a_dd da_taraa_dibhya_hh pa_ynchabhya_hh	same
7.1.26	naee_taraachchhan_dasi	same
7.1.27	yuxma_dasma_dbhyaa_m _ngasoa_3sh	differs
7.1.28	_ngaee pra_thamayoaram	same
7.1.29	shasoa na	same
7.1.30	bhyasoa bhyam	same
7.1.31	pa_ynchamyaa _a_t	same
7.1.32	_aeekawachanasya cha	same
7.1.33	saama _aakam	same
7.1.34	_aa_ta _ou _nnala_hh	same
7.1.35	_tu_hyoas_taa_ta_ng_ngaashixyanya_tarasyaam	same
7.1.36	wi_daee_hh sha_turwasu_hh	same
7.1.37	samaasaee_3na_ynpoorwaee k_twoa lyap	differs
7.1.38	k_twaa_3pi chhan_dasi	differs
7.1.39	supaa_m sulukpoorwasawar_nnaa_3_3chchhaeeyaadaadyaayaajaala_hh	differs
7.1.40	_amoa mash	same
7.1.41	loapas_ta _aa_tmanaeepa_daeexu	same
7.1.42	_dhwamoa _dhwaa_t	same
7.1.43	yaja_dhwainami_ti cha	same
7.1.44	_tasya _taa_t	same
7.1.45	_tap_tanap_tana_thanaashcha	same
7.1.46	_i_dan_toa masi	same
7.1.47	k_twoa yak	same
7.1.48	_ixtweenami_ti cha	same
7.1.49	snaa_twyaa_dayashcha	same
7.1.50	_aajjasaeerasuk	same
7.1.51	_ashwakxeeraw_rixalawa_nnaanaamaa_tmapree_tou kyachi	same
7.1.52	_aami sarwanaamna_hh sut	same
7.1.53	_traees_traya_hh	same
7.1.54	_hraswana_dyaapoa nut	same
7.1.55	xatcha_turbhyashcha	same
7.1.56	shreegraama_nnyoashchhan_dasi	same
7.1.57	goa_hh paa_daan_taee	same
7.1.58	_i_di_toa num _dhaa_toa_hh	same
7.1.59	shaee muchaa_deenaam	same
7.1.60	masjinashoarjhali	same
7.1.61	ra_dhijabhoarachi	same
7.1.62	naeetyaliti ra_dhaee_hh	same
7.1.63	rabhaeerashablitoa_hh	same
7.1.64	labhaeeshcha	same
7.1.65	_aa_ngoa yi	same
7.1.66	_upaa_t prasha_msaayaam	same
7.1.67	_upasargaa_t khalgha_ynoa_hh	same
7.1.68	na su_durbhyaa_m kaeewalaabhyaam	same
7.1.69	wibhaaxaa chi_nn_nnamuloa_hh	same
7.1.70	_ugi_dachaa_m sarwanaamas_thaanaee_3_dhaa_toa_hh	differs
7.1.71	yujaeerasamaasaee	same
7.1.72	napu_msakasya jhalacha_hh	same
7.1.73	_ikoa_3chi wibhak_tou	differs
7.1.74	_t_ri_teeyaa_dixu bhaaxi_tapu_mska_m pu_mwa_dgaalawasya	same
7.1.75	_as_thi_da_dhisak_thyakx_nnaamana_ngu_daa_t_ta_hh	same
7.1.76	chhan_dasyapi _d_rishya_taee	same
7.1.77	_ee cha _dwiwachanaee	same
7.1.78	naabhyas_taachchha_tu_hh	same
7.1.79	waa napu_msakasya	same
7.1.80	_aachchheena_dyoarnum	same
7.1.81	shapshyanoarni_tyam	same
7.1.82	saawanadu_ha_hh	same
7.1.83	_d_rikswawasswa_tawasaa_m chhan_dasi	same
7.1.84	_diwa _ou_t	same
7.1.85	pa_thima_thy_ribhukxaamaa_t	same
7.1.86	_i_toa_3_t sarwanaamas_thaanaee	differs
7.1.87	_thoa n_tha_hh	same
7.1.88	bhasya taeerloapa_hh	same
7.1.89	pu_msoa_3su_ng	differs
7.1.90	goa_toa _nni_t	same
7.1.91	_nnalu_t_tamoa waa	same
7.1.92	sakhyurasambu_d_dhou	same
7.1.93	_ana_ng sou	same
7.1.94	_ri_dushanaspuru_da_msoa_3naee_hasaa_m cha	differs
7.1.95	_t_rijwa_t kroaxtu_hh	same
7.1.96	s_triyaa_m cha	same
7.1.97	wibhaaxaa _t_ri_teeyaa_dixwachi	same
7.1.98	cha_turanadu_hoaraamu_daa_t_ta_hh	same
7.1.99	_am sambu_d_dhou	same
7.1.100	`_ta _i_d_dhaa_toa_hh	differs
7.1.101	_upa_dhaayaashcha	same
7.1.102	_u_doaxthyapoorwasya	same
7.1.103	ba_hula_m chhan_dasi	same
7.2.1	sichi w_ri_d_dhi_hh parasmaipa_daeexu	same
7.2.2	_a_toa lraan_tasya	same
7.2.3	wa_dawraja_halan_tasyaacha_hh	same
7.2.4	naeeti	same
7.2.5	_hmyan_takxa_nnashwasajaag_ri_nnishwyaee_di_taam	same
7.2.6	_oor_nnoa_taeerwibhaaxaa	same
7.2.7	_a_toa _halaa_daeerlaghoa_hh	same
7.2.8	naeed washi k_ri_ti	same
7.2.9	_ti_tu_tra_ta_thasisusarakasaeexu cha	same
7.2.10	_aeekaacha _upa_daeeshaee_3nu_daa_t_taa_t	differs
7.2.11	shryuka_hh ki_ti	same
7.2.12	sani gra_hagu_hoashcha	same
7.2.13	k_ris_ribh_riw_ris_tu_drusrushruwoa liti	same
7.2.14	shwee_di_toa nixthaayaam	same
7.2.15	yasya wibhaaxaa	same
7.2.16	_aa_di_tashcha	same
7.2.17	wibhaaxaa bhaawaa_dikarma_nnoa_hh	same
7.2.18	kxub_dhaswaan_ta_dhwaan_talagnamlixtawirib_dhaphaa_nntabaadhaani man_thamanas_tama_hhsak_taawispaxtaswaraanaayaasabh_rishaeexu	same
7.2.19	_dh_rixishasee waiyaa_tyaee	same
7.2.20	_d_ridha_hh s_thoolabalayoa_hh	same
7.2.21	prabhou pariw_ridha_hh	same
7.2.22	k_richchhraga_hanayoa_hh kaxa_hh	same
7.2.23	ghuxirawishab_danaee	same
7.2.24	_ar_daee_hh sa_mniwibhya_hh	same
7.2.25	_abhaeeshchaawi_dooryaee	same
7.2.26	_nnaeera_dhyayanaee w_ri_t_tam	same
7.2.27	waa _daan_tashaan_tapoor_nna_das_taspaxtachchhannaj_ynap_taa_hh	same
7.2.28	ruxyama_twarasa_mghuxaaswanaam	same
7.2.29	_h_rixaeerloamasu	same
7.2.30	_apachi_tashcha	same
7.2.31	_hru _hwaraeeshchhan_dasi	same
7.2.32	_apari_hw_ri_taashcha	same
7.2.33	soamaee _hwari_ta_hh	same
7.2.34	grasi_taskabhi_tas_tabhi_toa_t_tabhi_tacha_t_tawikas_taawishas_t_risha_ms_t_rishaas_t_ri_taru_t_ri_taroo_t_riwaru_t_riwaroo_t_riwaroo_treerujjwali_tikxari_tikxami_tiwami_tyami_tee_ti cha	same
7.2.35	_aar_dha_dhaa_tukasyaeed walaa_daee_hh	same
7.2.36	snukramoaranaa_tmanaeepa_danimi_t_taee	same
7.2.37	gra_hoa_3liti _deergha_hh	differs
7.2.38	wa"e_D"_toa waa	differs
7.2.39	na li_ngi	same
7.2.40	sichi cha parasmaipa_daeexu	same
7.2.41	_it sani waa	same
7.2.42	li_ngsichoaraa_tmanaeepa_daeexu	same
7.2.43	_ri_tashcha sa_myoagaa_daee_hh	same
7.2.44	swara_tisoo_tisooya_ti_dhoo_ynoo_di_toa waa	same
7.2.45	ra_dhaa_dibhyashcha	same
7.2.46	nira_hh kuxa_hh	same
7.2.47	_i_nnnixthaayaam	same
7.2.48	_teexasa_halubharuxarixa_hh	same
7.2.49	saneewan_tar_dhabhrasja_dambhushrisw_riyoor_nnubharaj_ynapisanaam	same
7.2.50	klisha_hh k_twaanixthayoa_hh	same
7.2.51	poo_ngashcha	same
7.2.52	wasa_tikxu_dhoarit	same
7.2.53	_a_ynchaee_hh poojaayaam	same
7.2.54	lubhoa wimoa_hanaee	same
7.2.55	ja"e_D"wrashchyoa_hh k_twi	differs
7.2.56	_u_di_toa waa	same
7.2.57	saee_3sichi k_ri_tach_ri_tachchh_ri_da_t_ri_dan_ri_ta_hh	differs
7.2.58	gamaeerit parasmaipa_daeexu	same
7.2.59	na w_ri_dbhyashcha_turbhya_hh	same
7.2.60	_taasi cha ka"e_b"pa_hh	differs
7.2.61	_achas_taaswa_t _thalyanitoa ni_tyam	same
7.2.62	_upa_daeeshaee_3_twa_ta_hh	differs
7.2.63	_ri_toa bhaara_dwaajasya	same
7.2.64	babhoo_thaa_ta_tan_thajag_rimbhawawar_thaee_ti nigamaee	same
7.2.65	wibhaaxaa s_riji_d_rishoa_hh	same
7.2.66	_ida_t_tyar_tiwyaya_teenaam	same
7.2.67	waswaeekaajaa_dghasaam	same
7.2.68	wibhaaxaa gama_hanawi_dawishaam	same
7.2.69	sani_msasaniwaa_msam	same
7.2.70	_ri_d_dhanoa_hh syaee	same
7.2.71	_a_ynjaee_hh sichi	same
7.2.72	s_tusu_dhoo_ynbhya_hh parasmaipa_daeexu	same
7.2.73	yamaramanamaa_taa_m sak cha	same
7.2.74	smipoo_ngra_ynjwashaa_m sani	same
7.2.75	kirashcha pa_ynchabhya_hh	same
7.2.76	ru_daa_dibhya_hh saarwa_dhaa_tukaee	same
7.2.77	_eesha_hh saee	same
7.2.78	_eedajanoar_dhwaee cha	same
7.2.79	li_nga_hh saloapoa_3nan_tyasya	differs
7.2.80	_a_toa yaeeya_hh	same
7.2.81	_aa_toa _ngi_ta_hh	same
7.2.82	_aanaee muk	same
7.2.83	_ee_daasa_hh	same
7.2.84	_axtana _aa wibhak_tou	same
7.2.85	raayoa _hali	same
7.2.86	yuxma_dasma_doaranaa_daeeshaee	same
7.2.87	_dwi_teeyaayaa_m cha	same
7.2.88	pra_thamaayaashcha _dwiwachanaee bhaaxaayaam	same
7.2.89	yoa_3chi	differs
7.2.90	shaeexaee loapa_hh	same
7.2.91	maparyan_tasya	same
7.2.92	yuwaawou _dwiwachanaee	same
7.2.93	yooyawayou jasi	same
7.2.94	_twaa_hou sou	same
7.2.95	_tubhyama_hyou _ngayi	same
7.2.96	_tawamamou _ngasi	same
7.2.97	_twamaawaeekawachanaee	same
7.2.98	pra_tyayoa_t_tarapa_dayoashcha	same
7.2.99	_tricha_turoa_hh s_triyaa_m _tis_richa_tas_ri	same
7.2.100	_achi ra _ri_ta_hh	same
7.2.101	jaraayaa jarasanya_tarasyaam	same
7.2.102	_tya_daa_deenaama_hh	same
7.2.103	kima_hh ka_hh	same
7.2.104	ku _ti_hoa_hh	same
7.2.105	kwaa_ti	same
7.2.106	_ta_doa_hh sa_hh saawanan_tyayoa_hh	same
7.2.107	_a_dasa _ou suloapashcha	same
7.2.108	_i_damoa ma_hh	same
7.2.109	_dashcha	same
7.2.110	ya_hh sou	same
7.2.111	_i_doa_3y pu_msi	differs
7.2.112	_anaapyaka_hh	same
7.2.113	_hali loapa_hh	same
7.2.114	m_rijaeerw_ri_d_dhi_hh	same
7.2.115	_achoa _yn_nni_ti	same
7.2.116	_a_ta _upa_dhaayaa_hh	same
7.2.117	_ta_d_dhi_taeexwachaamaa_daee_hh	same
7.2.118	ki_ti cha	same
7.3.1	_daeewikaashi_mshapaa_di_tyawaad_deerghasa_trashraeeyasaamaa_t	same
7.3.2	kaeekayami_t_trayupralayaanaa_m yaa_daeeriya_hh	same
7.3.3	na ywaabhyaa_m pa_daan_taabhyaam poorwou _tu _taabhyaamaich	same
7.3.4	_dwaaraa_deenaa_m cha	same
7.3.5	nyagroa_dhasya cha kaeewalasya	same
7.3.6	na karmawya_ti_haaraee	same
7.3.7	swaaga_taa_deenaa_m cha	same
7.3.8	shwaa_daeeri_yni	same
7.3.9	pa_daan_tasyaanya_tarasyaam	same
7.3.10	_u_t_tarapa_dasya	same
7.3.11	_awayawaa_d_ri_toa_hh	same
7.3.12	susarwaar_dhaajjanapa_dasya	same
7.3.13	_dishoa_3ma_draa_nnaam	differs
7.3.14	praachaa_m graamanagaraa_nnaam	same
7.3.15	sa_mkhyaayaa_hh sa_mwa_tsarasa_mkhyasya cha	same
7.3.16	warxasyaabhawixya_ti	same
7.3.17	parimaa_nnaan_tasyaasa_mj_ynaashaa_nnayoa_hh	same
7.3.18	jaee proaxthapa_daanaam	same
7.3.19	_h_ri_dbhagasin_dhwan_taee poorwapa_dasya cha	same
7.3.20	_anusha_tikaa_deenaa_m cha	same
7.3.21	_daeewa_taa_dwan_dwaee cha	same
7.3.22	naeen_drasya parasya	same
7.3.23	_deerghaachcha waru_nnasya	same
7.3.24	praachaa_m nagaraan_taee	same
7.3.25	ja_nggala_dhaeenuwalajaan_tasya wibhaaxi_tamu_t_taram	same
7.3.26	_ar_dhaa_t parimaa_nnasya poorwasya _tu waa	same
7.3.27	naa_ta_hh parasya	same
7.3.28	prawaa_ha_nnasya dhaee	same
7.3.29	_ta_tpra_tyayasya cha	same
7.3.30	na_yna_hh shucheeshwarakxaee_traj_ynakushalanipu_nnaanaam	same
7.3.31	ya_thaa_ta_thaya_thaapurayoa_hh paryaayaee_nna	same
7.3.32	_hanas_toa_3chi_nn_nnaloa_hh	differs
7.3.33	_aa_toa yuk chi_nnk_ri_toa_hh	same
7.3.34	noa_daa_t_toapa_daeeshasya maan_tasyaanaachamaee_hh	same
7.3.35	janiwa_dhyoashcha	same
7.3.36	_ar_ti_hreewleereeknooyeekxmaayyaa_taa_m pu_ng_nnou	same
7.3.37	shaachchhaasaa_hwaawyaawaeepaa_m yuk	same
7.3.38	woa wi_dhoonanaee juk	same
7.3.39	leeloarnuglukaawanya_tarasyaa_m snaee_hawipaa_tanaee	same
7.3.40	bhiyoa _haee_tubhayaee xuk	same
7.3.41	sphaayoa wa_hh	same
7.3.42	sha_daeeraga_tou _ta_hh	same
7.3.43	ru_ha_hh poa_3nya_tarasyaam	differs
7.3.44	pra_tyayas_thaa_t kaa_t poorwasyaa_ta _i_daapyasupa_hh	same
7.3.45	na yaasayoa_hh	same
7.3.46	_u_deechaamaa_ta_hh s_thaanaee yakapoorwaayaa_hh	same
7.3.47	bhas_traixaa_3jaaj_ynaa_dwaaswaana_ynpoorwaa_nnaamapi	differs
7.3.48	_abhaaxi_tapu_mskaachcha	same
7.3.49	_aa_daachaaryaa_nnaam	same
7.3.50	thasyaeeka_hh	same
7.3.51	_isusuk_taan_taa_t ka_hh	same
7.3.52	chajoa_hh ku ghi_nn_nnya_toa_hh	same
7.3.53	nya_ngkwaa_deenaa_m cha	same
7.3.54	_hoa _han_taeer_yn_nninnaeexu	same
7.3.55	_abhyaasaachcha	same
7.3.56	_haeeracha_ngi	same
7.3.57	sanlitoarjaee_hh	same
7.3.58	wibhaaxaa chaee_hh	same
7.3.59	na kwaa_daee_hh	same
7.3.60	_ajiwrajyoashcha	same
7.3.61	bhujanyubjou paa_nnyupa_taapayoa_hh	same
7.3.62	prayaajaanuyaajou yaj_ynaa_nggaee	same
7.3.63	wa_ynchaeerga_tou	same
7.3.64	_oaka _ucha_hh kaee	same
7.3.65	_nnya _aawashyakaee	same
7.3.66	yajayaacharuchaprawacharchashcha	same
7.3.67	wachoa_3shab_dasa_mj_ynaayaam	differs
7.3.68	prayoajyaniyoajyou shakyaar_thaee	same
7.3.69	bhoajya_m bhakxyaee	same
7.3.70	ghoarloapoa laeeti waa	same
7.3.71	_oa_ta_hh shyani	same
7.3.72	ksasyaachi	same
7.3.73	lugwaa _du_ha_di_hali_hagu_haamaa_tmanaeepa_daee _dan_tyaee	same
7.3.74	shamaamaxtaanaa_m _deergha_hh shyani	same
7.3.75	xthiwuklamuchamaa_m shi_ti	same
7.3.76	krama_hh parasmaipa_daeexu	same
7.3.77	_ixugamiyamaa_m chha_hh	same
7.3.78	paaghraa_dhmaas_thaamnaa_daa_nn_d_rishyar_t_tisar_t_tisha_dasa_daa_m pibajighra_dhama_tixthamanayachchhapashyarchchha_dhousheeyasee_daa_hh	same
7.3.79	j_ynaajanoarjaa	same
7.3.80	pwaa_deenaa_m _hraswa_hh	same
7.3.81	meenaa_taeernigamaee	same
7.3.82	mi_daeergu_nna_hh	same
7.3.83	jusi cha	same
7.3.84	saarwa_dhaa_tukaar_dha_dhaa_tukayoa_hh	same
7.3.85	jaagroa_3wichi_nn_nnal_ngi_tsu	differs
7.3.86	pugan_talaghoopa_dhasya cha	same
7.3.87	naabhyas_tasyaachi pi_ti saarwa_dhaa_tukaee	same
7.3.88	bhoosuwoas_ti_ngi	same
7.3.89	_u_toa w_ri_d_dhirluki _hali	same
7.3.90	_oor_nnoa_taeerwibhaaxaa	same
7.3.91	gu_nnoa_3p_rik_taee	differs
7.3.92	_t_ri_nna_ha _im	same
7.3.93	bruwa _eet	same
7.3.94	ya_ngoa waa	same
7.3.95	_turus_tushamyama_hh saarwa_dhaa_tukaee	same
7.3.96	_as_tisichoa_3p_rik_taee	differs
7.3.97	ba_hula_m chhan_dasi	same
7.3.98	ru_dashcha pa_ynchabhya_hh	same
7.3.99	_adgaargyagaalawayoa_hh	same
7.3.100	_a_da_hh sarwaeexaam	same
7.3.101	_a_toa _deerghoa ya_yni	same
7.3.102	supi cha	same
7.3.103	ba_huwachanaee jhalyaee_t	same
7.3.104	_oasi cha	same
7.3.105	_aa_ngi chaapa_hh	same
7.3.106	sambu_d_dhou cha	same
7.3.107	_ambaa_3r_thana_dyoar_hraswa_hh	differs
7.3.108	_hraswasya gu_nna_hh	same
7.3.109	jasi cha	same
7.3.110	_ri_toa _ngisarwanaamas_thaanayoa_hh	same
7.3.111	ghaeer_ngi_ti	same
7.3.112	_aa_nnna_dyaa_hh	same
7.3.113	yaadaapa_hh	same
7.3.114	sarwanaamna_hh syaaddhraswashcha	same
7.3.115	wibhaaxaa _dwi_teeyaa_t_ri_teeyaabhyaam	same
7.3.116	_ngaeeraamna_dyaamneebhya_hh	same
7.3.117	_i_du_dbhyaam	same
7.3.118	_ou_t	same
7.3.119	_achcha ghaee_hh	same
7.3.120	_aa_ngoa naa_3s_triyaam	differs
7.4.1	_nnou cha_ngyupa_dhaayaa _hraswa_hh	same
7.4.2	naagloapishaasw_ri_di_taam	same
7.4.3	bhraajabhaasabhaaxa_deepajeewameelapeedaamanya_tarasyaam	same
7.4.4	loapa_hh piba_taeereechchaabhyaasasya	same
7.4.5	_tixtha_taeeri_t	same
7.4.6	jighra_taeerwaa	same
7.4.7	_ur_ri_t	differs
7.4.8	ni_tya_m chhan_dasi	same
7.4.9	_daya_taeer_digi liti	same
7.4.10	_ri_tashcha sa_myoagaa_daeergu_nna_hh	same
7.4.11	_richchha_tya"e_D"_taam	differs
7.4.12	sha"e_D"_da"e_D"praa_m _hraswoa waa	differs
7.4.13	kaee_3_nna_hh	differs
7.4.14	na kapi	same
7.4.15	_aapoa_3nya_tarasyaam	differs
7.4.16	_ri_d_rishoa_3_ngi gu_nna_hh	differs
7.4.17	_asya_taees_thuk	same
7.4.18	shwaya_taeera_hh	same
7.4.19	pa_ta_hh pum	same
7.4.20	wacha _um	same
7.4.21	shee_nga_hh saarwa_dhaa_tukaee gu_nna_hh	same
7.4.22	_aya_ng yi k_ngi_ti	same
7.4.23	_upasargaa_d_dhraswa _oo_ha_taee_hh	same
7.4.24	_aee_taeerli_ngi	same
7.4.25	_ak_ri_tsaarwa_dhaa_tukayoar_deergha_hh	same
7.4.26	chwou cha	same
7.4.27	ree_ng _ri_ta_hh	same
7.4.28	ri_ng shayagli_ngkxu	same
7.4.29	gu_nnoa_3r_tisa_myoagaa_dyoa_hh	differs
7.4.30	ya_ngi cha	same
7.4.31	_ee ghraa_dhmoa_hh	same
7.4.32	_asya chwou	same
7.4.33	kyachi cha	same
7.4.34	_ashanaayoa_danya_dhanaayaa bubhukxaapipaasaagar_d_dhaeexu	same
7.4.35	na chchhan_dasyapu_trasya	same
7.4.36	_durasyur_drawi_nnasyurw_rixa_nnya_tirixa_nnya_ti	same
7.4.37	_ashwaaghasyaa_t	same
7.4.38	_daeewasumnayoaryajuxi kaathakaee	same
7.4.39	kawya_dhwarap_ri_tanasyarchi loapa_hh	same
7.4.40	_dya_tisya_timaas_thaami_t_ti ki_ti	same
7.4.41	shaachchhoaranya_tarasyaam	same
7.4.42	_da_dhaa_taeer_hi_hh	same
7.4.43	ja_haa_taeeshcha k_twi	same
7.4.44	wibhaaxaa chhan_dasi	same
7.4.45	su_dhi_tawasu_dhi_tanaeema_dhi_ta_dhixwa_dhixeeya cha	same
7.4.46	_doa _da_d ghoa_hh	same
7.4.47	_acha _upasargaa_t_ta_hh	same
7.4.48	_apoa bhi	same
7.4.49	sa_hh syaar_d_dha_dhaa_tukaee	same
7.4.50	_taasas_tyoarloapa_hh	same
7.4.51	ri cha	same
7.4.52	_ha _aee_ti	same
7.4.53	yeewar_nnayoar_dee_dheewaeewyoa_hh	same
7.4.54	sani meemaaghurabhalabhashakapa_tapa_daamacha _is	same
7.4.55	_aapj_ynapy_ri_dhaamee_t	same
7.4.56	_dambha _ichcha	same
7.4.57	muchoa_3karmakasya gu_nnoa waa	differs
7.4.58	_a_tra loapoa_3bhyaasasya	differs
7.4.59	_hraswa_hh	same
7.4.60	_halaa_di_hh shaeexa_hh	same
7.4.61	sharpoorwaa_hh khaya_hh	same
7.4.62	ku_hoashchu_hh	same
7.4.63	na kawa_taeerya_ngi	same
7.4.64	k_rixaeeshchhan_dasi	same
7.4.65	_daa_dhar_ti_dar_dhar_ti_dar_dharxiboabhoo_tu_taee_tik_taee_3larxyaapaneepha_nna_tsa_msanixya_da_tkarikra_tkanikra_da_dbharibhra_d_dawi_dhwa_toa_dawi_dyu_ta_t_tari_tra_ta_hhsarees_ripa_ta_mwareew_rijanmarm_rijyaaganeegan_tee_ti cha	differs
7.4.66	_ura_t	same
7.4.67	_dyu_tiswaapyoa_hh samprasaara_nnam	same
7.4.68	wya_thoa liti	same
7.4.69	_deergha _i_nna_hh ki_ti	same
7.4.70	_a_ta _aa_daee_hh	same
7.4.71	_tasmaannud _dwi_hala_hh	same
7.4.72	_ashnoa_taeeshcha	same
7.4.73	bhawa_taeera_hh	same
7.4.74	sasoowaee_ti nigamaee	same
7.4.75	nijaa_m _trayaa_nnaa_m gu_nna_hh shlou	same
7.4.76	bh_ri_ynaami_t	same
7.4.77	_ar_tipipar_tyoashcha	same
7.4.78	ba_hula_m chhan_dasi	same
7.4.79	sanya_ta_hh	same
7.4.80	_oa_hh puya_nnjyaparaee	same
7.4.81	srawa_tish_ri_nnoa_ti_drawa_tiprawa_tiplawa_tichyawa_teenaa_m waa	same
7.4.82	gu_nnoa ya_nglukoa_hh	same
7.4.83	_deerghoa_3ki_ta_hh	differs
7.4.84	neegwa_ynchusra_msu_dhwa_msubhra_msukasapa_tapa_daskan_daam	same
7.4.85	nuga_toa_3nunaasikaan_tasya	differs
7.4.86	japajabha_da_ha_dashabha_ynjapashaa_m cha	same
7.4.87	charaphaloashcha	same
7.4.88	_u_t parasyaa_ta_hh	same
7.4.89	_ti cha	same
7.4.90	reeg_ri_dupa_dhasya cha	same
7.4.91	rugrikou cha luki	same
7.4.92	_ri_tashcha	same
7.4.93	sanwallaghuni cha_ngparaee_3nagloapaee	differs
7.4.94	_deerghoa laghoa_hh	same
7.4.95	_a_t sm_ri_da"e_D"_twarapra_thamra_das_ta"e_D"spashaam	differs
7.4.96	wibhaaxaa waeextichaeextyoa_hh	same
7.4.97	_ee cha ga_nna_hh	same
8.1.1	sarwasya _dwaee	same
8.1.2	_tasya paramaamraeedi_tam	same
8.1.3	_anu_daa_t_ta_m cha	same
8.1.4	ni_tyaweepsayoa_hh	same
8.1.5	paraeerwarjanaee	same
8.1.6	prasamupoa_da_hh paa_dapoora_nnaee	same
8.1.7	_uparya_dhya_dhasa_hh saameepyaee	same
8.1.8	waakyaa_daeeraaman_tri_tasyaasooyaasamma_tikoapaku_tsanabhar_tsanaeexu	same
8.1.9	_aeeka_m ba_huwree_hiwa_t	same
8.1.10	_aabaa_dhaee cha	same
8.1.11	karma_dhaarayawa_t _u_t_taraeexu	same
8.1.12	prakaaraee gu_nnawachanasya	same
8.1.13	_ak_richchhraee priyasukhayoaranya_tarasyaam	same
8.1.14	ya_thaaswaee ya_thaaya_tham	same
8.1.15	_dwan_dwa_m ra_hasyamaryaa_daawachanawyu_tkrama_nnayaj_ynapaa_traprayoagaabhiwyak_tixu	same
8.1.16	pa_dasya	same
8.1.17	pa_daa_t	same
8.1.18	_anu_daa_t_ta_m sarwamapaa_daa_dou	same
8.1.19	_aaman_tri_tasya cha	same
8.1.20	yuxma_dasma_doa_hh xaxtheecha_tur_thee_dwi_teeyaas_thayoarwaannaawou	same
8.1.21	ba_huwachanasya wasnasou	same
8.1.22	_taeemayaawaeekawachanasya	same
8.1.23	_twaamou _dwi_teeyaayaa_hh	same
8.1.24	na chawaa_haa_haiwayuk_taee	same
8.1.25	pashyaar_thaishchaanaaloachanaee	same
8.1.26	sapoorwaayaa_hh pra_thamaayaa wibhaaxaa	same
8.1.27	_ti_ngoa goa_traa_deeni ku_tsanaabheekx_nnyayoa_hh	same
8.1.28	_ti_ng_nga_ti_nga_hh	same
8.1.29	na lut	same
8.1.30	nipaa_tairya_dya_di_han_takuwinnaeechchaeechcha_nnkachchi_dya_trayuk_tam	same
8.1.31	na_ha pra_tyaarambhaee	same
8.1.32	sa_tya_m prashnaee	same
8.1.33	_a_nggaapraa_tiloamyaee	same
8.1.34	_hi cha	same
8.1.35	chhan_dasyanaeekamapi saakaa_ngkxam	same
8.1.36	yaawa_dya_thaabhyaam	same
8.1.37	poojaayaa_m naanan_taram	same
8.1.38	_upasargawyapaee_ta_m cha	same
8.1.39	_tupashyapashya_taa_hai_hh poojaayaam	same
8.1.40	_a_hoa cha	same
8.1.41	shaeexaee wibhaaxaa	same
8.1.42	puraa cha pareepsaayaam	same
8.1.43	nanwi_tyanuj_ynaixa_nnaayaam	same
8.1.44	ki_m kriyaaprashnaee_3nupasargamapra_tixi_d_dham	differs
8.1.45	loapaee wibhaaxaa	same
8.1.46	_aee_himanyaee pra_haasaee l_rit	same
8.1.47	jaa_twapoorwam	same
8.1.48	kimw_ri_t_ta_m cha chi_du_t_taram	same
8.1.49	_aa_hoa _u_taa_hoa chaanan_taram	same
8.1.50	shaeexaee wibhaaxaa	same
8.1.51	ga_tyar_thaloataa l_ri_nnna chaee_t kaaraka_m sarwaanya_t	same
8.1.52	loat cha	same
8.1.53	wibhaaxi_ta_m soapasargamanu_t_tamam	same
8.1.54	_han_ta cha	same
8.1.55	_aama _aeekaan_taramaaman_tri_tamanan_tikaee	same
8.1.56	ya_d_dhi_tupara_m chhan_dasi	same
8.1.57	chanachi_diwagoa_traa_di_ta_d_dhi_taamraeedi_taeexwaga_taee_hh	same
8.1.58	chaa_dixu cha	same
8.1.59	chawaayoagaee pra_thamaa	same
8.1.60	_haee_ti kxiyaayaam	same
8.1.61	_a_haee_ti winiyoagaee cha	same
8.1.62	chaa_haloapa _aeewaee_tyawa_dhaara_nnam	same
8.1.63	chaa_diloapaee wibhaaxaa	same
8.1.64	waiwaawaee_ti cha chchhan_dasi	same
8.1.65	_aeekaanyaabhyaa_m samar_thaabhyaam	same
8.1.66	ya_dw_ri_t_taanni_tyam	same
8.1.67	poojanaa_t pooji_tamanu_daa_t_ta_m kaaxthaa_dibhya_hh	same
8.1.68	saga_tirapi _ti_ng	same
8.1.69	ku_tsanaee cha supyagoa_traa_dou	same
8.1.70	ga_tirga_tou	same
8.1.71	_ti_ngi choa_daa_t_tawa_ti	same
8.1.72	_aaman_tri_ta_m poorwamawi_dyamaanawa_t	same
8.1.73	naaman_tri_taee samaanaa_dhikara_nnaee saamaanyawachanam	same
8.1.74	wibhaaxi_ta_m wishaeexawachanaee ba_huwachanam	same
8.2.1	poorwa_traasi_d_dham	same
8.2.2	naloapa_hh supswarasa_mj_ynaa_tugwi_dhixu k_ri_ti	same
8.2.3	na mu naee	same
8.2.4	_u_daa_t_taswari_tayoarya_nna_hh swari_toa_3nu_daa_t_tasya	differs
8.2.5	_aeekaa_daeesha _u_daa_t_taeenoa_daa_t_ta_hh	same
8.2.6	swari_toa waa_3nu_daa_t_taee pa_daa_dou	differs
8.2.7	naloapa_hh praa_tipa_dikaan_tasya	same
8.2.8	na _ngisambu_d_dhyoa_hh	same
8.2.9	maa_dupa_dhaayaashcha ma_toarwoa_3yawaa_dibhya_hh	differs
8.2.10	jhaya_hh	same
8.2.11	sa_mj_ynaayaam	same
8.2.12	_aasan_deewa_daxtheewachchakreewa_tkakxeewa_druma_nnwachcharma_nnwa_tee	same
8.2.13	_u_danwaanu_da_dhou cha	same
8.2.14	raajanwaan souraajyaee	same
8.2.15	chhan_daseera_hh	same
8.2.16	_anoa nut	same
8.2.17	naa_dghasya	same
8.2.18	k_ripoa roa la_hh	same
8.2.19	_upasargasyaaya_tou	same
8.2.20	groa ya_ngi	same
8.2.21	_achi wibhaaxaa	same
8.2.22	paraeeshcha ghaa_ngkayoa_hh	same
8.2.23	sa_myoagaan_tasya loapa_hh	same
8.2.24	raa_tsasya	same
8.2.25	_dhi cha	same
8.2.26	jhaloa jhali	same
8.2.27	_hraswaa_da_nggaa_t	same
8.2.28	_ita _eeti	same
8.2.29	skoa_hh sa_myoagaa_dyoaran_taee cha	same
8.2.30	choa_hh ku_hh	same
8.2.31	_hoa dha_hh	same
8.2.32	_daa_daeer_dhaa_toargha_hh	same
8.2.33	waa _dru_hamu_hax_nnu_hax_nni_haam	same
8.2.34	na_hoa _dha_hh	same
8.2.35	_aa_has_tha_hh	same
8.2.36	wrashchabhrasjas_rijam_rijayajaraajabhraajachchhashaa_m xa_hh	same
8.2.37	_aeekaachoa bashoa bhax jhaxan_tasya s_dhwoa_hh	same
8.2.38	_da_dhas_ta_thoashcha	same
8.2.39	jhalaa_m jashoa_3n_taee	differs
8.2.40	jhaxas_ta_thoar_dhoa_3_dha_hh	differs
8.2.41	xadhoa_hh ka_hh si	same
8.2.42	ra_daabhyaa_m nixthaa_toa na_hh poorwasya cha _da_hh	same
8.2.43	sa_myoagaa_daeeraa_toa _dhaa_toarya_nnwa_ta_hh	same
8.2.44	lwaa_dibhya_hh	same
8.2.45	_oa_di_tashcha	same
8.2.46	kxiyoa _deerghaa_t	same
8.2.47	shyoa_3sparshaee	differs
8.2.48	_a_ynchoa_3napaa_daanaee	differs
8.2.49	_diwoa_3wijigeexaayaam	differs
8.2.50	nirwaa_nnoa_3waa_taee	differs
8.2.51	shuxa_hh ka_hh	same
8.2.52	pachoa wa_hh	same
8.2.53	kxaayoa ma_hh	same
8.2.54	pras_tyoa_3nya_tarasyaam	differs
8.2.55	_anupasargaa_t phullakxeebak_rishoallaaghaa_hh	same
8.2.56	nu_dawi_doan_da_traaghraa_hreebhyoa_3nya_tarasyaam	differs
8.2.57	na _dhyaakhyaapa"e_D"moorchhima_daam	differs
8.2.58	wi_t_toa bhoagapra_tyayayoa_hh	same
8.2.59	bhi_t_ta_m shakalam	same
8.2.60	_ri_nnamaa_dhamar_nnyaee	same
8.2.61	nasa_t_tanixa_t_taanu_t_tapra_toor_tasoor_tagoor_taani chhan_dasi	same
8.2.62	kwinpra_tyayasya ku_hh	same
8.2.63	nashaeerwaa	same
8.2.64	moa noa _dhaa_toa_hh	same
8.2.65	mwoashcha	same
8.2.66	sasajuxoa ru_hh	same
8.2.67	_awayaa_hhshwaee_tawaa_hhpuroadaashcha	same
8.2.68	_a_han	same
8.2.69	roa_3supi	differs
8.2.70	_amnaroo_dharawari_tyubhaya_thaa chhan_dasi	same
8.2.71	bhuwashcha ma_haawyaa_h_ri_taee_hh	same
8.2.72	wasusra_msu_dhwa_mswanadu_haa_m _da_hh	same
8.2.73	_tipyanas_taee_hh	same
8.2.74	sipi _dhaa_toa rurwaa	same
8.2.75	_dashcha	same
8.2.76	rwoarupa_dhaayaa _deergha _ika_hh	same
8.2.77	_hali cha	same
8.2.78	_upa_dhaayaa_m cha	same
8.2.79	na bhakurchhuraam	same
8.2.80	_a_dasoa_3saeer_daa_du _doa ma_hh	differs
8.2.81	_aee_ta _ee_dba_huwachanaee	same
8.2.82	waakyasya taee_hh plu_ta _u_daa_t_ta_hh	same
8.2.83	pra_tyabhiwaa_daee_3shoo_draee	differs
8.2.84	_dooraa_d_dhoo_taee cha	same
8.2.85	_hai_haeeprayoagaee _hai_hayoa_hh	same
8.2.86	guroaran_ri_toa_3nan_tyasyaapyaeekaikasya praachaam	differs
8.2.87	_oamabhyaa_daanaee	same
8.2.88	yaee yaj_ynakarma_nni	same
8.2.89	pra_nnawaxtaee_hh	same
8.2.90	yaajyaa_3n_ta_hh	differs
8.2.91	broo_hipraeexyashrouxadwouxadaawa_haanaamaa_daee_hh	same
8.2.92	_agnee_tpraeexa_nnaee parasya cha	same
8.2.93	wibhaaxaa p_rixtapra_tiwachanaee _haee_hh	same
8.2.94	nig_ri_hyaanuyoagaee cha	same
8.2.95	_aamraeedi_ta_m bhar_tsanaee	same
8.2.96	_a_nggayuk_ta_m _ti_ng _aakaa_ngkxam	same
8.2.97	wichaaryamaa_nnaanaam	same
8.2.98	poorwa_m _tu bhaaxaayaam	same
8.2.99	pra_tishrawa_nnaee cha	same
8.2.100	_anu_daa_t_ta_m prashnaan_taabhipooji_tayoa_hh	same
8.2.101	chi_di_ti choapamaa_3r_thaee prayujyamaanaee	differs
8.2.102	_upariswi_daasee_di_ti cha	same
8.2.103	swari_tamaamraeedi_taee_3sooyaasamma_tikoapaku_tsanaeexu	differs
8.2.104	kxiyaa_3_3shee_hhpraixaeexu _ti_ng _aakaa_ngkxam	differs
8.2.105	_anan_tyasyaapi prashnaakhyaanayoa_hh	same
8.2.106	plu_taawaicha _i_du_tou	same
8.2.107	_aeechoa_3prag_ri_hyasyaa_dooraa_d_dhoo_taee poorwasyaar_dhasyaa_du_t_tarasyaee_du_tou	differs
8.2.108	_tayoarywaawachi sa_m_hi_taayaam	same
8.3.1	ma_tuwasoa ru sambu_d_dhou chhan_dasi	same
8.3.2	_a_traanunaasika_hh poorwasya _tu waa	same
8.3.3	_aa_toa_3ti ni_tyam	differs
8.3.4	_anunaasikaa_t paroa_3nuswaara_hh	differs
8.3.5	sama_hh suti	same
8.3.6	puma_hh khayyamparaee	same
8.3.7	nashchhawyaprashaan	same
8.3.8	_ubhaya_tharkxu	same
8.3.9	_deerghaa_dati samaanapaa_daee	same
8.3.10	na"e_D"n paee	differs
8.3.11	swa_tawaan paayou	same
8.3.12	kaanaamraeedi_taee	same
8.3.13	dhoa dhaee loapa_hh	same
8.3.14	roa ri	same
8.3.15	kharawasaanayoarwisarjaneeya_hh	same
8.3.16	roa_hh supi	same
8.3.17	bhoabhagoa_aghoa_apoorwasya yoa_3shi	differs
8.3.18	wyoarlaghupraya_tna_tara_hh shaakataayanasya	same
8.3.19	loapa_hh shaakalyasya	same
8.3.20	_oa_toa gaargyasya	same
8.3.21	_u_yni cha pa_daee	same
8.3.22	_hali sarwaeexaam	same
8.3.23	moa_3nuswaara_hh	differs
8.3.24	nashchaapa_daan_tasya jhali	same
8.3.25	moa raaji sama_hh kwou	same
8.3.26	_haee maparaee waa	same
8.3.27	naparaee na_hh	same
8.3.28	_ng_nnoa_hh kuktuk shari	same
8.3.29	da_hh si _dhut	same
8.3.30	nashcha	same
8.3.31	shi _tuk	same
8.3.32	_ngamoa _hraswaa_dachi _ngamu_nnni_tyam	same
8.3.33	maya _u_ynoa woa waa	same
8.3.34	wisarjaneeyasya sa_hh	same
8.3.35	sharparaee wisarjaneeya_hh	same
8.3.36	waa shari	same
8.3.37	kupwoa_hh "e_M"ka"e_M"pou cha	differs
8.3.38	soa_3pa_daa_dou	differs
8.3.39	_i_nna_hh xa_hh	same
8.3.40	namaspurasoarga_tyoa_hh	same
8.3.41	_i_du_dupa_dhasya chaapra_tyayasya	same
8.3.42	_tirasoa_3nya_tarasyaam	differs
8.3.43	_dwis_trishcha_turi_ti k_ri_twoa_3r_thaee	differs
8.3.44	_isusoa_hh saamar_thyaee	same
8.3.45	ni_tya_m samaasaee_3nu_t_tarapa_das_thasya	differs
8.3.46	_a_ta_hh k_rikamika_msakumbhapaa_trakushaakar_nneexwanawyayasya	same
8.3.47	_a_dha_hhshirasee pa_daee	same
8.3.48	kaskaa_dixu cha	same
8.3.49	chhan_dasi waa_3praamraeedi_tayoa_hh	differs
8.3.50	ka_hhkara_tkara_tik_ri_dhik_ri_taeexwana_di_taee_hh	same
8.3.51	pa_ynchamyaa_hh paraawa_dhyar_thaee	same
8.3.52	paa_tou cha ba_hulam	same
8.3.53	xaxthyaa_hh pa_tipu_trap_rixthapaarapa_dapayaspoaxaeexu	same
8.3.54	_idaayaa waa	same
8.3.55	_apa_daan_tasya moor_dhanya_hh	same
8.3.56	sa_haee_hh saada_hh sa_hh	same
8.3.57	_i_nnkoa_hh	same
8.3.58	numwisarjaneeyasharwyawaayaee_3pi	differs
8.3.59	_aa_daeeshapra_tyayayoa_hh	same
8.3.60	shaasiwasighaseenaa_m cha	same
8.3.61	s_tou_ti_nnyoaraeewa xa_nnyabhyaasaa_t	same
8.3.62	sa_hh swi_diswa_disa_heenaa_m cha	same
8.3.63	praaksi_taa_dadwyawaayaee_3pi	differs
8.3.64	s_thaa_3_3_dixwabhyaasaeena chaabhyaasasya	differs
8.3.65	_upasargaa_t sunoa_tisuwa_tisya_tis_tou_tis_toabha_tis_thaasaeenayasaee_dhasichasa_ynjaswa_ynjaam	same
8.3.66	sa_dirapra_taee_hh	same
8.3.67	s_tambhaee_hh	same
8.3.68	_awaachchaalambanaawi_dooryayoa_hh	same
8.3.69	waeeshcha swanoa bhoajanaee	same
8.3.70	pariniwibhya_hh saeewasi_tasayasiwusa_hasuts_tuswa_ynjaam	same
8.3.71	siwaa_deenaa_m waa_3dwyawaayaee_3pi	differs
8.3.72	_anuwiparyabhinibhya_hh syan_da_taeerapraa_nnixu	same
8.3.73	waee_hh skan_daeeranixthaayaam	same
8.3.74	paraeeshcha	same
8.3.75	pariskan_da_hh praachyabhara_taeexu	same
8.3.76	sphura_tisphula_tyoarnirniwibhya_hh	same
8.3.77	waee_hh skabhnaa_taeerni_tyam	same
8.3.78	_i_nna_hh xee_dhwa_mlu_nglitaa_m _dhoa_3_nggaa_t	differs
8.3.79	wibhaaxaeeta_hh	same
8.3.80	samaasaee_3_nggulaee_hh sa_ngga_hh	differs
8.3.81	bheeroa_hh s_thaanam	same
8.3.82	_agnaee_hh s_tu_ts_toamasoamaa_hh	same
8.3.83	jyoa_tiraayuxa_hh s_toama_hh	same
8.3.84	maa_t_ripi_t_ribhyaa_m swasaa	same
8.3.85	maa_tu_hhpi_turbhyaamanya_tarasyaam	same
8.3.86	_abhinisa_hh s_tana_hh shab_dasa_mj_ynaayaam	same
8.3.87	_upasargapraa_durbhyaamas_tiryachpara_hh	same
8.3.88	suwinir_durbhya_hh supisoo_tisamaa_hh	same
8.3.89	nina_deebhyaa_m snaa_taee_hh koushalaee	same
8.3.90	soo_tra_m pra_tix_nnaa_tam	same
8.3.91	kapixthaloa goa_traee	same
8.3.92	praxthoa_3gragaamini	differs
8.3.93	w_rikxaasanayoarwixtara_hh	same
8.3.94	chhan_doanaamni cha	same
8.3.95	gawiyu_dhibhyaa_m s_thira_hh	same
8.3.96	wikushamiparibhya_hh s_thalam	same
8.3.97	_ambaambagoabhoomisawyaapa_dwi_trikushaeekusha_ngkwa_ngguma_ynjipu_ynjiparamaeebar_hir_diwyagnibhya_hh s_tha_hh	same
8.3.98	suxaamaa_dixu cha	same
8.3.99	_aee_ti sa_mj_ynaayaamagaa_t	same
8.3.100	nakxa_traa_dwaa	same
8.3.101	_hraswaa_t _taa_dou _ta_d_dhi_taee	same
8.3.102	nisas_tapa_taawanaasaeewanaee	same
8.3.103	yuxma_t_ta_t_ta_takxu_hhxwan_ta_hhpaa_dam	same
8.3.104	yajuxyaeekaeexaam	same
8.3.105	s_tu_tas_toamayoashchhan_dasi	same
8.3.106	poorwapa_daa_t	same
8.3.107	su_yna_hh	same
8.3.108	sanoa_taeerana_hh	same
8.3.109	sa_haee_hh p_ri_tanar_taabhyaa_m cha	same
8.3.110	na raparas_ripis_rijisp_rishisp_ri_hisawanaa_deenaam	same
8.3.111	saa_tpa_daa_dyoa_hh	same
8.3.112	sichoa ya_ngi	same
8.3.113	saee_dha_taeerga_tou	same
8.3.114	pra_tis_tab_dhanis_tab_dhou cha	same
8.3.115	soadha_hh	same
8.3.116	s_tambhusiwusa_haa_m cha_ngi	same
8.3.117	sunoa_taee_hh syasanoa_hh	same
8.3.118	sa_daee_hh parasya liti	same
8.3.119	niwyabhibhyoa_3dwyawaayaee waa chhan_dasi	differs
8.4.1	raxaabhyaa_m noa _nna_hh samaanapa_daee	same
8.4.2	_atkupwaa_ngnumwyawaayaee_3pi	differs
8.4.3	poorwapa_daa_t sa_mj_ynaayaamaga_hh	same
8.4.4	wana_m puragaamishrakaasi_dhrakaashaarikaakoataraa_3graeebhya_hh	differs
8.4.5	praniran_ta_hhsharaeekxuplakxaamrakaarxyakha_dirapeeyookxaabhyoa_3sa_mj_ynaayaamapi	differs
8.4.6	wibhaaxouxa_dhiwanaspa_tibhya_hh	same
8.4.7	_a_hnoa_3_dan_taa_t	differs
8.4.8	waa_hanamaa_hi_taa_t	same
8.4.9	paana_m _daeeshaee	same
8.4.10	waa bhaawakara_nnayoa_hh	same
8.4.11	praa_tipa_dikaan_tanumwibhak_tixu cha	same
8.4.12	_aeekaaju_t_tarapa_daee _nna_hh	same
8.4.13	kuma_ti cha	same
8.4.14	_upasargaa_dasamaasaee_3pi _nnoapa_daeeshasya	differs
8.4.15	_hinumeenaa	same
8.4.16	_aani loat	same
8.4.17	naeerga_dana_dapa_tapa_daghumaasya_ti_han_tiyaa_tiwaa_ti_draa_tipsaa_tiwapa_tiwa_ha_tishaamya_tichinoa_ti_daeeg_dhixu cha	same
8.4.18	shaeexaee wibhaaxaa_3kakhaa_daawaxaan_ta _upa_daeeshaee	differs
8.4.19	_ani_taee_hh	same
8.4.20	_an_ta_hh	same
8.4.21	_ubhou saabhyaasasya	same
8.4.22	_han_taeera_tpoorwasya	same
8.4.23	wamoarwaa	same
8.4.24	_an_tara_daeeshaee	same
8.4.25	_ayana_m cha	same
8.4.26	chhan_dasy_ri_dawagra_haa_t	same
8.4.27	nashcha _dhaa_tus_thoaruxubhya_hh	same
8.4.28	_upasargaa_d ba_hulam	same
8.4.29	k_ri_tyacha_hh	same
8.4.30	_nnaeerwibhaaxaa	same
8.4.31	_halashcha _ijupa_dhaa_t	same
8.4.32	_ijaa_daee_hh sanuma_hh	same
8.4.33	waa ni_msanikxanin_daam	same
8.4.34	na bhaabhoopookamigamipyaayeewaeepaam	same
8.4.35	xaa_t pa_daan_taa_t	same
8.4.36	nashaee_hh xaan_tasya	same
8.4.37	pa_daan_tasya	same
8.4.38	pa_dawyawaayaee_3pi	differs
8.4.39	kxubhnaa_3_3_dixu cha	differs
8.4.40	s_toa_hh shchunaa shchu_hh	same
8.4.41	xtunaa xtu_hh	same
8.4.42	na pa_daan_taattoaranaam	same
8.4.43	_toa_hh xi	same
8.4.44	shaa_t	same
8.4.45	yaroa_3nunaasikaee_3nunaasikoa waa	differs
8.4.46	_achoa ra_haabhyaa_m _dwaee	same
8.4.47	_anachi cha	same
8.4.48	naa_dinyaakroashaee pu_trasya	same
8.4.49	sharoa_3chi	differs
8.4.50	_triprabh_ri_tixu shaakataayanasya	same
8.4.51	sarwa_tra shaakalyasya	same
8.4.52	_deerghaa_daachaaryaa_nnaam	same
8.4.53	jhalaa_m jash jhashi	same
8.4.54	_abhyaasaee charcha	same
8.4.55	khari cha	same
8.4.56	waa_3wasaanaee	differs
8.4.57	_a_nnoa_3prag_ri_hyasyaanunaasika_hh	differs
8.4.58	_anuswaarasya yayi parasawar_nna_hh	same
8.4.59	waa pa_daan_tasya	same
8.4.60	_toarli	same
8.4.61	_u_da_hh s_thaas_tambhoa_hh poorwasya	same
8.4.62	jhayoa _hoa_3nya_tarasyaam	differs
8.4.63	shashchhoa_3ti	differs
8.4.64	_haloa yamaa_m yami loapa_hh	same
8.4.65	jharoa jhari sawar_nnaee	same
8.4.66	_u_daa_t_taa_danu_daa_t_tasya swari_ta_hh	same
8.4.67	noa_daa_t_taswari_toa_dayamagaargyakaashyapagaalawaanaam	same
8.4.68	_a _a	same
