id	text
1.1.1	The letters आ, ऐ and  औ are called 'वृद्धि'.
1.1.2	The letters अ, ए and ओ are called 'गुण'.
1.1.3	If the words गुण or वृद्धि are used to denote the operation of  गुणादेश or वृद्धि-आदेश without specifying where such an आदेश happens, then this आदेश should be done in place of the 'इक्' letter.
1.1.4	If a part of धातु gets removed due to an आर्धधातुक प्रत्यय, then that प्रत्यय cannot cause any  गुण or वृद्धि on the इक् letter of the remaining part of that धातु.
1.1.5	In presence of a कित्,  गित् or a ङित् प्रत्यय, any गुण or वृद्धि that might happen on an इक्-letter of an अङ्ग is prohibited.
1.1.6	The इक् letter of - (a) the verb दीधीङ्,  (b) The verb वेवीङ् , and (c) इडागम - do not undergo a गुण or a वृद्धि.
1.1.7	Group of two or more  व्यञ्जनानि pronounced together without any स्वर or a pause between them is referred as संयोग.
1.1.8	A letter whose pronunciation needs the usage of nose as well as mouth is called an अनुनासिक.
1.1.9	Two letters are called सवर्ण of each other if their mouth-based location of pronunciation and their आभ्यन्तरप्रयत्न are same as of each other.
1.1.10	A स्वर and a व्यञ्जन cannot be सवर्ण of each other.
1.1.11	दीर्घ-ईकारान्त, दीर्घ-ऊकारान्त and एकारान्त forms of द्विवचन are known as 'प्रगृह्य'.
1.1.12	The forms of the अदस् word which end in मी / मू / मे are known as 'प्रगृह्य'.
1.1.13	'शे' is called प्रगृह्य.
1.1.14	Except for the word आङ्, all other निपाताः that contain only one स्वर (and no व्यञ्जन) are known as प्रगृह्य.
1.1.15	All ओकारान्त निपातs are known as प्रगृह्य.
1.1.16	According to Shakalya, the ओकार at end of the सम्बोधन-एकवचन form, when followed by the word 'इति' in a non vedic context, gets the term प्रगृह्य.
1.1.17	According to Shakalya, the निपात 'उञ्', when followed by the word 'इति' in a non vedic context, gets the term 'प्रगृह्य'.
1.1.18	According to Shakalya, the 'उञ्' when followed by the अवैदिक  'इति' word  gets optionally converted to प्रगृह्य ऊँ.
1.1.19	An  ईकारान्त and an ऊकारान्त word that represents the meaning of सप्तमी gets the term 'प्रगृह्य'.
1.1.20	Except for the verbs दाप् and दैप्, all other verbs that are referred to as 'दारूपाः' or 'धारूपाः' are known as 'घु'.
1.1.21	If a word has a single letter, it acts as the first letter, and it also acts as the last letter.
1.1.22	The तरप् प्रत्यय and the तमप् प्रत्यय are known as 'घ'
1.1.23	The words बहु and गण, and the words ending in the वतुँप् and डति प्रत्यय are known as 'संख्या'.
1.1.24	The षकारान्त and the नकारान्त words which are referred to as 'संख्या' are also called 'षट्'.
1.1.25	The word ending in the डति प्रत्यय which is referred to as 'संख्या' is also called 'षट्'.
1.1.26	The 'क्त' and 'क्तवतु' pratyayas are called 'निष्ठा'.
1.1.27	The words belonging to the सर्वादिगण are called सर्वनाम.
1.1.28	The words of सर्वादिगण in a दिशावाची बहुव्रीहि समास are optionally considered सर्वनाम.
1.1.29	The words of सर्वादिगण, when used to create a बहुव्रीहिसमास are not called सर्वनाम.
1.1.30	The words of the सर्वादिगण participating in a तृतीयासमास are not called सर्वनाम.
1.1.31	The words formed by the द्वन्द्व समास of the words of सर्वादिगण are not called सर्वनाम.
1.1.32	The words formed by the द्वन्द्व समास of the words of सर्वादिगण are optionally called सर्वनाम when they get the 'जस्' pratyay.
1.1.33	The words - प्रथम, चरम, अल्प, अर्ध, कतिपय, and नेम ; and also the words ending in the 'तयप्' प्रत्यय are optionally called सर्वनाम when they get the 'जस्' प्रत्यय.
1.1.34	The words 'पूर्व', 'पर', 'अवर', 'दक्षिण', 'उत्तर', 'अपर' and 'अधर'; when used in the sense of 'limit' but not as a proper noun; are optionally called सर्वनाम when followed by the जस् प्रत्यय.
1.1.35	The word 'स्व', when used in a meaning different than 'relatives' and 'money'  is optionally called सर्वनाम when followed by the जस् प्रत्यय.
1.1.36	The word  'अन्तर', when used in the meaning of 'outside a certain place' or 'undergarment', is optionally called 'सर्वनाम' when followed by the 'जस्' प्रत्यय.
1.1.37	The words of the स्वरादिगण and the words which are called 'निपात' are all also known as 'अव्यय'.
1.1.38	A तद्धितान्त word to which all the विभक्तिप्रत्ययाः cannot be attached is known as 'अव्यय'.
1.1.39	A word that ends in - (a) a मकारान्त कृत्-प्रत्यय,  or (b) a कृत्-प्रत्यय that ends in the एच् letter - is known as 'अव्यय'.
1.1.40	The words ending in क्त्वा, तोसुन् and कसुन् प्रत्यय are known as 'अव्यय'.
1.1.41	The word formed using an अव्ययीभाव समास are known as अव्यय.
1.1.42	'शि' is also called 'सर्वनामस्थान'.
1.1.43	The सुँ, औ, जस्, अम्, and औट् प्रत्ययाः attached to a non-नपुंसकलिङ्ग word are called 'सर्वनामस्थान'.
1.1.44	The word विभाषा is used to indicate the meaning of 'optional negation' and 'optional application'.
1.1.45	An 'इक्' letter that comes as a replacement for a 'यण्' letter is known as सम्प्रसारण.
1.1.46	A टित्-आगम is attached before its substrate, and a कित्-आगम comes after its substrate.
1.1.47	A मित्-आगम is attached after the last स्वर of its substrate.
1.1.48	When an 'एच्' letter undergoes a हस्वादेश, it is replaced by an 'इक्' letter.
1.1.49	When the षष्ठी विभक्ति occurring in a sutra does not indicate a clear relationship,  it is considered to indicate the स्थानी.
1.1.50	Out of multiple आदेशाः possible in a place, the one that is closest in properties gets selected.
1.1.51	Any अ, आ, इ, ई, उ, ऊ letter appearing as an आदेश in place of a ऋकार/ऌकार is always followed by the letter र्/ल् respectively.
1.1.52	आदेश told in a sutra happens in the place of the last letter of the स्थानी.
1.1.53	A ङित्-आदेश happens to the last letter of the  स्थानी.
1.1.54	The आदेश told on the latter word of a given निमित्त happens on its first letter.
1.1.55	An आदेश which either has more than one letters, or is शित् - replaces the entire स्थानी.
1.1.56	An आदेश acts like a स्थानी in the context of the operations that are not associated with a single letter.
1.1.57	An आदेश done in place of an अच् letter due to the परनिमित्त acts like the स्थानी even in the context of कार्याणि that are associated with a single letter; as long as the कार्याणि are on an entity prior to the location of the स्थानी.
1.1.58	An आदेश done in place of an अच् letter due to the परनिमित्त never acts like a स्थानी; even for the single-letter-कार्याणि done on an entity prior to the location of the स्थानी; in the context of -  (1) पदान्तकार्य  (2) द्वित्वकार्य  (3) 'वरच्' प्रत्ययकार्य (4) यकारलोप  (5) स्वरविधि (6) सवर्णकार्य (7) अनुस्वारविधि (8) दीर्घादेशकार्य (9) जश्त्वकार्य and (10) चर्त्वकार्य.
1.1.59	An आदेश done in place of an अच् letter acts like a स्थानी for the द्वित्वकार्य, provided that such a द्वित्वकार्य is caused by an अजादि षनिमित्त.
1.1.60	non-appearance of a letter or a group of letters is called लोप.
1.1.61	The elision of a प्रत्यय done using the specific words लुक्, श्लु and लुप् is respectively known by the terms लुक्, श्लु, लुप्.
1.1.62	The कार्य associated with a प्रत्यय happens even when the प्रत्यय undergoes a लोप.
1.1.63	A प्रत्यय that has been removed लुक् , श्लु or लुप् does not cause any अङ्गकार्यम्.
1.1.64	The fragment of a word starting from its last अच् letter till the end is called टि.
1.1.65	The second-last letter of a word is called उपधा.
1.1.66	The words in the सप्तमी विभक्ति are used to indicate that the कार्य happens on an immediately previous entity.
1.1.67	The words in the पञ्चमी विभक्ति are used to indicate that the कार्य happens on an immediately next entity.
1.1.68	The words used in the rules of the grammar represent the verbatim sequence of the letters (and not their underlying meaning); except for the technical terms which represent the meaning rather than the verbatim sequence of the letters.
1.1.69	An अण् letter which does not represent an आदेश, and an उदित letter (one of कु, चु, टु, तु, पु) used in a sutra represent all the सवर्ण forms.
1.1.70	A letter that follows or is followed by 'त्' represents only those सवर्णाः which require the same time for pronunciation as that letter.
1.1.71	A beginning letter, when combined with an ending इत् letter, stands for itself and for all the letters in between.
1.1.72	A विधि mentioned using an adjective happens in the context of that adjective, and also in context of the words which end in that adjective.
1.1.73	A word whose first स्वर is वृद्धि is called 'वृद्ध'.
1.1.74	The words of the त्यदादिगण are called  'वृद्ध'.
1.1.75	A word that represent the name of an eastern country and whose first स्वर is ए or ओ is called  'वृद्ध'.
1.2.1	The non-ञित् and non-णित्  प्रत्ययाः attached to the - (1) the 'गाङ्' आदेश (that happens to the धातु 'इङ् अध्ययने'), and (2) the verbs of the कुटादिगण (an अन्तर्गण of तुदादिगण) - behave as if they are ङित्.
1.2.2	A प्रत्यय that gets an इडागम is considered ङित् when attached to the dhatu 'विज्'.
1.2.4	An अपित् सार्वधातुकप्रत्ययः behaves like a ङित् प्रत्यय.
1.2.5	For a verb root that does not end in a संयोग, the अपित् प्रत्यय of  लिट्-लकार behaves like a कित् प्रत्यय.
1.2.27	Vowels are classified as ह्रस्व, दीर्घ and प्लुत based on the time taken for their pronunciation, as compared against the time of उ, ऊ and उ3 respectively.
1.2.28	Action denoted by the words ह्रस्व / दीर्घ / प्लुत happens in place of an अच् letter.
1.2.29	A vowel that is pronounced using the upper-half portion of its उच्चारणस्थान is known as उदात्त.
1.2.30	A vowel that is pronounced using the lower-half portion of its उच्चारणस्थान is known as अनुदात्त.
1.2.31	A vowel that is pronounced using the upper as well as lower portions of its उच्चारणस्थान is known as  स्वरित.
1.2.32	The first half part of a स्वरित-स्वर is considered उदात्त.
1.2.41	A प्रत्ययः that contains only one letter is called अपृक्त ।
1.2.45	A meaningful word which is not a धातु, not a प्रत्यय, and which does not end in  प्रत्यय is called a 'प्रातिपदिक'.
1.2.46	कृत्-प्रत्ययान्त words, तद्धितप्रत्ययान्त words and the सामासिकशब्दाः are known as प्रातिपदिक.
1.2.47	The last letter of an अजन्त प्रातिपदिक is becomes हस्व in context of नपुंसकलिङ्ग.
1.2.64	If two or more words have identical forms for all विभक्तिs, then in usage only one word is used by applying appropriate वचन to it.
1.3.1	The words भू and others, when used to denote an action, are called 'धातु'.
1.3.2	An अनुनासिक स्वर present in an उपदेश is called 'इत्'.
1.3.3	The ending हल् letter of  an उपदेश is called 'इत्'.
1.3.4	The letters - त्, थ्, द्, ध्, न्, स्, म् - occurring in the औपदेशिक form of a विभक्ति are not called 'इत्' ।
1.3.5	The groups ञि, टु and डु occurring at the beginning of an उपदेश are called 'इत्'.
1.3.6	The letter ष् at the beginning of the औपदेशिक form of a प्रत्यय is called 'इत्' ।
1.3.7	The letters - च्, छ्, ज्, झ्, ञ्, ट्, ठ्, ड्, ढ्, ण् -  at the beginning of the औपदेशिक form of a प्रत्यय are called इत् ।
1.3.8	The letters ल्, श्, क्, ख्, ग्, घ्, ङ्  at the beginning of the औपदेशिक form of a non-तद्धित प्रत्यय are called इत् ।
1.3.9	The इत् letter is elided during the प्रक्रिया.
1.3.10	When a certain relation is given between two groups having same number of elements, then the relation is considered to exist only between the correspondingly positioned members of the two groups.
1.3.11	In this सूत्रपाठ, a स्वरित स्वर is used to denote अनुवृत्तिs.
1.3.12	A verb that contains (a) इत्संज्ञक ङकारः, or (b) an इत्संज्ञक अनुदात्त स्वर gets the प्रत्ययाः of आत्मनेपद.
1.3.13	A verb gets the प्रत्ययाः of आत्मनेपद in the भावे and the कर्मणि प्रयोग.
1.3.14	A verb gets the प्रत्ययाः of आत्मनेपद, even in the कर्तरि प्रयोग, in the context of व्यतिहार (exchange of actions).
1.3.15	The verbs indicating the action of - (a) movement,  or (2) violence - do not get the प्रत्ययाः of आत्मनेपद in the कर्तरि प्रयोग, in the context of व्यतिहार (exchange of actions).
1.3.16	A verb does not get the प्रत्ययाः of आत्मनेपद  in the कर्तरि प्रयोग, in the context of व्यतिहार (exchange of actions) when either of the words 'इतरेतर' or 'अन्योन्य' is used to describe the situation.
1.3.17	When the उपसर्ग 'नि' is attached to the verb 'विश्', it gets the प्रत्ययाः of आत्मनेपद.
1.3.18	When any of the उपसर्गs - परि, वि, अव - is attached to the verb 'क्री', it gets the प्रत्ययाः of आत्मनेपद.
1.3.19	When any of the उपसर्गs -  वि or  परा - is attached to the verb 'जि', it gets the प्रत्ययाः of आत्मनेपद.
1.3.20	When the उपसर्ग आङ् is attached to the verb 'दा'; it gets the प्रत्ययाः of आत्मनेपद, provided that the  meaning is something other than 'opening the mouth'.
1.3.21	When any of the उपसर्गs - आङ् , अनु, सम or परि - is attached to the verb 'क्रीड्', it gets the प्रत्ययाः of आत्मनेपद.
1.3.22	When any of the उपसर्गs - सम् , अव, प्र, वि - is attached to the verb 'स्था', it gets the प्रत्ययाः of आत्मनेपद.
1.3.23	The verb स्था gets the प्रत्ययाः of आत्मनेपद when used in the meaning of - (a) Clearing explaining own opinion, and (b) Putting and end to a question / debate.
1.3.24	When the उपसर्ग 'उत्' is attached to the verb 'स्था', it gets the प्रत्ययाः of आत्मनेपद, provided that the meaning is not 'moving upwards / standing up'.
1.3.25	When the उपसर्ग 'उप' is attached to the verb 'स्था', it gets the प्रत्ययाः of आत्मनेपद ; provided the meaning is 'to approach using the मन्त्रs'.
1.3.26	When the उपसर्ग 'उप' is attached to the verb 'स्था', it gets the प्रत्ययाः of आत्मनेपद ; provided that the verb is used in an अकर्मक sense.
1.3.27	When either of the उपसर्गs  - 'उत्', 'वि' - is attached to the verb 'तप्', it gets the प्रत्ययाः of 'आत्मनेपद' ; provided that the verb is used in an अकर्मक sense.
1.3.28	When the उपसर्ग 'आङ्' is attached to verbs यम् /  हन् , they get the प्रत्ययाः of आत्मनेपद ; provided that the verbs are used in an अकर्मक sense.
1.3.29	When the उपसर्ग 'सम्' is attached to any of the verbs -  गम्,  ऋच्छ्, प्रच्छ्, स्वर्, ऋ, श्रु, विद् - they get the प्रत्ययाः of आत्मनेपद ; provided that the verbs are used in an अकर्मक sense.
1.3.30	When any of the उपसर्गs - नि, सम्, वि - is attached to the verb 'ह्वे', it gets the प्रत्ययाः of आत्मनेपद.
1.3.31	When the उपसर्ग 'आङ्' is attached to the verb 'ह्वे', it gets the प्रत्ययाः of 'आत्मनेपद', provided the meaning is 'to complete / to wish to defeat'.
1.3.32	The verb कृ gets the प्रत्ययाः of आत्मनेपद, when used in the meanings of  - \n(1) गन्धनम् - To backbite, \n(2) अवक्षेपणम् - To defame, \n(3) सेवन् -  To serve or help out \n(4) साहसिक्यम् - To force someone to do something against their wish, To rape\n(5) प्रतियत्न -To make someone change their character, \n(6) प्रकथनम् - To narrate, \nand\n(7) उपयोग - To bring in practice, to use.
1.3.33	When the उपसर्ग 'अधि' is attached to the verb 'कृ', it gets the प्रत्ययाः of आत्मनेपद ; provided that the meaning is 'to forgive / to obtain victory'.
1.3.34	When the उपसर्ग 'वि' is attached to the verb 'कृ', it gets the प्रत्ययाः of आत्मनेपद ; provided the meaning is 'to make sound / to pronounce'.
1.3.35	When the उपसर्ग 'वि' is attached to the verb 'कृ', it gets the प्रत्ययाः of आत्मनेपद ; provided that the verb is used in an अकर्मक sense.
1.3.36	The verb नी  gets the प्रत्ययाः of आत्मनेपद  ; when used in the meaning of - (1) सम्मानन, To respect in an appropriate way (2) उत्सञ्जन, To lift up, to toss (3) आचार्यकरण, To convert someone into a teacher (by imparting proper knowledge to them) (4) ज्ञान, To decide, fix upon (5) भृतिः, Employ someone by giving money (6) निगणन, To pay off, to give loan ;  and (7) व्यय, To spend.
1.3.37	The verb 'नी' when used in the कर्तरि  सकर्मकप्रयोग gets the प्रत्ययाः of आत्मनेपद, provided that the कर्मपद does not represent either the body or a part of the body of an animal.
1.3.38	The verb 'क्रम्' gets the प्रत्ययाः of आत्मनेपद, when it is used in the meaning of - (1) वृत्तिः , To progress without getting stuck  , (2) सर्गः, enthusiasm, (3) तायनः, expansion, elaboration.
1.3.39	When the verb 'क्रम्' comes with an उपसर्ग, it gets the प्रत्ययाः of आत्मनेपद only in the meaning of - (1) वृत्तिः , To progress without getting stuck  , (2) सर्गः, enthusiasm, (3) तायनः, expansion, elaboration.
1.3.40	When the उपसर्ग 'आङ्' is attached to the verb 'क्रम्', it gets the प्रत्ययाः of आत्मनेपद, provided the meaning is 'to rise, to travel upwards'.
1.3.41	When the उपसर्ग 'वि' is attached to the verb 'क्रम्', it gets the प्रत्ययाः of आत्मनेपद, provided the meaning is 'to roam around with feet'.
1.3.42	When the उपसर्ग 'प्र' or 'उप' is attached to the verb 'क्रम्', it gets the प्रत्ययाः of आत्मनेपद ; provided that the meaning expressed is 'the beginning of'.
1.3.43	When the verb क्रम् is used without any उपसर्ग, it optionally gets the प्रत्ययाः of आत्मनेपद.
1.3.63	When the verb root कृ is used after the आम् प्रत्यय, the verb root कृ gets the same पद as the original verb to which the आम् प्रत्यय has been attached.
1.3.72	A verb that contains इत्संज्ञक ञकार or an इत्संज्ञक स्वरित स्वरः gets the प्रत्यया of आत्मनेपद when the doer of the action does the action for himself.
1.3.78	The verbs that do not get the प्रत्ययाः of आत्मनेपद will get the प्रत्ययाः of परस्मैपद.
1.4.1	If a word is given two संज्ञाs  under this अधिकार, and if the संज्ञा given by the later sutra can only be given whenever the संज्ञा given by the earlier sutra is given, then under such circumstances, the word gets only the संज्ञा given by the later sutra, not the earlier sutra.
1.4.2	If two sutras that can be invoked independent of each other happen to conflict at the same step during a प्रक्रिया, then the later occurring sutra gets applied by precedence.
1.4.3	The दीर्घ-ईकारान्त and दीर्घ-ऊकारान्त words which are only used as स्त्रीलिङ्ग forms get the term 'नदी'.
1.4.4	Except for the word 'स्त्री', any other word which is eligible for getting an इयङ्-आदेश or an उवङ्-आदेश is not referred to as नदी.
1.4.5	Except for the word 'स्त्री', any other word which is eligible for getting an इयङ्-आदेश or an उवङ्-आदेश optionally gets the term नदी in presence of the आम् प्रत्यय of षष्ठी बहुवचन.
1.4.6	Except for the word 'स्त्री', any other word which is eligible for getting an इयङ्-आदेश or an उवङ्-आदेश, and any ह्रस्व-इकारान्त/हस्व-उकारान्त word optionally gets the term नदी in presence of a ङित् प्रत्यय.
1.4.7	Except for the word सखि, all ह्रस्व-इकारान्त and ह्रस्व-उकारान्त words get the term घि whenever they do not get the term नदी.
1.4.8	The word पति gets the term घि only when used in a समास.
1.4.9	The word पति, when associated with a word of षष्ठी विभक्ति, optionally gets the term घि in वेदाः.
1.4.10	A ह्रस्व स्वर gets the term लघु.
1.4.11	A ह्रस्व स्वर which is followed by a संयोग gets the term गुरु.
1.4.12	A दीर्घ स्वर gets the  term गुरु.
1.4.13	When a प्रत्यय is attached to a word, everything that begins with the first letter of that word up to (and excluding) the first letter of the प्रत्ययः itself, is called the an अङ्गम् of that प्रत्यय.
1.4.14	Any word ending in a सुप् प्रत्यय or a तिङ् प्रत्यय is called a पद.
1.4.15	A नकारान्त word gets the term 'पद' when followed by a प्रत्यय that begins with क्य.
1.4.16	In presence of a प्रत्यय having सकार as इत्संज्ञक, the प्रकृति gets the term पद.
1.4.17	If a प्रत्यय which is not a सर्वनामस्थान and which is specified in the fourth or fifth chapter gets attached to an प्रकृति , the प्रकृति gets the term पद.
1.4.18	If a यकारादि or an अजादि प्रत्यय which is not a सर्वनामस्थान and which is specified in the fourth or fifth chapter gets attached to a प्रकृति , the प्रकृति gets the term भ.
1.4.19	A तकारान्त or a सकारान्त word gets the term 'भ' when followed by a  मत्वर्थीय प्रत्यय.
1.4.20	The 'अयस्मय' and other words should be considered valid words in the वैदिक literature.
1.4.21	For referring to many, the बहुवचन forms are used.
1.4.22	For referring to two, the द्विवचन forms are used, where as for referring to one, the एकवचन forms are used.
1.4.52	For verbs indicating motion (गति), knowledge (बुद्धि), eating (भक्षण); for verbs whose action involves a word (शब्दकर्म) ; and for the अकर्मक verbs the  कर्ता of the अप्रयोजक sentence becomes कर्म in the प्रयोजक sentence.
1.4.56	The words discussed till > [[1.4.97]] are known as निपात.
1.4.57	The words included in the चादिगण are called निपात when used in a sense that does not denote an object.
1.4.58	The words included in the प्रादिगण are called निपात when used in a sense that does not denote an object.
1.4.59	The words belonging to the प्रादिगण are called उपसर्ग  when used along with a verb.
1.4.60	The words belonging to the प्रादिगण are also called गति when used along with a verb.
1.4.80	Words referred as उपसर्ग or गति are attached before the verb root.
1.4.99	The आदेशा that occur in place of a लकार are known as परस्मैपद.
1.4.100	The तङ्, शानच् and कानच् आदेशाः that occur in place of a लकार are known as आत्मनेपद.
1.4.101	The तिङ्-प्रत्ययाः, when grouped into groups of three, are sequentially known as प्रथम, मध्यम and उत्तम.
1.4.102	The तिङ्-प्रत्ययाः are sequentially referred as एकवचन, द्विवचन and बहुवचन.
1.4.103	The सुप्-प्रत्ययाः are sequentially referred as एकवचन, द्विवचन and बहुवचन.
1.4.104	The सुप्-प्रत्ययाः and the तिङ्-प्रत्ययाः are called विभक्ति.
1.4.105	Where a form of the word  युष्मद् shows the same substance which is shown by the लकार, there the तिङन्तपद must be expressed using the मध्यमपुरुष प्रत्ययाs.
1.4.106	When one person wants to make fun of what other person thinks, and he uses the verb 'मन्' to indicate the thinking process, the verb मन् is used in उत्तमपुरुष-एकवचन and the other verb is used in  मध्यमपुरुष. For example, consider this statement - 'Do you think you can eat the rice' (एहि मन्ये ओदनम् भोक्ष्यसे)? Here the speaker is making fun of the thinking process of other person, saying that the other person is thinking he could eat the rice, but he would not be able to. In such a case, the verb मन् would get उत्तमपुरुष (instead of ideally getting मध्यमपुरुष), and the other word  (भुज् in this case) would get मध्यमपुरुष instead of ideally getting उत्तमपुरुष). So, instead of saying  रे बुभुक्षित, किम् त्वं एतत् मन्यसे यत् अहम् ओदनम् भोक्ष्ये, we would say - एहि मन्ये ओदनम् भोक्ष्यसे?
1.4.107	Where a form of the word अस्मद् shows the same substance which is shown by the लकार, there the तिङन्तपद must be expressed using the उत्तमपुरुष प्रत्ययाs.
1.4.108	Where a form of the word other than अस्मद् or युष्मद् shows the same substance which is shown by the लकार, there the तिङन्तपद must be expressed using the प्रथमपुरुष प्रत्ययाs.
1.4.109	Extreme closeness of letters is called संहिता.
1.4.110	Absence of letters is called अवसान.
2.1.1	The 'पदविधि' given in the व्याकरणशास्त्र happens only for the words that exhibit सामर्थ्य (that is, those which are related to each other).
2.1.2	A सुबन्त that is followed by an आमन्त्रित will behave exactly like the अङ्ग of that आमन्त्रित,when it comes to determination of the स्वर in that सुबन्त.
2.1.3	The समास term is discussed from this sutra onwards till the end of second पाद of the second chapter.
2.1.4	A समास is formed when one सुबन्त combines with another related सुबन्त.
2.1.5	The समासाः told till 2.1.22 are called अव्ययीभावसमासाः ।
2.1.6	An अव्यय that is used in any of these meanings- विभक्तिः (e.g. 'अधि'), समीपम् (near, e.g. 'उप'), समृद्धिः (prosperity, e.g. 'सु') , व्यृद्धिः (deterioration, e.g. 'दुस्','दुर्'), अर्थाभावः (absence, e.g 'निर्'), अत्ययम् (expiry, e.g. 'अति'), असम्प्रतिः (non-presence, e.g. 'अति'), शब्दप्रादुर्भावः (appearance of the word, e.g. 'तत्'), पश्चात् (later, e.g. 'अनु'), यथा (eligibility, e.g. 'यथा'), आनुपूर्व्य (sequentially, e.g. 'अनु'), यौगपद्य (simultaneously, e.g. 'स'), सादृश्य (similarity, e.g. 'स'), सम्पत्ति (appropriate, e.g. 'स'), साकल्यार्थः (entirety, e.g. 'स'), अन्तवचनम् ('till', e.g. 'स') - undergoes a समास with a related सुबन्त, and the समास is called अव्ययीभावसमास.
2.1.7	The word 'यथा', when used in a meaning different than 'similarity', undergoes a समास with a related सुबन्त, and the समास is called अव्ययीभावसमास.
2.1.8	When the word 'यावत्' is used in the the meaning of अवधारणा (indication of a number, For example - 'as many'), it undergoes a समास with a related सुबन्त, and the समास is called अव्ययीभावसमास.
2.1.9	The word 'प्रति' when used in the meaning of 'मात्रा' (little, a small amount) undergoes a समास with related सुबन्त, and the समास is called अव्ययीभाव.
2.1.10	The word अक्ष (dice), the word शलाका (stick) and the words indicating a number - all undergo a समास with a related 'परि' शब्द, and the समास is called अव्ययीभावसमास.
2.1.11	All the समासाः that are told henceforth (in the following sutras) happen optionally.
2.1.12	The words 'अप', 'परि', 'बहि' and the words generated from the verb 'अञ्च्' (E.g. प्राच्, प्रत्यच्, उदच् etc) optionally undergo a समास with related पञ्चम्यन्त word; and the समास is called अव्ययीभावसमास.
2.1.13	The word 'आङ्' used in the meaning of मर्यादा (exclusive limit) and अभिविधि (inclusive limit) optionally undergoes a समास with a related word in पञ्चमी, and the समास is called अव्ययीभावसमास.
2.3.49	The प्रथमा-एकवचन when used in the context of  सम्बोधन gets the term  'सम्बुद्धि'.
2.4.71	A सुप् प्रत्यय that comes as a part of a धातु or a प्रातिपदिक is removed.
2.4.77	For the verb roots गा, स्था, पा, भू and the verb roots referred as  'घु', the सिच्-विकरण is removed when followed by the  प्रत्यय of परस्मैपद.
2.4.78	For the verbs घ्रा, धेट्, शो, छो and सो, the सिच्-प्रत्यय is removed optionally when followed by a प्रत्यय of परस्मैपद.
2.4.81	The लकार that follows the 'आम्' प्रत्यय is removed.
2.4.82	The आप्-प्रत्ययाः and the सुप्-प्रत्ययाः attached to an अव्यय are removed by doing a लुक्.
2.4.85	The प्रथमपुरुष प्रत्ययाः of लुट्-लकार are converted respectively to डा, रौ and रस्.
3.1.1	Everything told in this अधिकार are known as प्रत्ययाः.
3.1.2	All the words told in this अधिकार are to be attached at the end of the प्रकृति.
3.1.3	The first स्वर of all the प्रत्ययाः mentioned in this अधिकार becomes उदात्त.
3.1.4	The first letter of the सुप् and the पित् प्रत्ययाः is अनुदात्त.
3.1.32	The words ending in a सनादि प्रत्यय are called 'धातु'.
3.1.33	In case of लृट् लकार and  लृङ्लकार, the अङ्ग gets the विकरणप्रत्यय 'स्य'. In case of  लुट्लकार, the अङ्ग gets the विकरणप्रत्यय तास्.
3.1.36	A verb which can be called as 'इजादिः गुरुमान्' gets an आम् प्रत्यय when followed by लिट्-लकार. However, this प्रत्यय is not seen for the verb root ऋच्छ्.
3.1.40	The लिट्-लकार forms of verb roots कृ, भू, and अस् are applied after the आम्-प्रत्यय.
3.1.43	In case of लुङ्लकार, धातु gets the च्लि विकरणप्रत्यय.
3.1.44	The च्लि विकरण is converted to सिच्.
3.1.45	The च्लि प्रत्यय that follows a शल्-वर्णान्त, इगुपध and अनिट्-धातु is converted to 'क्स.
3.1.46	When used with the meaning of 'giving a hug', The च्लि-प्रत्यय that follows the verb root श्लिष् is converted to क्स.
3.1.47	For the verb root दृश्, च्लि is not converted to क्स.
3.1.48	For the verbs ending in णि-प्रत्यय, and for the verbs  श्रि, द्रु and स्रु, the  च्लि-प्रत्यय is converted to चङ् in the  कर्तरि context.
3.1.49	For the verbs धेट् and श्वि , the च्लि प्रत्यय is optionally converted to चङ्.
3.1.52	For the verbs असुँ (क्षेपणे), वच्, and ख्या, the च्लि-प्रत्यय is converted to अङ्.
3.1.53	For the verb roots लिप् , सिच् and ह्वे , the च्लि-प्रत्यय is converted to अङ्.
3.1.54	For the verb roots लिप् , सिच् and ह्वे , the च्लि-प्रत्यय is optionally converted to अङ् when followed by a प्रत्यय of आत्मनेपद.
3.1.55	For the verbs of पुषादिगण and द्युतादिगण, as well as for the ऌदित verbs, च्लि is converted to अङ् when followed by a प्रत्यय of परस्मैपद.
3.1.56	For the verbs सृ, शास् and ऋ, the च्लि-प्रत्यय is converted to अङ्.
3.1.57	For the इरित्-verbs, the च्लि प्रत्यय is optionally converted to अङ्.
3.1.58	For the verbs जॄ, स्तन्भ्, म्रुच्, म्लुच्, ग्रुच्, ग्लुच्, ग्लुञ्च्,  टुओश्वि - the  च्लि-प्रत्यय is  optionally converted to  अङ्.
3.1.67	In the कर्मणि and the प्रयोगे भावे प्रयोग, धातु gets 'यक्' प्रत्यय when followed by a सार्वधातुक प्रत्यय.
3.1.68	A verb gets the विकरणप्रत्यय 'शप्' in presence of a सार्वधातुक प्रत्यय in कर्तरि प्रयोग.
3.1.69	A verb belonging to the दिवादिगण gets the विकरणप्रत्यय 'श्यन्' in presence of a सार्वधातुक प्रत्यय in कर्तरि प्रयोग.
3.1.70	In presence of a सार्वधातुक प्रत्यय in the कर्तरि प्रयोग, the verbs भ्राश् , भ्लाश्, भ्रम्, क्रम्, क्लम्, त्रस्, त्रुट्, लष्  get the  श्यन् विकरण optionally.
3.1.71	In presence of a सार्वधातुक प्रत्यय in the कर्तरि प्रयोग, the verb  यस् when used without an उपसर्ग gets the श्यन् विकरण optionally.
3.1.72	In presence of a सार्वधातुक प्रत्यय in the कर्तरि प्रयोग, the verb यस् when used with the उपसर्ग 'सम्' gets the श्यन् विकरण optionally.
3.1.73	A verb belonging to the स्वादिगण gets the विकरणप्रत्यय 'श्नु' in presence of a सार्वधातुक प्रत्यय in कर्तरि प्रयोग.
3.1.74	In presence of a सार्वधातुक प्रत्यय in the कर्तरि प्रयोग, the verb श्रु is converted to शृ and it gets the श्नु विकरणप्रत्यय.
3.1.75	In presence of a सार्वधातुक प्रत्यय in the कर्तरि प्रयोग, the verb अक्ष्  gets the श्नु विकरण optionally.
3.1.76	In presence of a सार्वधातुक प्रत्यय in the कर्तरि प्रयोग, the verb तक्ष्  with the meaning 'to peel off / to scrape off' gets the श्नु विकरण optionally.
3.1.77	A verb belonging to the तुदादिगण gets the विकरणप्रत्यय 'श' in presence of a सार्वधातुक प्रत्यय in कर्तरि प्रयोग.
3.1.78	A verb belonging to the रुधादिगण gets the विकरणप्रत्यय 'श्नम्' in presence of a सार्वधातुक प्रत्यय in कर्तरि प्रयोग.
3.1.79	A verb belonging to the तनादिगण gets the विकरणप्रत्यय 'उ' in presence of a सार्वधातुक प्रत्यय in कर्तरि प्रयोग.
3.1.80	In presence of a सार्वधातुक प्रत्यय in the कर्तरि प्रयोग, the verbs धिन्व्, कृण्व् gets the 'उ' विकरणप्रत्यय.
3.1.81	A verb belonging to the क्र्यादिगण gets the विकरणप्रत्यय 'श्ना' in presence of a सार्वधातुक प्रत्यय in कर्तरि प्रयोग.
3.1.82	In presence of a सार्वधातुक प्रत्यय in the कर्तरि प्रयोग, the verbs  स्तम्भ्, स्तुम्भ्, स्कम्भ्, स्कुम्भ्, स्कुञ् gets the श्ना or the श्नु विकरणप्रत्यय.
3.1.83	The श्ना प्रत्यय following a हल् letter is converted to शानच् when followed by the 'हि' प्रत्यय.
3.1.84	The श्ना प्रत्यय following a हल् letter is seen converted either to शायच् or शानच् when followed by the 'हि' प्रत्यय.
3.1.85	In the context of वेदाः - Some kind of irregularity might be seen with reference to application of विकरणप्रत्ययाः
3.1.86	In the context of वेदाः - The सार्वधातुक forms of आशीर्लिङ्गलकार can also use अङ् as गणविकरणप्रत्यय.
3.1.92	The words referenced by the सप्तमीस्थ words of the sutras in this धात्वधिकार get the term 'उपपद'.
3.2.59	The words - ऋत्विक्, दधृष्, स्रज् , दिश्, उष्णिह् - are considered to be readymade forms made using the क्विन् प्रत्यय. Also, the verb अञ्च् gets the क्विन् प्रत्यय in presence of an उपपद, where as the verbs युज् and  क्रुञ्च् get the क्विन् प्रत्यय in absence of an उपपद.
3.2.110	The लुङ्-प्रत्ययः is used to indicate the past tense.
3.2.111	लङ्-लकार is used to indicate actions that have happened yesterday or before.
3.2.115	लिट्-लकार is used to indicate an action which was done yesterday or before and which was not seen by the speaker of the sentence.
3.2.124	The लट्-लकार gets शतृ and शानच् as आदेशाः to denote the present-tense, provided a विभक्ति other than प्रथमा is used along with these.
3.3.13	When a helper action is done for doing a main action in future (For example, 'going to school  for studying'), the लृट्लकार can be used to denote the main action ('studying' in this example). In addition, the लृट्लकार can also be used to indicate a general action to be done in future, even when no helper action is indicated.
3.3.15	लुट्-लकार is used to indicate actions that will happen tomorrow or later.
3.3.139	In the context of future, if the cause-effect scenario is being described with an implication that the action did not happen, the लृङ्लकारः is used.
3.3.161	लिङ्लकार  can be used to indicate विधि (= order) , निमन्त्रण ( = an invitation that cannot be rejected), आमन्त्रण  (= an invitation that can be rejected), अधीष्ट (= Ask something with respect, often in exchange of money or something else), सम्प्रश्न (= A question about doing or not doing something) and प्रार्थना (= request).
3.3.162	लोट्लकार can be used to indicate विधि (= order) , निमन्त्रण ( = an invitation that cannot be rejected), आमन्त्रण (= an invitation that can be rejected), अधीष्ट (= Ask something with respect, often in exchange of money or something else), सम्प्रश्न (= A question about doing or not doing something) and प्रार्थना (= request).
3.3.173	लिङ्लकार and लोट्लकार are used to express the desire of something that cannot be easily attained.
3.3.175	In presence of the अव्यय माङ्, लुङ्लकारः is used.
3.3.176	When माङ् is followed by स्म, the verb लुङ्लकार or लङ्लकार is used.
3.4.69	For the सकर्मक verb roots, the लकार can be used in the कर्तरि as well as the कर्मणि sense. For the अकर्मक verb roots, the लकार can be used in कर्तरि as well as भावे sense.
3.4.77	All the आदेशs mentioned in this अधिकार happen in place of  लकारs.
3.4.78	A लकार is initially converted to one of these 18 आदेशाः - तिप्, तस्, झि, सिप्, थस्, थ, मिप्, वस्, मस्, त, आताम्, झ, थास्, आथाम्, ध्वम्, इड्, वहि, महिङ्.
3.4.79	In case of टित्-लकारs, the 'टि' of the आत्मनेपद प्रत्ययs is converted to 'ए'.
3.4.80	In case of टित्-लकारs, the आत्मनेपद प्रत्यय थास् is converted to 'से'.
3.4.81	In case of आत्मनेपद of लिट्-लकार, the त-प्रत्यय is converted to एश् and  झ प्रत्यय is converted to इरेच्.
3.4.82	In case of the लिट् लकार, the परस्मैपद प्रत्ययाः are respectively converted to - णल्,अतुस्, उस्, थल्, अथुस्, अ, णल्, व, म.
3.4.83	For the verb विद्, the प्रत्ययाः of लिट्लकार are optionally converted (respectively) to णल्,अतुस्, उस्, थल्, अथुस्, अ, णल्, व, म.
3.4.84	In case of the verb ब्रू, the first five परस्मैपद-प्रत्ययाः of लट्लकार are converted optionally to (respectively) णल्, अतुस्, उस्, थल्, and अथुस्. Also, when this happens, the verb 'ब्रू' is converted to 'आह्'.
3.4.85	The प्रत्ययाः of the लोट्-लकार are derived in the same way as that of the लङ्लकार.
3.4.86	The इकार present in the  प्रत्ययाs of लोट्लकार is converted to उकार.
3.4.87	The सिप्-प्रत्यय of the लोट्-लकार is converted to 'हि'.
3.4.88	In the context of वेदाः, the 'हि' आदेश given to the सिप्-प्रत्यय of लोट्-लकार could be seen considered as पित्.
3.4.89	In the context of लोट्लकार, the मिप् प्रत्यय is converted to नि.
3.4.90	An एकार present in the प्रत्ययाः of लोट्-लकार is converted to आम्.
3.4.91	An एकार coming after a  सकार  or a  वकार of प्रत्यय of लोट्लकार is respectively converted to व and अम्.
3.4.92	The उत्तमपुरुष प्रत्ययाः of लोट्-लकार get the आट्-आगम, and this आगम is considered पित्.
3.4.93	The एकार occurring in the उत्तमपुरुष प्रत्ययाः of लोट्-लकार is converted to ऐ.
3.4.99	In case of ङित् लकारs, the ending सकार of the प्रत्ययाः of उत्तमपुरुष is removed.
3.4.100	In case of ङित् लकारs, The इकार present in the परस्मैपद-प्रत्ययs is removed.
3.4.101	In case of ङित्-लकारs, तस्, थस्, थ and मिप् are converted respectively to  ताम्, तम्, त and अम्.
3.4.103	The परस्मैपदस्य प्रत्ययाः of लिङ्लकार get a 'यासुट्' आगम which is both - उदात्त and ङित्.
3.4.104	The परस्मैपदस्य प्रत्ययाः of आशीर्लिङ्लकार get a 'यासुट्' आगम which is both - उदात्त and कित्.
3.4.105	The झ-प्रत्यय of लिङ्लकार is converted to रन्.
3.4.106	The इट्-प्रत्यय of लिङ्लकार is converted to 'अ'.
3.4.107	In case of लिङ्लकार, the तकार and थकार present in the प्रत्ययाः get the 'सुट्' आगम.
3.4.108	The 'झि' प्रत्यय of लिङ्लकार is converted to 'जुस्'.
3.4.109	The झि-प्रत्यय of a ङित्-लकार that follows सिच्, अभ्यस्त or the verb root विद् is converted  to जुस्.
3.4.110	For an आकारान्त अङ्ग, even  when the सिच् प्रत्यय is removed, the झि-प्रत्यय of a ङित्-लकार is converted to जुस्.
3.4.113	The तिङ् प्रत्ययs and the शित् प्रत्ययs are called 'सार्वधातुक'.
3.4.114	Except for तिङ् and शित् प्रत्ययs, other प्रत्ययs that are attached to verbs are called 'आर्धधातुक'.
3.4.115	The तिङ्-प्रत्ययs of the लिट्-लकार get the term आर्धधातुक.
3.4.116	The प्रत्ययs of आशीर्लिङ्-लकार are termed आर्धधातुक.
4.1.1	This is an अधिकार, and all the प्रत्ययाः told in this अधिकार are to be applied to ङ्यन्त, आबन्त and प्रातिपदिक words.
4.1.2	The प्रत्ययाः - सुँ-औ-जस्-अम्-औट्-शस्-टा-भ्याम्-भिस्-ङे-भ्याम्-भ्यस्-ङसिँ-भ्याम्-भ्यस्-ङस्-ओस्-आम्-ङि-ओस्-सुप् get attached to a word that ends in ङीप्/ङीष्/ङीन्/टाप्/डाप्/चाप् pratyay, or is a प्रातिपदिक.
4.1.3	This is an अधिकार which spans from the current sutra till (and just before) । समर्थानां प्रथमाद् वा' 4.1.82.
4.1.4	To indicate the feminine property, the अकारान्त words and the words belonging to the अजादिगण get the प्रत्यय टाप्.
4.1.5	To indicate the feminine property, the ऋकारान्त and the नकारान्त words get the ङीप्-प्रत्यय.
4.1.6	प्रातिपदिकानि which end with इत्संज्ञक उक् letter get the ङीप्-प्रत्यय to indicate the feminine property.
4.1.10	The words that get the term 'षट्', and the words स्वसृ, तिसृ, चतसृ, ननान्दृ, दुहितृ, यातृ, मातृ do not get the   ङीप्-प्रत्यय to indicate the feminine property.
4.1.76	The प्रत्ययाः that are being told from now onwards up to end of the fifth chapter are called तद्धितप्रत्ययाः.
4.1.77	To indicate the feminine property, the, word युवन् which is not an gets उपसर्जनसंज्ञक the तद्धितप्रत्यय 'ति'.
4.1.82	The word indicated by the first समर्थ present in the अर्थज्ञापकसूत्र gets the  तद्धितप्रत्ययः optionally.
4.1.83	The अण् प्रत्यय is used as a default for the प्राग्दीव्यतीय meanings.
4.1.84	The words of the अश्वपत्यादि गण get the अण् प्रत्यय in the प्राग्दीव्यतीय meaning.
4.1.85	The words दिति, अदिति, आदित्य and the words that end in 'पति' get the ण्य प्रत्यय in the  प्राग्दीव्यतीय meanings.
4.1.86	For the words of the उत्सादिगण, the अण्-प्रत्ययः is used in all the  प्राग्दीव्यतीय meanings.
4.1.87	For the meanings given till the end of the first पाद of the पञ्चमाध्याय, the word  स्त्री gets the  प्रत्यय नञ्, and the word पुम्स् gets the प्रत्यय स्नञ्.
4.1.88	In case of a द्विगु-समास that gets created in context of a तद्धितार्थ, the अजादि तद्धितप्रत्यय involved in this समास is removed.
4.1.92	To indicate the meaning of 'his/her offspring', the word in the षष्ठी विभक्ति gets an appropriate प्रत्यय.
4.1.95	To indicate the meaning of 'his/her offspring', an अदन्त word in the षष्ठी विभक्ति gets the 'इञ्' प्रत्यय.
4.1.96	To indicate the meaning of 'his/her offspring',  the words belonging to the बाह्वादिगण get the 'इञ्' प्रत्यय.
4.1.97	To indicate the meaning of 'his/her offspring', the word सुधातृ gets the इञ् प्रत्यय and also the word gets the अकङ् आदेश.
4.1.112	To indicate the meaning of 'his/her offspring', the words belonging to the शिवादिगण get the 'अण्' प्रत्यय.
4.1.113	To indicate the meaning of 'his/her offspring', the words that are not वृद्धसंज्ञक and represent name of a river or a human female get the 'अण्' प्रत्यय.
4.1.114	To indicate the meaning of 'his/her offspring', the words that are names of a ऋषि, or which belong to the अन्धक / वृष्णि / कुरु family get the 'अण्' प्रत्यय.
4.1.115	To indicate the meaning of 'his/her offspring', the words that contain either a संख्या , or 'सम्' or 'भद्र' as a पूर्वपद and  'मातृ' as the उत्तरपद get the अण् प्रत्यय. Also, for such words, the उत्तरपद मातृ gets  उकारादेश.
4.1.116	To indicate the meaning of 'his/her offspring', the word कन्या gets the 'अण्' प्रत्यय and it also gets 'कानीन' as आदेश.
4.1.117	To indicate the meaning of 'his/her offspring' - \n1) The word विकर्ण when refers to the वत्सकुल,\n2) The word शुङ्ग when refers to the भरद्वाजकुल, and \n3) The word छगल when refers to the अत्रिकुल\nget the अण् प्रत्यय.
4.1.118	To indicate the meaning of 'his/her offspring', the word पीला gets the अण्-प्रत्यय optionally.
4.1.119	To indicate the meaning of 'his/her offspring', the word मण्डूक gets the अण् as well as ढक् प्रत्यय optionally.
4.1.120	To indicate the meaning of 'his/her offspring', the स्त्रीप्रत्ययान्त words  get the 'ढक्' प्रत्यय.
4.2.1	To express the meaning of 'colored by', an appropriate प्रत्यय gets added to the तृतीयासमर्थ word representing the name of the color.
4.2.2	For the word  लाक्षा, रोचना, शकल and कर्दम, ठक्-प्रत्ययः is used to indicate the meaning of 'colored by'.
4.2.3	To indicate the meaning of 'time occupied by a certain नक्षत्र', an appropriateतद्धित प्रत्यय can be attached to the word in तृतीया विभक्ति  that indicates name of the नक्षत्र.
4.2.4	To indicate the meaning of 'time occupied by a certain नक्षत्र', an appropriate तद्धित प्रत्यय which  gets attached to the word in तृतीया विभक्ति undergoes a लुप् if the time being indicated does not have a particular name.
4.2.6	To indicate the meaning of 'time occupied by a certain  नक्षत्र', छ प्रत्यय can be attached to the word in तृतीया विभक्ति that indicates name of a नक्षत्रद्वन्द्व.
4.2.7	To indicate the name of a साम using its visionary, an appropriate तद्धितप्रत्यय gets attached to the तृतीयासमर्थ name of the visionary.
4.2.8	The word कलि gets the तद्धितप्रत्यय 'ढक्' in the meaning of 'दृष्टं साम'.
4.2.9	The word वामदेव gets the प्रत्ययs ड्यत् and ड्य in the meaning of  'तेन दृष्टं साम'.
4.2.10	To represent a रथ using a material used to cover it completely, an appropriate तद्धितप्रत्यय can be attached to the तृतीयासमर्थ indicating the covering entity.
4.2.11	The word पाण्डुकम्बल gets the प्रत्यय 'इनि' in the meaning of 'परिवृतो रथः'.
4.2.12	The words द्वैप  and वैयाघ्र get the प्रत्यय अञ् in the meaning of 'परिवृतो रथः'
4.2.14	When a food item is taken out in certain vessel, the food item can be represented by attaching an appropriate तद्धितप्रत्यय to the name of the vessel occurring in the सप्तमी विभक्ति.
4.2.16	To indicate a food item using the vessel or the medium used for its processing / culturing / preparation, an appropriate तद्धितप्रत्यय can be used with the word in the सप्तमी विभक्ति indicating the name of the vessel or the medium.
4.2.17	The words शूल and उखा get the प्रत्यय यत् in the meaning of संस्कृतं भक्षाः.
4.2.18	The word दधि gets the प्रत्यय ठक् in the meaning of संस्कृतं भक्षाः.
4.2.19	The word  उदश्वित् gets the प्रत्यय ठक्  optionally the meaning of संस्कृतं भक्षाः.
4.2.20	The word क्षीर gets the प्रत्यय ढञ् in the meaning of 'संस्कृतं भक्षाः'
4.2.21	To indicate the name of a month, fortnight or a year based on the name of the full-moon-day falling in it, the प्रथमासमर्थ name of the full moon day gets the appropriate तद्धितप्रत्यय.
4.2.22	The words आग्रहायण and अश्वत्थ get the प्रत्यय ठक् in the meaning of 'सा अस्मिन् पौर्णमासी इति संज्ञायाम्'.
4.2.23	The words फाल्गुनी, श्रवणा, कार्त्तिकी and चैत्री optionally get the प्रत्यय ठक् in the meaning of  'सा अस्मिन् पौर्णमासी इति संज्ञायाम्'.
4.2.24	To indicate an entity by referring to its god, an appropriate तद्धित प्रत्यय can be attached to the प्रथमासमर्थ word representing the name of the god.
4.2.25	In the meaning of 'सा अस्य देवता', the word 'क' gets the 'इत्' आदेश.
4.2.26	The word शुक्र gets the घन् प्रत्यय in the meaning of 'सा अस्य देवता'.
4.2.27	The words 'अपोनप्तात्' and 'अपान्नप्तात्'   get the घ प्रत्यय in the meaning of  सा अस्य देवता, and they also get converted to 'अपोनप्तृ' and 'अपान्नप्तृ' respectively.
4.2.28	The words 'अपोनप्तात्' and 'अपान्नप्तात्'   get the छ-प्रत्यय in the meaning of  सा अस्य देवता, and they also get converted to 'अपोनप्तृ' and 'अपान्नप्तृ' respectively.
4.2.29	The word 'महेन्द्र' gets the प्रत्ययाः घ, छ, and अण् in the meaning of  'सा अस्य देवता'.
4.2.30	The word सोम gets the प्रत्यय 'ट्यण्' in the meaning of 'सा अस्य देवता'.
4.2.31	The words 'वायु', 'ऋतु', 'पितृ' and 'उषस्' get the प्रत्यय यत् in the meaning of  'सा अस्य देवता'.
4.2.32	The words द्यावापृथिवी, शुनासीर, मरुत्वत्, अग्नीषोम, वास्तोष्पति and गृहमेध get the यत् and the छ प्रत्यय in the meaning of 'सा अस्य देवता'.
4.2.33	The word अग्नि gets the प्रत्यय ढक् in the meaning of 'सा अस्य देवता'.
4.2.34	For the कालवाची words, the same प्रत्यय that is provided for the meaning 'तत्र भवः' comes for the meaning 'सा अस्य देवता'  as well.
4.2.35	The words 'महाराज' and 'प्रोष्ठपद' get the प्रत्यय ठञ् in the meaning of 'सा अस्य देवता'.
4.2.36	The words पितृव्य, मातुल, मातामह and  पितामह are given 'readymade' (that is, without any प्रक्रिया).
4.2.37	To indicate the meaning of 'collection / group', a षष्ठीसमर्थ word gets an appropriate तद्धितप्रत्यय.
4.2.39	For the words that indicate a गोत्र, and for the words in this list - उक्षन्, उष्ट्र, उरभ्र, राजन्, राजन्य, राजपुत्र, वत्स, मनुष्य,  अज - The वुञ् प्रत्यय is added to indicate the meaning of तस्य समूहः.
4.2.41	The words केदार and कवचिन् get the ठञ् प्रत्यय in the meaning of 'तस्य समूहः'.
4.2.42	The words ब्राह्मण, माणव, वाडव get the 'यन्' प्रत्यय in the meaning of 'तस्य समूहः'.
4.2.43	The words ग्राम, जन, बन्धु, सहाय get the प्रत्यय तल् to express the meaning of 'तस्य समूहः'
4.2.44	For the words whose first vowel is अनुदात्त, the अञ् प्रत्यय is added in the meaning of 'तस्य समूहः'.
4.2.45	The words of the खण्डिकादिगण get अञ् प्रत्यय to indicate the meaning of 'तस्य समूहः'
4.2.46	For the words that represent the names of stanzas of a poem, the प्रत्ययाः that are applicable in the meaning given by the वार्त्तिक 'चरणात् धर्माम्नानयोः इष्यते' should also be used in the meaning of  'तस्य समूहः' as well.
4.2.47	For the words that represent non-living entities, and also for the words हस्तिन् and धेनु, the प्रत्यय ठक् is used to indicate the meaning of 'तस्य समूहः'.
4.2.48	The word केश optionally gets the प्रत्यय यञ् to indicate the meaning of 'तस्य समूहः'. The word अश्व optionally gets the प्रत्यय छ to indicate the meaning of 'तस्य समूहः'
4.2.49	The words of पाशादिगण get the प्रत्यय 'य' in the meaning of 'तस्य समूहः'
4.2.50	The words खल, गो and रथ get the प्रत्यय  'य' to indicate the meaning of 'तस्य समूहः'.
4.2.51	The words खल, गो and रथ respectively get the प्रत्ययाः - इनि, त्र, कट्यच् to indicate the meaning of 'तस्य समूहः'.
4.2.52	When the word विषय is used to indicate the meaning of देश (ग्रामसमुदाय), then the षष्ठीसमर्थ with which the word विषय is associated gets an appropriate तद्धितप्रत्यय.
4.2.53	The words of the राजन्यादिगण get the प्रत्यय 'वुञ्' in the meaning of 'विषयः देशे'.
4.2.54	The words of the भौरिक्यादिगण get the प्रत्यय 'विधल्' to indicate the meaning of  'विषयः देशे'. \nThe words of the ऐषुकार्यादिगण get the प्रत्यय 'भक्तल्' to indicate the meaning of  'विषयः देशे'.
4.2.55	To indicate a प्रगाथ using the छन्द of the first stanza of that प्रगाथ, an appropriate तद्धितप्रत्यय can be attached to the प्रथमासमर्थ representing the name of the छन्द.
4.2.56	To indicate a battle using the purpose or the participants of that battle, an appropriate तद्धितप्रत्यय can be attached to the word in the प्रथमा विभक्ति which represents the purpose or the participants of the battle.
4.2.57	To indicate a sport using an entity used for hitting in that sport, an appropriate तद्धितप्रत्यय gets attached to the प्रथमासमर्थ word indicating the name of the entity used for hitting.
4.2.67	To indicate the name of a country by referring to the entities present in that country, an appropriate तद्धित प्रत्यय gets attached to the word in प्रथमाविभक्ति representing the name of that entity.
4.2.68	To indicate the name of a country by referring to its creator, an appropriate तद्धित प्रत्यय gets attached to the word in तृतीयाविभक्ति representing the name of the creator.
4.2.69	To indicate the name of a country by referring to its residents, an appropriate तद्धित प्रत्यय gets attached to the word in षष्ठीविभक्ति representing the name of the residents.
4.2.70	To indicate the name of a country by referring to the another country that is near it, an appropriate तद्धित प्रत्यय gets attached to the word in षष्ठीविभक्ति representing the name of the country that is nearby.
4.2.71	The उवर्णान्त प्रातिपदिकs get the प्रत्यय अञ् in the context of चतुरर्थाः.
4.2.72	For the word that ends in a मतुप्-प्रत्यय and has three or more स्वराः in the अङ्ग to which the  मतुप्-प्रत्यय is attached, the अञ् प्रत्यय is used in the context of चतुरर्थाः.
4.2.73	In the context of चतुरर्थाः, to indicate the name of a well by referring to a word that has three or more स्वराः , अञ् प्रत्यय is used.
4.2.74	In the context of चतुरर्थाः, to indicate the name of a well by referring to a word having one or two स्वराः,  अञ् प्रत्यय is used if the well exists in the northern region of the river विपाश् .
4.2.75	In the context of चतुरर्थाः, the words belonging to the सङ्कलादिगण get the अञ् प्रत्यय.
4.2.76	In the context of  चतुरर्थाः,  To indicate the feminine name of a country in the सौवीर region, शाल्व region or eastern region, the अञ् प्रत्यय  is used.
4.2.77	In the context of चतुरर्थाः,  the words of the सुवास्तुगण get the अण्  प्रत्यय.
4.2.78	In the context of चतुरर्थाः,  the words ending in 'रोणी' get the 'अण्' प्रत्यय.
4.3.23	The words सायम्, चिरम्, प्रगे, प्राह्णे, and all the कालवाचक-अव्ययानि get the ट्यु and ट्युल् प्रत्यय in the शैषिक-meanings. Also, the ट्यु and ट्युल् प्रत्यय get a तुट् आगम in this context.
4.4.1	The ठक् प्रत्यय is used as a default for the प्राग्वहतीय meanings.
4.4.2	The ठक् प्रत्यय is attached to a तृतीयासमर्थ instrument to indicate  (1) a person who gambles, (2) A person who digs, (3) A person who wins, (4) An entity that is won.
4.4.3	To express an entity that has been cultured / processed, an appropriate तद्धितप्रत्यय gets attached to the तृतीयासमर्थ word indicating the substance used for culturing / processing.
4.4.75	The यत् प्रत्यय is used as a default for the प्राक्-हितीय meanings.
5.1.1	The छ प्रत्यय is used as a default for the प्राक्-क्रीतीय meanings.
5.1.18	The ठञ् प्रत्यय is used as a default for the प्राग्वतीय meanings.
5.2.47	When the cost of 'one unit' of an entity is to be expressed in terms of the cost of 'multiple units' of another entity, मयट् प्रत्यय can be applied to the number that represents the 'number of units' of the second entity.
5.3.71	For an अव्यय, a सर्वनामशब्द and  a तिङ्गन्त word the प्रत्यय 'अकच्' comes just before the 'टि'संज्ञक component of that word under  all the प्राग्-इवीय meanings.
6.1.1	In this अधिकार the doubling happens for the first एकाच् entity of the verb
6.1.2	The द्वित्व mandated in the > [[6.1.1]] अधिकार happens for the second एकाच् component of an अनेकाच् अजादि word.
6.1.3	When doubling of an अनेकाच् अजादि  verb root is to be done, the नकार, दकार, and रेफ present at the beginning of a संयोग are not duplicated.
6.1.4	When a repetition is done, the first entity out of the two is called अभ्यास.
6.1.5	When the doubling happens in this अधिकार, the two copies are collectively referred as 'अभ्यस्त'.
6.1.6	The verb roots belonging to the जक्षित्यादिगण are called 'अभ्यस्त'.
6.1.8	When followed by a प्रत्यय of लिट् लकार,  a verb root that have not yet undergone द्वित्वम् undergoes द्वित्वम्.
6.1.9	When followed by the सन्-प्रत्यय or the  यङ्-प्रत्यय, a verb root that have not yet undergone द्वित्वम् undergoes द्वित्वम्.
6.1.10	When a प्रत्यय is removed using the word श्लु, अङ्ग which is not yet duplicated is duplicated.
6.1.11	When followed by the चङ्-प्रत्यय, a verb root that have not yet undergone द्वित्वम् undergoes द्वित्वम्.
6.1.63	The आदेशाs पद्,दत्,नस्, मास्, हृत्, निश्, असन्, यूषन्, दोषन्, यकन्, शकन्, उदन्, आसन् are created (to the appropriate words) in presence शस् and other विभक्तिs from तृतीया onwards.
6.1.64	A षकार present at the beginning of औपदेशिक  form of a धातु is converted to सकार.
6.1.65	A णकार present at the beginning of औपदेशिक form of a धातु is converted to नकार.
6.1.66	A वकार and a यकार are deleted when followed by a letter of the वल् प्रत्याहार.
6.1.67	The प्रत्यय 'वि' is removed when it appears अपृक्त.
6.1.68	The सुँ, ति, or सि प्रत्यय, when present as a single letter, is removed when attached to - (1) a word ending in a  हल् letter,  or (2) A दीर्घ word ending in the  ङीप् / ङीष् / ङीन् / चाप् / टाप् / डाप् प्रत्यय.
6.1.69	The हल् letter that belongs to a सम्बुद्धिप्रत्यय attached to एङन्त or ह्रस्वान्त word is removed.
6.1.70	In वेदाः, 'शि' is seen removed at some places.
6.1.71	A ह्रस्व letter that is followed by a कृत्-प्रत्यय that is पित् gets a तुगागम.
6.1.72	This is an अधिकार that runs till > [[6.1.157]]. Anything told in this अधिकार happens only in the context of संहिता.
6.1.73	A ह्रस्व स्वर gets a तुक्-आगमः when followed by a छकार, in the context of संहिता.
6.1.74	The words आङ् and माङ् get a तुक्-आगम when followed by a छकार, in the context of संहिता.
6.1.75	A दीर्घ स्वर gets a तुक्-आगमः when followed by a छकार,  in the context of संहिता.
6.1.76	A दीर्घ स्वर at end of a पद gets optional तुक्-आगमः when followed by a छकार,  in the context of संहिता.
6.1.77	An इक् letter which is followed by a स्वर is converted to a corresponding यण् letter in the context of संहिता.
6.1.78	When followed by a स्वर, the letters of the एच् प्रत्याहार are respectively converted to अय्, अव्, आय् and आव् in the context of संहिता.
6.1.79	An ओकार and an औकार are respectively converted to अव् and आव् when followed by a यकारादि प्रत्यय, in the context of संहिता.
6.1.80	In the context of संहिता, the ओकार/औकार at the end of a धातु, when followed by यकारादि-प्रत्यय, is converted to अव् / आव्  only if that ओकार/औकार is generated by that यकारादिप्रत्यय itself.
6.1.81	The words क्षय्य and जय्य are considered to be derived, in the meaning of (respectively) 'the one that is capable of being destroyed' and 'the one that is capable of being won over'.
6.1.82	The words क्रय्य is considered to be derived, in the meaning of 'the one that can be purchased'.
6.1.83	In the context of Vedas, the words भय्य (the one from which somebody is afraid) and the word प्रवय्या (= a female being impregnated) are seen used (and should thus be considered derived).
6.1.84	This is an अधिकार that runs till > [[6.1.111]]. Any आदेश told in this अधिकार should be understood as combined आदेश done on the participating entities.
6.1.85	The एकादेश told in the एकः पूर्वपरयोः अधिकार acts like the last letter of the पूर्वशब्द as well as the first letter of the परशब्द.
6.1.86	The एकादेश mentioned under the एकः पूर्वपरयोः अधिकार should be considered असिद्ध while doing षत्वम् or a तुक् आगम.
6.1.87	When an अवर्ण is followed by an अच् letter in the context of संहिता, both of them are replaced by a single गुण letter
6.1.88	When an अवर्ण is followed by an एच् letter in the context of संहिता, both of them are replaced by a single वृद्धि letter.
6.1.89	In the context of संहिता, When an अवर्ण followed by the एच् letter of the इण् धातु or एध् धातु, or the word ऊठ् ; both of them are replaced by a single वृद्धि letter.
6.1.90	When the आट्-आगम is followed by a अच्-letter,  both of them are replaced by a single वृद्धि letter.
6.1.91	When an अवर्णान्त उपसर्ग is followed by a  ऋकारादि verb form,  both of them are replaced by a single वृद्धि letter.
6.1.92	When an अवर्णान्त उपसर्ग is followed by a ऋकारादि सुब्धातु, both of them are optionally replaced by a single वृद्धि letter.
6.1.93	When an ओकार  is followed by the अम्-प्रत्यय or the शस्-प्रत्यय,  both the letters are replaced by single आकार.
6.1.94	When an अवर्णान्त उपसर्ग is followed by a एकारादि or ओकारादि verb form, both the letters are replaced by a single पररूप.
6.1.95	In the context of संहिता, When अवर्ण is followed by the word ओम् or the word आङ् , both the letters are replaced by a single पररूप.
6.1.96	In the context of संहिता, ऌhen a अवर्ण not occurring at end of a पद is followed by the word 'उस्', both of them are replaced by a single पररूप.
6.1.97	In the context of संहिता, when an अपदान्त अकार is followed by a गुण letter, both of them are replaced by a single पररूप.
6.1.98	In the context of संहिता, When a word which is used to imitate some abstract sound and which ends is the phrase 'अत्' is followed by the word 'इति', then the 'अत्' of the previous word and the इ of इति are combined to form a पररूप-एकादेश.
6.1.99	When a word which is used to imitate some abstract sound and which ends is the phrase 'अत्' and which is also an आम्रेडितसंज्ञक is followed by the word 'इति', then the 'अत्' of the previous word and the इ of इति are not combined as mentioned in the previous rule 'अव्यक्तानुकरणस्यात इतौ'. Instead, the त् and इ optionally combine to form a पररूप-एकादेश.
6.1.100	When a word which is used to imitate some abstract sound and which ends is the phrase 'त्' is followed by an आम्रेडितसंज्ञक which is further followed by the pratyay डाच्, then the 'त्' of the first word and the first letter of the आम्रेडितसंज्ञक are combined to form a पररूप-एकादेश.
6.1.101	In the context of संहिता, when an अक् letter is followed by a सवर्ण अच् letter, both of them are replaced by a दीर्घ-एकादेश.
6.1.102	When a letter from the  अक् प्रत्याहार is followed by an अजादि प्रत्यय of  प्रथमा or द्वितीया विभक्ति, then पूर्व and the पर letters are replaced by a single पूर्वसवर्णदीर्घ.
6.1.103	When the rule 'प्रथमयोः पूर्वसवर्णः' is used to create a पूर्वसवर्णदीर्घ for a पुंलिङ्ग word in presence of the शस्-प्रत्यय, then the सकार of the शस्-प्रत्यय is converted to नकार.
6.1.104	When अकार / आकार is followed by a प्रत्यय of प्रथमा or द्वितीया विभक्ति that begins with a letter of इच्-प्रत्याहार, then the पूर्वसवर्णदीर्घ given by 'प्रथमयोः पूर्वसवर्णः' does not happen.
6.1.105	When दीर्घस्वर is followed by either the जस्-प्रत्यय, or a प्रत्यय of प्रथमा or द्वितीया विभक्ति that begins with a letter of इच्-प्रत्याहार, then the पूर्वसवर्णदीर्घ mandated by 'प्रथमयोः पूर्वसवर्णः' does not happen.
6.1.106	The पूर्वसवर्णदीर्घनिषेध given by the sutra 'दीर्घाज्जसि च' is optional while deriving the Vedic forms.
6.1.107	When a letter from the अक् प्रत्याहार is followed अकार of the अम्-प्रत्यय, both the letters are combined to form a पूर्वरूप-एकादेश.
6.1.108	When a letter having the sanjna सम्प्रसारण is followed by an अच् letter, both of them are combined to form a पूर्वरूप-एकादेश.
6.1.109	If a पदान्त ए / ओ letter is followed by a ह्रस्व अकार, then both of them combine to form a पूर्वरूप एकादेश.
6.1.110	If an एकार or ओकार is followed by the अकार of ङसिँ or ङस् प्रत्यय,  then both of them combined to form a पूर्वरूप एकादेश.
6.1.111	If a ऋकार or ऌकार is followed by the अकार of  ङसिँ or ङस् प्रत्यय,  then both of them combined to form an उकार.
6.1.112	The अकार of the  ङसिँ/ङस् प्रत्यय following a 'ख्य्' / 'त्य्' is converted to उकार.
6.1.113	A रुँ letter that is sandwiched between an अप्लुत-ह्रस्व-अकार from each side is converted to an उकार.
6.1.114	A रुँ letter that follows an अप्लुत-ह्रस्व-अकार and is followed by a हश् letter is converted to an उकार.
6.1.122	In the context of संहिता, an ओकार occurring at the end of the पदसंज्ञक गो शब्द exhibits optional प्रकृतिभाव when followed by a ह्रस्व अकार.
6.1.123	In the context of संहिता, The पदसंज्ञक गो word when followed by a स्वर gets an अवङ् आदेश optionally.
6.1.124	In the context of संहिता, The word गो when followed by the word इन्द्र gets the अवङ्-आदेश.
6.1.125	प्लुत letters and प्रगृह्य words do not undergo a सन्धि when followed by an अच्-letter, even when there is संहिता.
6.1.126	In the context of संहिता and in the derivation of the वैदिक forms, when आङ् is followed by an अच् letter, आङ् becomes अनुनासिक and does not undergo sandhi with the अच् letter.
6.1.127	According to शाकल्य, In the context of संहिता a पदान्त-इक्-letter, when followed by an असवर्ण अच्-letter undergoes ह्रस्वादेशः and then no other sandhi happens.
6.1.128	According to शाकल्य, In the context of संहिता a पदान्त-अक्-letter, when followed by a ह्रस्व ऋ/ऌ-letter undergoes ह्रस्वादेशः and then no other sandhi happens.
6.1.129	When followed by an अवैदिक 'इति' word, a प्लुत behaves as if it is not प्लुत in the context of संहिता.
6.1.130	According to चाक्रवर्मण, the प्लुतः ईकारः behaves as if it is not प्लुत when followed by an अच्-letter in the context of संहिता.
6.1.131	The 'दिव्' word that is a पद also gets the उत्-आदेश.
6.1.132	Except for the नञ् समास, when a form of एतद्/तद् word which does not contain a ककार is followed by a  सुँ-प्रत्यय which in turn is followed by a व्यञ्जन. the सुँ-प्रत्यय gets removed in the context of संहिता.
6.1.133	In the derivation of the Vedic words, the सुँ-प्रत्यय attached to the प्रथमा-एकवचन of the word त्यद् might or might not be removed when followed by a हल् in the context of संहिता.
6.1.134	The सुँ-प्रत्यय of सः gets removed when followed by an अच्, provided that (only) by doing so, the पाद can be completed.
6.1.163	The word ending in चित्-प्रत्यय becomes अन्तोदात्त.
6.1.164	The word ending in a तद्धितसंज्ञक चित्-प्रत्यय become अन्तोदात्त.
6.1.165	The word ending in a तद्धितसंज्ञक कित्-प्रत्यय become अन्तोदात्त.
6.1.185	The first स्वर of a तित् प्रत्यय becomes स्वरित.
6.1.193	For the प्रकृति-प्रत्यय-समुदाय that ends in a लित्-प्रत्यय, the स्वर that comes before the प्रत्यय becomes उदात्त.
6.1.197	The word ending in a ञित् or a नित् प्रत्यय become आद्युदात्त.
6.1.217	The second last  स्वर of the प्रकृति-प्रत्यय-समुदाय that ends in a रित् प्रत्यय becomes उदात्त.
6.3.47	The words द्वि and अष्टन् get an आकारादेश in presence of a  सङ्ख्याशब्द, provided that there is no बहुव्रीहि समास and the word अशीति is not present.
6.3.48	The words त्रि gets an आकारादेश in presence of a  सङ्ख्याशब्द, provided that there is no बहुव्रीहि समास and the word अशीति is not present.
6.3.93	If the 'सम्' उपसर्ग is followed by an लुप्तप्रत्ययान्त-अञ्च् word, then 'सम्'  is converted to 'समि'.
6.3.94	If the word 'तिरस्' is followed by a  लुप्तप्रत्ययान्त-अञ्च् word from which an अकार has not been removed, then the word 'तिरस्' is converted to 'तिरि'.
6.3.95	If the word 'सह' is followed by an लुप्तप्रत्ययान्त-अञ्च् word, then 'सह'  is converted to 'सध्रि'.
6.3.110	When the word अह्न appears as an उत्तरपद in a समास where the पूर्वपद is either a number, or the words वि or साय, it is optionally converted to अहन् in presence of the प्रत्यय ङि.
6.3.111	When a ढकार is deleted due to a ढकार that follows it, or when a रेफ is deleted due to a रेफ that follows the अण् letter occurring before the deleted ढकार/रेफ becomes दीर्घ.
6.3.112	For the verbs सह् and वह्, when a ढकार is deleted due to a ढकार that follows it,  the अकार occurring before the deleted ढकार is converted to ओ.
6.3.138	When the अञ्च् word is in a state where its अकार and नकार have been removed, it causes the दीर्घ of the previous अण् letter.
6.4.1	In all the rules starting from this sutra till the end of the seventh chapter the word 'अङ्गस्य' should be included while interpreting the sutras.
6.4.2	The letter which has been generated using सम्प्रसारणम् and which occurs at end of an अङ्ग becomes दीर्घ when there is a हल् letter which occurs just before it in that अङ्ग.
6.4.3	In presence of the   नाम् प्रत्यय, the last letter of the अङ्ग becomes दीर्घ.
6.4.4	The words तिसृ and चतसृ do not become दीर्घ in presence of the  नाम् प्रत्यय.
6.4.5	In presence of the नाम् प्रत्यय, the last letter of the अङ्ग might or might not be made दीर्घ in वेदाः.
6.4.6	In presence of the नाम् प्रत्यय, the last letter of the word नृ becomes दीर्घ optionally.
6.4.7	The उपधा of the नकारान्त words becomes दीर्घ when the नकारान्त word is followed by the नाम्-प्रत्यय.
6.4.8	The  उपधा letter of a नकारान्त अङ्ग becomes दीर्घ when followed by a प्रत्यय which is a सर्वनामस्थान other than सम्बोधन-एकवचन.
6.4.9	When followed by a प्रत्यय which is a सर्वनामस्थान other than सम्बोधन-एकवचन, the उपधा स्वर of a नकारान्त अङ्ग becomes optionally दीर्घ in वेदाः, if that उपधा स्वर is preceded by a षकार.
6.4.10	The स्वर preceding the नकार from (a) महत् and (b) any word that ends in न्स् - becomes दीर्घ in presence of \nप्रत्यय that is also a सर्वनामस्थान, other than सम्बोधन-एकवचन.
6.4.11	The उपधा letter of the words अप्, स्वसृ, नप्तृ, नेष्टृ, त्वष्टृ, क्षत्तृ, होतृ, पोतृ, and प्रशातृ, and also of the words ending in a तृन् or तृच् प्रत्यय becomes दीर्घ in presence of a प्रत्यय that is also a सर्वनामस्थान, other than सम्बोधन-एकवचन.
6.4.12	For the words हन्, पूषन् and अर्यमन्, and for also the words that end in 'इन्', the उपधादीर्घ happens only in case of the 'शि' प्रत्यय, and not in case of other सर्वनामस्थानप्रत्ययाः.
6.4.13	For the words हन्, पूषन् and अर्यमन्, and for also the words that end in 'इन्', the उपधादीर्घ happens in case of the सुँ-प्रत्यय of प्रथमा-एकवचन.
6.4.14	The उपधा of the words ending in either मत्, वत्, or अस् becomes दीर्घ in presence of the सुँ-प्रत्यय of  प्रथमा एकवचन, provided these words do not end in a धातु.
6.4.15	If an अङ्ग ends in an अनुनासिक, the उपधा letter of that अङ्ग  becomes दीर्घ in presence of a क्विप्-प्रत्यय, झलादि-कित्-प्रत्यय and a झलादि-ङित्-प्रत्यय.
6.4.18	The उपधा letter of the verb-root 'क्रम्' undergoes an optional दीर्घादेश when followed by a झलादि क्त्वा प्रत्यय.
6.4.19	The last 'त्छ्' of an अङ्ग is converted to 'श्', and the last 'व्' of an अङ्ग is converted to 'ऊठ्' when followed by an अनुनासिकादि or झलादि प्रत्यय that is either कित् or ङित् ।
6.4.22	All the sutras present from here onward till the the end of this पाद should be considered as असिद्ध towards each other when they are invoked in such a way that their आश्रयs are exactly the same.
6.4.24	The उपधा नकार of an अङ्ग that is अनिदित् and हलन्त is removed in presence of a कित् or a ङित्-प्रत्यय.
6.4.25	The उपधा-नकार of the verbs दंश्, सञ्ज् and स्वञ्ज् is removed in presence of the विकरणप्रत्यय शप् ।
6.4.26	The उपधा-नकार of the verb रञ्ज् is removed in presence of the विकरणप्रत्यय शप्.
6.4.27	When followed by the घञ्-प्रत्यय in the meaning of  भाव or करण the उपधा-नकार of the verb root रञ्ज् is removed.
6.4.30	When used in the meaning of 'to pray', the नकार of the verb root  अञ्च् is not removed.
6.4.31	In presence of the क्त्वा प्रत्यय, the  उपधा-नकार of the verb roots  स्कन्द् and स्यन्द् is not removed.
6.4.32	The उपधा नकार of the  जकारान्त verb roots and the verb root 'नश्' is optionally removed when followed by the क्त्वा प्रत्यय.
6.4.35	The शास्-धातु gets the 'शा' आदेश when followed by the हि-प्रत्यय of लोट्लकार.
6.4.36	The 'हन्' धातु gets the 'ज' आदेश when followed by the हि-प्रत्यय of लोट्लकार.
6.4.37	1) For the verb roots that end in an अनुनासिक letter and have an अनुदात्त स्वर in the उपदेश,\n2) For the verb root वन्, and\n3) For the verb roots that end in an अनुनासिक letter and belong to the तनोत्यादिगण, \n\nThe अनुनासिक is removed when the verb is followed by a झलादि कित् /ङित् प्रत्यय.
6.4.47	When followed by an आर्धधातुक प्रत्यय, रेफ and the उपधावर्ण of the the verb root gets the 'रम्' आगम.
6.4.71	In case of the लुङ्लकार, लङ्लकार and लृङ्लकार, the अङ्ग gets an 'अट्' आगम,  which is also उदात्त.
6.4.72	For the लुङ्लकार, लङ्लकार and लृङ्लकार, an अजादि अङ्ग gets an आट्-आगम, which is also उदात्त.
6.4.73	In वेदाः , even the verbs that are not अजादि can be seen to get आट्-आगम for लुङ्लकार, लङ्लकार, and लृङ्लकार.
6.4.74	In presence of the अव्यय माङ्, the अडागमः / आडागमः does not happen even in case of लुङ्लकार, लङ्लकार, and लृङ्लकार
6.4.75	In वेदाः, the अडागम आडागम may or may not be seen done in presence of माङ्.
6.4.77	When followed by an अजादि प्रत्यय,  the ending इवर्ण and the उवर्ण are converted respectively to इयङ् / उवङ् आदेशs for  a) विकरणप्रत्यय श्नु,  b) Any धातु, and  c) The word भ्रू.
6.4.78	An  इवर्ण and an उवर्ण occurring at end of an अभ्यास respectively get इयङ् and उवङ् आदेश when followed by an असवर्ण  letter.
6.4.79	The word 'स्त्री' gets an इयङ्-आदेश when followed by an अजादि प्रत्यय.
6.4.80	The word 'स्त्री' gets an इयङ्-आदेश optionally when followed by अम् प्रत्यय or शस् प्रत्यय.
6.4.81	The verb root इण् gets a यणादेश when followed by an अच् letter.
6.4.82	An इवर्ण occurring at end of an a असंयोगपूर्व धातु which in turn occurs at end of an अनेकाच् अङ्ग is converted to यण् letter when followed by an अजादिप्रत्यय.
6.4.83	An उवर्ण occurring at end of an a असंयोगपूर्व धातु which in turn occurs at end of an अनेकाच् अङ्ग is converted to यण् letter when followed by a सुप् अजादिप्रत्यय.
6.4.84	The word वर्षाभू gets a यणादेश when followed by an अजादि-सुप्-प्रत्यय.
6.4.85	The words भू and सुधी do not undergo यणादेश when followed by अजादि सुप् प्रत्यय.
6.4.86	In वेदाः, the words भू and सुधी might or might not undergo a यणादेश when followed by an अजादि सुप् प्रत्यय.
6.4.87	The उवर्ण of an अनेकाच्-अङ्ग of 'हु' तथा 'श्नु' undergoes a यणादेश, provided that this उवर्ण does not follow a संयोग.
6.4.88	The verb root 'भू' gets a वुक् आगम when followed by an अजादि-प्रत्यय of लुङ्लकार or लिट्लकार.
6.4.89	When the उपधा of verb root गुह् has a chance of undergoing a गुणादेश while followed by an अजादिप्रत्यय, the गुणादेश is blocked and the उपधा becomes दीर्घ instead.
6.4.90	The उपधा letter of the verb root  दुष् is converted to ऊकार when followed by the णिच् प्रत्यय.
6.4.91	To indicate impurification of mind / intellect, the उपधा letter of the verb root दुष् is optionally converted to ऊकार when followed by the णिच् प्रत्यय.
6.4.92	The उपधा letter of a मित्संज्ञक अङ्ग becomes ह्रस्व when followed by the णिच् प्रत्यय.
6.4.98	The उपधा letter of the verb roots गम्, हन्, जन्, खन्, घस् is removed when followed by a कित् / ङित् प्रत्यय, except for the अङ् प्रत्यय.
6.4.101	The 'हि' प्रत्यय that follows the verb root 'हु' or a झल् letter is converted to 'धि'.
6.4.104	The तिङ् प्रत्यय that follows the चिण् विकरणप्रत्यय undergoes a लुक्.
6.4.105	The 'हि' प्रत्यय that follows an अदन्त अङ्ग is removed.
6.4.106	The 'हि' प्रत्यय that follows an उकार is deleted, provided -\na) The उकार occurs at end of a प्रत्यय, and\nb) A संयोग is not present immediately before this उकार.
6.4.107	The उकार which occurs at end of a प्रत्यय is optionally deleted when followed by a मकार / वकार , provided that a संयोग is not present immediately before this उकार.
6.4.108	The उकार occurring at end of a प्रत्यय that is attached to the verb root  कृ is removed when followed by a मकार or a वकार.
6.4.109	The उकार occurring at end of a प्रत्यय that is attached to the verb root कृ is removed when followed by a यकार.
6.4.110	If an अङ्ग of verb root कृ ends in an उकारान्त प्रत्यय, then the अकार of that अङ्ग is converted to उकार when followed by a कित् / ङित् प्रत्यय.
6.4.111	The अकार of the 'श्नम्' विकरण and of  the verb root 'अस्' is removed when followed by a सार्वधातुक किति / ङित् प्रत्यय.
6.4.112	The आकार of the विकरण श्ना and also of an अभ्यस्त is removed when followed by a सार्वधातुक कित् and ङित् प्रत्यय.
6.4.113	The आकार of the विकरण श्ना and also of an अभ्यस्त is converted to ई when followed by a हलादि सार्वधातुक कित् and ङित् प्रत्यय. But this does not happen for the verb roots that get the term 'घु'.
6.4.114	The आकार of the verb root 'दरिद्रा' is converted to ह्रस्व-इकार when followed by हलादि-सार्वधातुक कित्/ङित्-प्रत्यय.
6.4.115	The last letter of the अङ्ग of verb root 'भी' is optionally converted to ह्रस्व-इकार when followed by हलादि-सार्वधातुक कित्/ङित्-प्रत्यय.
6.4.116	The verb root 'हा' is converted to ह्रस्व-इकार when followed by हलादि-सार्वधातुक कित्/ङित्-प्रत्यय.
6.4.117	The verb root 'हा' gets an optional इकारादेश or an आकारादेश when followed by the प्रत्यय 'हि'.
6.4.118	The last letter of हा is removed when followed by a यकारादि प्रत्यय.
6.4.119	The घु-संज्ञक verb roots and the verb root अस् get an एकार as आदेश when followed by the 'हि' प्रत्यय. Also, अभ्यास, if present, is removed.
6.4.120	When followed by a कित्-प्रत्यय of लिट्-लकार, The अकारः of an अङ्गम् is converted to एकार, and the अभ्यास is removed; provided that there is no संयोग before as well as after this अकार, and that the first letter of the अङ्गम् is not changed due to any आदेश.
6.4.129	All the rules starting from this sutra, till the end of the sixth chapter are being told for a भसंज्ञक.
6.4.130	The भसंज्ञक अङ्ग of the word पाद् gets पद् as आदेश.
6.4.131	A भसंज्ञक अङ्ग ending in a वसुँ प्रत्यय undergoes सम्प्रसारणम्.
6.4.132	भसंज्ञक वाह् is converted to 'ऊठ्' by सम्प्रसारणम्.
6.4.133	The भसंज्ञक अङ्ग of  श्वन् , युवन् and मघवन् undergoes सम्प्रसारणम् when followed by a प्रत्यय which is not a तद्धितप्रत्यय.
6.4.134	If a भसंज्ञक अङ्ग ends in the word 'अन्' then the 'अ' of this 'अन्' is omitted.
6.4.135	The उपधा-अकार of a भसंज्ञकस्य अङ्ग is omitted in presence of an अण्-प्रत्यय, if the अङ्ग ends in one of (1) षन्, (2) हन् or (3) धृतराजन् .
6.4.136	If a भसंज्ञक अङ्ग end in the word 'अन्' and is followed by the ङि or शी प्रत्यय, then the 'अ' of this 'अन्' is omitted optionally.
6.4.137	For a भसंज्ञक अङ्ग which ends in an 'अन्', and also contains a  मकारान्त / वकारान्त संयोगवर्ण before this अन्, the 'अ' of अन् does not get omitted.
6.4.138	The अकार of the word अच् that occurs at end of a भसंज्ञक अङ्ग is omitted if this 'अच्' happens to be derived from the धातु अञ्च् (गतौ).
6.4.139	If the word अच् -\n(1) happens to be derived from the धातु अञ्च् (गतौ) ,\n(2) follows the word उद्,  and\n(3) gets the भसंज्ञा, \n then the अकार of अच् is converted to ईकार.
6.4.140	The ending आकार of the भसंज्ञक अङ्ग of an आकारान्त धातु is removed.
6.4.142	The 'ति' of the भसंज्ञक 'विंशति' word is removed.
6.4.143	The 'टि'component of a भसंज्ञक अङ्ग is removed when followed by a डित् प्रत्यय.
6.4.144	The टिसंज्ञक of a  नकारान्त भसंज्ञक अङ्ग is removed when followed by a तद्धितप्रत्यय.
6.4.146	An उवर्णान्त भसंज्ञक undergoes a गुणादेश when followed by a तद्धितप्रत्यय.
6.4.147	The last letter of an उवर्णान्त-भसंज्ञक word is removed when followed by a ढकारादि-तद्धितप्रत्यय. But this does not happen for the word 'कद्रू'.
6.4.148	The अकार and इकार of a भसंज्ञक अङ्ग is removed when followed by a तद्धितप्रत्यय or an ईकार.
7.1.1	The  यु and वु belonging to a प्रत्यय are converted respectively to अन and अक.
7.1.2	The letters फ्-ढ्-ख्-छ्-घ् occurring at the beginning of a प्रत्यय are converted respectively to आयन्-एय्-ईन्-ईय् and इय्
7.1.3	The letter झ् occurring in a प्रत्यय is converted to अन्त्.
7.1.4	झकार of the प्रत्यय that follows an अभ्यस्त is converted to अत्.
7.1.5	The झकार of the आत्मनेपदी प्रत्यय that follows an अनदन्त अङ्ग gets the 'अत्' आदेश.
7.1.6	When the झ-प्रत्यय attached to the verb root शीङ् gets the आदेश अत्, then this आदेश also gets a आगम 'रुट्'.
7.1.9	The भिस्-प्रत्यय following an अदन्त अङ्ग is converted to ऐस्.
7.1.12	The टा, ङसिँ, and ङस् प्रत्ययाः attached to an अदन्त अङ्ग are converted respectively to इन, आत् and स्य.
7.1.13	The ङे प्रत्यय attached to an अदन्त अङ्ग is converted to a यकार.
7.1.14	The ङे-प्रत्यय attached to an अदन्त सर्वनाम get an आदेश 'स्मै'.
7.1.15	The ङसिँ and ङि प्रत्ययs attached to an अदन्त सर्वनाम are converted respectively to स्मात् and स्मिन्.
7.1.16	For the nine words - पूर्व, पर, अवर, दक्षिण, उत्तर, अपर, अधर, स्व, अन्तर - when they are used as a सर्वनाम, the  ङसिँ and ङि- प्रत्ययs after them are optionally converted to  स्मात् and स्मिन् respectively.
7.1.17	The जस्-प्रत्यय attached to an अदन्त सर्वनाम get an आदेश शी.
7.1.18	The  औ and औट्-प्रत्ययs following a आबन्त अङ्ग get the आदेश 'शी'.
7.1.19	The औ and औट्-प्रत्ययs following a नपुंसक अङ्ग get the आदेश 'शी'.
7.1.20	The  जस्/शस्-प्रत्ययs that follow a नपुंसकलिङ्ग word get 'शि' आदेश.
7.1.21	The जस् and शस् प्रत्ययs following the 'अष्टा' form of the word अष्टन् get the औश् आदेश.
7.1.22	The जस्/शस्-प्रत्यय following a षट्-संज्ञक अङ्ग are removed.
7.1.23	The सुँ and अम् attached to a नपुंसक अङ्ग are removed.
7.1.24	The सुँ and अम् attached to an अकारान्त नपुंसक अङ्ग are converted to अम्.
7.1.25	The सुँ / अम् प्रत्यय occurring after the words ending in डतर and डतम प्रत्यय, and after the words 'अन्य', 'अन्यतर', 'इतर' gets the अद्ड् आदेश.
7.1.26	In case of Vedas - The सुँ and अम् प्रत्यय occurring after the नपुंसकलिङ्गवाची 'इतर' शब्द do not get the अद्ड्-आदेशः ।
7.1.35	When the लोट्-लकार is used to express the 'desire of unattainable', the  तु and हि प्रत्यय are optionally converted to तातङ्.
7.1.36	The शतृ प्रत्यय attached to the verb विद् (ज्ञाने) is optionally converted to  'वसुँ'.
7.1.52	An आम्-प्रत्यय appearing after an अकारान्त सर्वनामशब्द gets a  सुट्-आगम.
7.1.53	The word त्रि gets the आदेश 'त्रय' when followed by the प्रत्यय 'आम्'.
7.1.54	The आम्-प्रत्यय that follows a ह्रस्व word, a नदीसंज्ञक word, or an आबन्त word gets a नुट्-आगम.
7.1.55	The  आम्-प्रत्यय present after a षट्-संज्ञक word or after the word चतुर् gets a नुट्-आगम.
7.1.58	The verb roots that have इकार as इत्संज्ञक get a नुमागम.
7.1.59	The verb roots that belong to the मुचादि-अन्तर्गण, get a  नुम्-आगम when followed by 'श' प्रत्यय.
7.1.60	The verb roots मस्ज् and नश् get a नुमागम when followed by a झलादि प्रत्यय.
7.1.61	The verb roots रध् and जभ् get a नुमागम when followed by an अजादि प्रत्यय.
7.1.62	For the verb root रध्, there is no नुमागम if an  इडागम is done. However, in case of लिट्-लकार, नुमागम happens in-spite of इडागम.
7.1.63	The verb root रभ् which is followed by an अजादि प्रत्यय gets a नुमागम. But this नुमागम is not seen in presence of शप् विकरणप्रत्यय as well as in presence of लिट्-लकार.
7.1.64	The verb root लभ् which is followed by an अजादि प्रत्यय gets a नुमागम. But this नुमागम is not seen in presence of शप् विकरणप्रत्यय as well as in presence of लिट्-लकार.
7.1.65	The verb root आङ् + लभ् gets a  नुमागम in the anticipation of a pratyay that starts with य् ।
7.1.66	The verb root उप + लभ् gets a  नुमागम in the anticipation of a pratyay that starts with य्, if the intended meaning of the resultant word is 'to praise'.
7.1.67	The verb root लभ् gets a नुमागम in presence of  खल्-प्रत्यय and घञ्-प्रत्यय (only when) it is attached to an उपसर्ग .
7.1.68	The verb root लभ् , when attached to only the 'सु' or 'दुर्' उपसर्ग (and no other उपसर्ग) does not get a नुमागम in presence of  खल्-प्रत्यय and घञ्-प्रत्यय.
7.1.69	The verb root लभ् (when used without any उपसर्ग) optionally gets a नुमागम in presence of  चिण्-प्रत्यय and णमुल्-प्रत्यय.
7.1.71	The word युज् gets नुमागम in presence of a सर्वनामस्थान. However, if this word is in a समस्तपद, then the नुमागम does not happen.
7.1.72	A झलन्त and an अजन्त नपुंसक word gets a नुमागम when followed by a सर्वनामस्थान.
7.1.73	An इगन्त नपुंसकलिङ्ग word gets नुमागम when followed by an अजादि विभक्तिप्रत्यय.
7.1.74	According to गालवाचार्य, for a नपुंसकलिङ्ग word which can be used also as a पुंलिङ्ग word with the same meaning, the तृतीया onwards forms are like that of the पुंलिङ्ग word.
7.1.75	The words अस्थि, दधि, सक्थि and अक्षि get an उदात्तः अनङ्-आदेश when followed by an अजादि विभक्ति of तृतीया onwards.
7.1.82	The अवर्ण of the word अनडुह् get a नुमागम in presence of the सुँ प्रत्यय.
7.1.84	The word दिव् gets the 'औ' आदेश in presence of the प्रत्यय सुँ ।
7.1.85	The words पथिन्, मथिन् and ऋभुक्षिन् get an 'आ' आदेश in presence of  the सुँ-प्रत्यय.
7.1.86	The इकार of the words पथिन्, मथिन् and ऋभुक्षिन् get an 'अ' आदेश in presence of a सर्वनामस्थान.
7.1.87	The थकार of the words पथिन् तथा मथिन् get the 'न्थ्' आदेश in presence of a सर्वनामस्थान.
7.1.88	The टि of the भसंज्ञक अङ्ग of पथिन्, मथिन् and ऋभुक्षिन् is removed.
7.1.89	The पुम्स् अङ्ग gets the असुङ् आदेश when it is expected to be followed by a सर्वनामस्थान.
7.1.90	The सर्वनामस्थान-प्रत्यय following the word गो becomes णित्.
7.1.91	The णल्-प्रत्यय of लिट्लकार-परस्मैपद-उत्तमपुरुषैकवचन is only optionally णित्.
7.1.92	The  सर्वनामस्थानप्रत्यय not belonging to सम्बोधन-एकवचन when attached to the word सखि becomes णित्.
7.1.93	The word सखि gets an अनङ्-आदेश when it is followed by सुँ-प्रत्यय of  प्रथमा-एकवचन.
7.1.94	The ऋकारान्त  words, and the words उशनस्/पुरुदंसस्/अनेहस् get अनङ् आदेश when followed by a  सुँ-प्रत्यय not belonging to \nसम्बोधन एकवचन.
7.1.95	The word क्रोष्टु behaves like a  तृच्-प्रत्ययान्त word when followed by a सर्वनामस्थान not belonging to  सम्बोधनैकवचनम्.
7.1.96	In feminine context, the word क्रोष्टु behaves similar to the तृच्-प्रत्ययान्त words.
7.1.97	The word क्रोष्टु optionally behaves like a तृच्-प्रत्ययान्त word when followed by an अजादि विभक्ति of तृतीया onwards.
7.1.98	The words चतुर् and अनडुह् get an उदात्तः आम्-आगम when followed by a सर्वनामस्थान.
7.1.99	The words चतुर् and अनडुह् get an अमागम when followed by  सुँ प्रत्यय of सम्बोधन-एकवचन.
7.1.100	The last letter of the दीर्घ-ॠकारान्त-धातु is converted to इकार.
7.1.101	The उपधा-ॠकार present in a धातु is converted to इकार.
7.1.102	If a verb root ends in a दीर्घ ॠकार before which an ओष्ठ्य letter is present, the ॠकार of that verb root is converted to उकार.
7.2.1	An अङ्ग ending in the सिच्-प्रत्यय gets a वृद्धि आदेश in presence of a प्रत्यय belonging to परस्मैपद.
7.2.35	An आर्धधातुक-प्रत्यय that starts with a वल् letter gets an इट् आगम.
7.2.79	For सार्वधातुक-लिङ्लकार, the सकार which is present in the प्रत्यय but which is not present at the end of the प्रत्यय is removed.
7.2.80	'या' present in the प्रत्यय of  सार्वधातुक-लिङ्लकार is converted to एय् when it follows an अकार.
7.2.84	The word अष्टन् gets an optional आकारादेश when followed by a हलादि विभक्तिप्रत्यय.
7.2.85	The word 'रै' gets an आकारादेश when followed by  हलादि विभक्तिप्रत्यय.
7.2.99	The words  त्रि and चतुर् are respectively converted to तिसृ and चतसृ to indicate the feminine property, when followed by a विभक्ति-प्रत्यय
7.2.100	The ऋकार of the words तिसृ and चतसृ is converted to रेफ when followed by an  अजादि-विभक्तिप्रत्यय.
7.2.101	The word जरा is optionally converted to the word जरस् when followed by an अजादि विभक्ति.
7.2.102	The words of त्यदादिगण get an अकारादेश when followed by a विभक्तिप्रत्यय.
7.2.103	The word किम् is converted to 'क' in presence of a विभक्ति प्रत्यय.
7.2.104	The word किम् is converted to कु when followed by a विभक्तिप्रत्यय that begins with a शब्दस्य तकार or a हकार.
7.2.105	The word किम् is converted to क्व when followed by the  विभक्तिप्रत्यय 'अत्'.
7.2.106	For the words of त्यदादिगण, a तकार or a  दकार which is not at end of the word is converted to सकार when followed by the सुँ-प्रत्यय.
7.2.107	The word अदस् gets an 'औ' आदेशः when followed by the सुँ-प्रत्यय, and the सुँ-प्रत्यय is removed.
7.2.108	The word इदम् gets a मकारादेश when followed by the सुँ-प्रत्यय.
7.2.109	The दकार of the word इदम् is converted to a मकार when followed by a विभक्तिप्रत्यय.
7.2.110	The दकार of the word  इदम् is converted to यकार when followed by the  सुँ-प्रत्यय.
7.2.111	In पुंलिङ्ग, the 'इद्' part of the word 'इदम्' is converted to  'अय्' when followed by the  सुँ-प्रत्यय.
7.2.112	The 'इद्' part of the word  'इदम्' is converted to अन् when followed by a विभक्तिप्रत्यय of तृतीया to सप्तमी.  But this conversion does not happen if the word इदम् has a ककार in it.
7.2.113	The 'इद्' part of the word 'इदम्' is removed when followed by a हलादि विभक्तिप्रत्यय of तृतीया to सप्तमी. But this conversion does not happen if the word इदम् has a ककार in it.
7.2.114	The verb root मृज् undergoes a वृद्धि.
7.2.115	An अजन्त अङ्ग undergoes वृद्धि when followed by a  णित् or a ञित् प्रत्यय.
7.2.116	The उपधा-अकार of an अङ्ग undergoes a वृद्धिः when followed by a णित् or a ञित् प्रत्यय.
7.2.117	When followed by a णित् / ञित् तद्धित-प्रत्यय, the आदि-स्वर of the अङ्ग undergoes a वृद्धि.
7.2.118	When followed by a कित् तद्धित-प्रत्यय, the आदि-स्वर of the अङ्ग undergoes a वृद्धि.
7.3.10	This is an अधिकार, which spans till  'यथातथयथापुरयोः पर्यायेण' 7.3.31. Whatever is being told in this अधिकार happens only to an उत्तरपद.
7.3.50	A ठकार present at the beginning of a प्रत्यय is converted to 'इक्'.
7.3.51	A ठकार present at the beginning of a प्रत्यय is converted to 'क्' for an इस्-प्रत्ययान्त अङ्ग, उस्-प्रत्ययान्त अङ्ग, \nउक्-वर्णान्त अङ्ग and तकारान्त अङ्ग.
7.3.54	The हकार of the verb हन् undergoes  कुत्वम् in presence of (1) a ञित्-प्रत्यय, (2) a णित्-प्रत्यय, (3) a नकार.
7.3.84	When followed by an सार्वधातुक or an आर्धधातुक प्रत्यय, an इगन्त अङ्ग gets a गुणादेश.
7.3.86	When followed by a सार्वधातुक or an आर्धधातुक  प्रत्यय, a पुगन्त अङ्ग and a लघूपध अङ्ग get a गुणादेश.
7.3.88	For the verbs भू and सु, the अङ्ग does not undergo a गुण when followed by a सार्वधातुक तिङ्-प्रत्यय.
7.3.93	A सार्वधातुक पित् प्रत्यय which begins with a हल्-letter gets  ईट्  आगम when attached to the verb ब्रू.
7.3.94	A हलादि-पित्-सार्वधातुकप्रत्यय attached to a यङ्-प्रत्ययान्त-अङ्ग gets ईडागम optionally.
7.3.95	A हलादि सार्वधातुक तिङ् प्रत्यय optionally gets an ईट् आगम when it is attached to the verbs तु, रु, स्तु, शम्, अम्
7.3.96	A सार्वधातुक प्रत्यय which contains only one हल् letter (and no अच् letter) gets an  'ईट्' आगम when it follows either the अस् धातु or the  सिच्-प्रत्यय.
7.3.97	In the context of vedas - a सार्वधातुक प्रत्यय which contains only one हल् letter (and no अच् letter) might or might not get an 'ईट्' आगम when it follows either the अस् धातु or the सिच्-प्रत्यय.
7.3.98	A सार्वधातुक-पित्-अपृक्त-हल्-प्रत्यय that follows the verbs रुद्, स्वप् , श्वस्, प्रण्, जक्ष् gets an  ईट् आगम.
7.3.99	A सार्वधातुक-पित्-अपृक्त-हल्-प्रत्यय that follows the verbs रुद्, स्वप् , श्वस्, प्रण्, जक्ष् optionally gets an अट् आगम.
7.3.100	A सार्वधातुक-अपृक्त-प्रत्यय that follows the verb  अद् gets an  अट् आगम.
7.3.101	The last letter of an अदन्त अङ्ग becomes दीर्घ when followed by a यञादि सार्वधातुक प्रत्यय.
7.3.102	The last letter of an अदन्त अङ्ग  becomes दीर्घ when followed by a यञादि सुप्-प्रत्यय.
7.3.103	The last letter of an अदन्त अङ्ग gets an एकारादेश when followed by a सुप्-प्रत्यय which begins with a झल letter and which represents बहुवचन.
7.3.104	An अदन्त अङ्ग gets a एकारादेश in presence of the ओस्-प्रत्यय.
7.3.105	An आबन्त अङ्ग gets एकारादेश in presence of the ओस् and टा प्रत्यय.
7.3.106	An आबन्त अङ्ग gets an एकारादेश in presence of the  सुँ-प्रत्यय of  सम्बोधन-एकवचन.
7.3.107	For the words that are used with the meaning same as अम्बा, and for the words that get the नदीसंज्ञा, the अङ्ग get a ह्रस्वादेश in presence of  सुँ-प्रत्यय of सम्बोधन-एकवचन.
7.3.108	If an अङ्ग ends in ह्रस्व letter, that ह्रस्व letter gets a गुणादेश in presence of the सुँ-प्रत्यय of सम्बोधन एकवचन.
7.3.109	If an अङ्ग ends in ह्रस्व letter, that ह्रस्व letter gets a गुणादेश in presence of the जस्-प्रत्यय.
7.3.110	The last letter of a ऋदन्त word is replaced by अर् in presence of  - (a) ङि-प्रत्यय and (b) a प्रत्यय that is also a सर्वनामस्थान.
7.3.111	A घि-संज्ञक अङ्ग gets a गुणादेश in presence of a ङित्-प्रत्यय.
7.3.112	A ङित्-प्रत्यय that comes after a नदीसंज्ञक अङ्ग get an आट् आगम.
7.3.113	A ङित्-प्रत्यय that comes after an  आबन्त word get a याट् आगम.
7.3.114	A ङित्-प्रत्यय that comes after an सर्वनामसंज्ञक आबन्त word get a स्याट् आगम, and the आबन्त अङ्ग gets a ह्रस्वादेश.
7.3.115	A ङित्-प्रत्यय that comes after the words द्वितीया and तृतीया optionally get a स्याट् आगम, and अङ्ग becomes ह्रस्व when such an आगम happens.
7.3.116	The ङि-प्रत्यय gets आमादेश when it comes after -  (a) a नदीसंज्ञक word,  (b) an आबन्त word, and (c) a word that ends in 'नी'.
7.3.117	The ङि-प्रत्यय gets आमादेश when it comes after a ह्रस्व-इकारान्त or ह्रस्व-उकारान्त नदीसंज्ञक word.
7.3.118	The ङि-प्रत्यय gets औ आदेश when it comes after a ह्रस्व-इकारान्त or ह्रस्व-उकारान्त word.
7.3.119	The ङि-प्रत्यय that comes after a घिसंज्ञक इकारान्त/उकारान्त word gets औ-आदेश, and the  भवति, and the last letter of the घिसंज्ञक अङ्ग gets an अकारादेश ।
7.3.120	The आङ्-प्रत्यय that comes after a non-feminine घिसंज्ञक अङ्ग is converted to 'ना'.
7.4.28	A ऋकारान्त-धातु get a रिङ्-आदेश in presence of  'श' प्रत्यय,  यक्-प्रत्यय and आशीर्लिङ् लकार.
7.4.49	A  सकारान्त अङ्ग gets a तकारादेश When followed by a सकारादि-आर्धधातुक प्रत्यय.
7.4.50	The सकार of तास् प्रत्यय and the verb root  अस् is removed when followed by सकार.
7.4.51	The last letter (सकार) of the तास्-प्रत्यय is removed when followed by a रेफ.
7.4.59	अभ्यास is converted to ह्रस्व.
7.4.60	Only the first  हल् letter from अभ्यास is retained, rest all  हल् letters are removed.
7.4.61	For an अभ्यास, all खय् letters that follows शर् letters are retained, all other हल् letters are removed.
7.4.62	The कवर्गीय letter and the हकार of an अभ्यास are converted to an appropriate चवर्गीय letter.
7.4.66	A ऋ  letter present in an अभ्यास is converted to  अकार.
7.4.73	When followed by लिट्-लकार, the अभ्यास of the verb root भू is converted to अकार.
8.1.1	In the contexts that will henceforth be told till the sutra > [[8.1.16]], the participating words will get duplicated.
8.1.2	When a word gets replicated in the 'सर्वस्य द्वे' अधिकार, the second occurrence is known as आम्रेडित.
8.2.1	The rules defined in त्रिपादी are non existent with-respect-to the rules of सपादसप्ताध्यायी. Even within त्रिपादी, the later rules are non existent with-respect-to the former rules.
8.2.2	The नकारलोप given by 'न लोपः प्रातिपदिकान्तस्य' is असिद्ध only with reference to (1) सुप्-विधि, (2) स्वरविधि, (3) संज्ञाविधि, and (4) तुगागम caused by a कृत्-प्रत्यय.
8.2.3	The मु  आदेश is not considered असिद्ध while and after doing the 'ना' आदेश.
8.2.7	The terminal न् letter of a प्रातिपदिक is omitted if the प्रातिपदिक also gets the पदसंंज्ञा.
8.2.8	For a प्रातिपदिक that also gets the पदसंंज्ञा, the terminal न् letter is not omitted in presence of the      \nङि or सम्बुद्धि प्रत्यय.
8.2.23	The last letter of a पद that ends in a संयोग is removed.
8.2.24	For a संयोग occurring at end of a पद which contains रेफ as the first letter, the last letter is deleted only if it is a सकार and not otherwise.
8.2.29	If there is a संयोगः at end of a पद, or if there is a संयोगः which is followed by a झल्-वर्ण,  and if the first letter of that संयोगः is either स् or क् , then this letter is deleted.
8.2.30	A चवर्गीय letter which occurs at the end of a पद or before झल् letter is converted to the corresponding कवर्गीय letter.
8.2.31	A  हकार is converted to a ढकार at पदान्त or when followed by a झल् letter.
8.2.32	A हकार occurring at end of a दकारादि-धातु is converted to a घकार at पदान्त or when followed by a झल् letter.
8.2.33	A हकार occurring at end of verbs द्रुहँ, मुहँ, ष्णुहँ and ष्णिहँ   at पदान्त or when followed by a झल् letter is converted optionally to a घकार.
8.2.34	The हकार for the verb नह् is converted to धकार at पदान्त or when followed by a झल् letter.
8.2.35	The हकार of 'आह्' is converted to थकार when followed by a झल् letter.
8.2.36	The laster letter of the word व्रश्च्, भ्रस्ज्, सृज्, मृज्, यज्, राज्, भ्राज् and  शकारान्त /  च्छकारान्त words gets षकारादेश at पदान्त, or when झल् letter is in front.
8.2.37	A बश्-वर्ण of an एकाच् and झषन्त part of a verb is converted to a भष् वर्ण - (1) in presence of a सकार, (2) in presence of a  the word ध्व, or (3) at end of a पद
8.2.38	The बश्-letter of the the झषन्त-एकाच्-अवयव present in the 'दध्' form of the verb root 'धा' is converted to a corresponding भष् letter when followed by  तकार, थकार, सकार, or the word ध्व.
8.2.39	A झल् letter occurring at end of a पद is converted to the corresponding जश् letter.
8.2.40	The तकार and थकार that follows a झष् letter is converted to  धकार. But this conversion does not happen for the verb  root 'धा'.
8.2.41	षकार and  ढकार not occurring at end of a पद are converted to  ककार when followed by सकार.
8.2.62	The word ending in a क्विन्-प्रत्यय gets a कवर्गादेश at पदान्त ।
8.2.63	The word नश् undergoes an optional कुत्वम् at पदान्त.
8.2.64	A मकार occurring at end of a धातु which in turn occurs at end of a पद is converted to नकार.
8.2.66	The सकार at end of a पद, and the षकार at end of the सजुष् पद get a रुँ-आदेश ।
8.2.67	The words अवयाः, श्वेतवाः, पुरोडाः are considered derived.
8.2.68	The word अहन् gets रुँत्व at पदान्त.
8.2.69	The word अहन् gets रेफादेश at पदान्त, except when followed by a सुप्-प्रत्यय.
8.2.72	The सकारान्त वसुँ-प्रत्ययान्तशब्द, स्रंसु-शब्द, ध्वंसु-शब्द and अनडुह्-शब्द get a दकारादेशः at पदान्त.
8.2.76	The उपधा letter of a रेफान्त or a वकारान्त पद which also has a धातुसंज्ञा becomes दीर्घ if that letter belongs to the इक् प्रत्याहार.
8.2.77	The उपधा letter of a रेफान्त or a वकारान्त धातु becomes दीर्घ if that letter belongs to the इक् प्रत्याहार and if the धातु is followed by a हल् letter.
8.2.78	When a धातु has (1)  a हल्-letter at the end (2) a रेफ / वकार in the second-last position, and (3) an इक् letter in the third-last position, then the इक् letter undergoes a दीर्घादेश.
8.2.82	In the context of all the सूत्राणि till the end of this पाद, the टि-संज्ञक स्वर of the sentence would be considered प्लुत and उदात्त.
8.2.83	The टिसंज्ञक of the sentence which is used to answer a greeting, becomes प्लुत  and उदात्त, provided that the sentence is not addressed to a शूद्र.
8.2.84	The टिसंज्ञक स्वर of the sentence used for calling someone from a distance becomes प्लुत and उदात्त.
8.2.85	If the words हे / है are used in a sentence that is used for calling someone from a distance, then the स्वर of the only हे / है becomes प्लुत and उदात्त.
8.2.86	For the words whose टि has been mandated to be प्लुत and उदात्त by the earlier sutras, all the other ऋकारभिन्न गुरु letters of that word can also take turns one by one to become प्लुत and उदात्त, according to the experts of the east.
8.3.1	In the Vedic usages, the पद ending in मतुँप् or क्वसुँ प्रत्यय undergo रुँत्वम् in the formation of सम्बोधन-एकवचन form.
8.3.2	For the रुँ generated using the rules from this रूत्वप्रकरण, the letter before  this रुँ is optionally converted to an अनुनासिक.
8.3.3	In this रूत्वप्रकरण, The रुँ that gets constructed at end of a पद causes an अनुनासिक of the आकार just preceding it.
8.3.4	If the रुँ letter generated in this रूत्वप्रकरण does not cause the previous letter to get an अनुनासिक, then it will generate an अनुस्वार आगम just after that previous letter.
8.3.5	When followed by  सुट् आगम, the मकार of सम् is converted to रुँ.
8.3.6	In the context of संहिता, when the word पुम् is followed by a letter from खय्  प्रत्याहार which in turn is followed by a letter form अम् प्रत्याहार, the मकार of पुम् is converted to रुँ.
8.3.7	In the context of संहिता, when a पदान्त नकार is followed by a letter from छव् प्रत्याहार, which in turn is followed by a letter from अम् प्रत्याहार, then the नकार is converted to रुँ. But this conversion does not happen for the word 'प्रशान्'.
8.3.8	In the context of संहिता and in the vedas, when a पदान्त नकार is followed by a letter from छव् प्रत्याहार, which in turn is followed by a letter from अम् प्रत्याहार, then the नकार is optionally converted to रुँ.
8.3.9	In the context of वेदाः - If a पदान्त-नकार present after a दीर्घ स्वर is followed by a letter from the अट् प्रत्याहार in the same पाद, then the नकार is optionally converted to रुँ.
8.3.10	In the context of संहिता, the ending नकार of the word नॄन् , when followed by पकार is optionally converted to रुँ.
8.3.11	In the context of संहिता, when the word स्वतवान् is followed by the word पायु, the नकार of स्वतवान् is optionally converted to  रुँ.
8.3.12	The नकार of  'कान्' is converted to रुँ when followed by an आम्रेडित.
8.3.13	A ढकार is removed when it is followed by another  ढकार in the context of संहिता.
8.3.14	A रेफ is removed when it is followed by another  रेफ in the context of संहिता.
8.3.15	A र् present at end of a  पद is converted to a विसर्ग when it is either followed by nothing, or when it is followed by a खर् letter in the context of संहिता.
8.3.16	In presence of the सुप् प्रत्यय of सप्तमी-बहुवचन, a पदान्त र्-वर्ण is converted to a विसर्ग only if that र् is generated from रुँ, and not otherwise.
8.3.17	In the context of संहिता, A पदान्त रुँ that is present either at the end of भोस्/भगोस्/अघोस्, or after the letter अ/आ is converted to यकार when followed by a letter from the अश् प्रत्याहार.
8.3.18	In the context of संहिता, according to शाकटायन, the पदान्त-वकार and  पदान्त-यकार, when followed by a letter from अश्-प्रत्याहार are converted respectively to  लघु-उच्चारण-वकार and लघु-उच्चारण-यकार.
8.3.19	According to Shakalya, a वकार/यकार present at end of a  पद and situated after अ/आ gets removed when it is followed by a letter from अश् प्रत्याहार in the context of संहिता.
8.3.20	Non-लघूच्चारण-यकार present at end of a  पद and situated after the letter ओ gets removed when it is followed by a letter from अश् प्रत्याहार in the context of संहिता.
8.3.21	A पदान्तयकार and a पदान्तवकार coming after an अकार is removed when followed by the पद उञ् in the context of संहिता.
8.3.22	In the context of संहिता, all the grammarians say that the normal यकार as well as the लघु-उच्चारण-यकार is removed when it is followed by a हल्-letter, provided that such a यकार occurs at end of a पद and comes after the letter अ , or if such a यकार occurs at the end of the words भोस्, भगोस्, or अघोस्.
8.3.23	In the context of संहिता, the मकार at the end of a पद is converted to अनुस्वार when it is followed by a हल् वर्ण.
8.3.24	In the context of संहिता, a मकार and a नकार which do not occur at the end of a पद are converted to अनुस्वार when followed by a झल् letter.
8.3.25	When the verb सम् + राज् gets the क्विप् pratyay, the म् of सम् is converted to म् itself.
8.3.26	In the context of संहिता, if a पदान्तमकार is followed by 'ह् + म्' then that पदान्तमकार is optionally converted to मकार.
8.3.27	In the context of संहिता, if a पदान्तमकार is followed by 'ह् + न्' then that पदान्तमकार is optionally converted to नकार.
8.3.28	In the context of संहिता, a ङकार and a णकार at end of a पद optionally get कुक् and  टुक् आगम respectively.
8.3.29	In the context of संहिता,  a सकार present after a पदान्त डकार optionally gets a धुट् आगम.
8.3.30	In the context of संहिता,  a सकार present after a पदान्त नकार optionally gets a धुट् आगम.
8.3.31	In the context of संहिता, a नकार occurring at end of a पद optionally gets a तुगागम when followed by a शकार.
8.3.32	In the context of संहिता, अ ङ्/ण्/न् letter occurring after a ह्रस्व स्वर causes a corresponding ङुट् / णुट्  / नुट्  आगम to an अच् letter following it.
8.3.33	In the context of संहिता, when a letter of the मय् प्रत्याहार occurring at end of a पद is followed by word उञ् which in turn is followed by a स्वर, then the word उञ् is optionally converted to a वकार.
8.3.34	A विसर्ग occurring at end of a पद is converted to a सकार when followed by a letter from the खर् प्रत्याहार.
8.3.35	A विसर्ग is converted to विसर्ग if it is followed by a  खर् letter after which a  शर् letter is present.
8.3.36	When a विसर्ग is followed by a letter from the शर्प्रत्याहार, the विसर्ग optionally remains as विसर्ग.
8.3.37	When a विसर्ग is followed by a ककार or a खकार, it is converted either to a जिह्वामूलीय or to a विसर्ग. \nWhen a विसर्ग is followed by a पकार or a फकार, it is converted either to a उपध्मानीय or to a विसर्ग.
8.3.38	A पदान्त विसर्ग is converted to a सकार when it is followed by the प्रत्ययाः पाश्य, कल्प, क, काम्य.
8.3.39	A पदान्त विसर्ग which comes after a letter from the इण् प्रत्याहार, and which is followed by प्रत्ययाः - पाश्य, कल्प, क, काम्य - is converted to a षकार.
8.3.40	The विसर्ग  of गतिसंज्ञक नमस्  and पुरस् words is converted to सकार when followed by कवर्ग letter or a  पवर्ग letter.
8.3.41	A विसर्ग present after an इकार or an उकार which is not made from a प्रत्यय is converted to ष in presence of a कवर्ग or a पवर्ग.
8.3.42	The विसर्ग of the word तिरस् is optionally converted to सकार in presence of कवर्ग / पवर्ग letter.
8.3.43	For the words द्विस् (= twice), त्रिस्  (= thrice), and चतुर् = (four times) which are used to indicate frequency, their विसर्ग when followed by a letter from कवर्ग or पवर्ग is optionally converted to ष्.
8.3.44	The विसर्ग of the इस्/उस्-प्रत्यय when followed by a letter from कवर्ग or पवर्ग is optionally converted to a षकार whenever the words involved in the सन्धि are associated with each other.
8.3.45	While doing a समास, the विसर्ग of the इस्/उस्-प्रत्यय when followed by a letter from कवर्ग or पवर्ग is always converted to a षकार whenever the words involved in the समास are associated with each other. However, if the पूर्वपद of this समास is a समास on its own, then the षत्व is completely prohibited.
8.3.46	While doing a समास, if all the following conditions are met - \n1. the पूर्वपद ends in a विसर्ग that follows an अकार, \n2. the उत्तरपद is either a form of the verb 'कृ', or a form of the verb 'कमि' or is one of these words - कंस/कुम्भ/पात्र/कुशा/कर्णी\n3. पू्र्वपद is not an अव्यय\n4.  पू्र्वपद is not a समास\n- then the विसर्ग of the पूर्वपद is converted to सकार.
8.3.47	While doing a समास, if the पूर्वपद is either the word अधः or the word शिरः and if the the उत्तरपद the word पद, then then the विसर्ग of the पूर्वपद is converted to सकार. However, if the पूर्वपद is itself a समास, then this सकारादेश does not happen.
8.3.48	For the words in the कस्कादिगण, the विसर्ग is to be converted to षकार / सकार as shown for each word.
8.3.55	This is an अधिकार, which goes till the end of the पाद. For the स्थानी that does not occur at end of a पद, the closest 'मूर्धन्य' letter comes as the आदेश.
8.3.56	The अपदान्त-सकार present in the 'साड्' form of the verb सह् is converted to षकार.
8.3.57	This is an अधिकार, which goes till the end of the पाद. The कार्य designated in this अधिकार happens for a स्थानी that follows an इण् letter or a letter from कवर्ग.
8.3.58	The षकारादेश mandated in the इण्कोः अधिकार happens even when at most one of अनुस्वार/विसर्ग/शकार/षकार/सकार appears between the इण्/कुवर्ग वर्ण and the सकार.
8.3.59	An अपदान्त सकार that was obtained either as an आदेश or through a प्रत्यय  is converted to षकार when it follows a letter from इण्-प्रत्याहार or a कवर्ग.
8.3.60	The सकार of the verb roots शास्/वस्/घस् is converted to षकार when it follows a letter from the इण्-प्रत्याहार or the कवर्ग.
8.4.1	a नकार occurring immediately after ष् or र्  in the same पद is converted to a णकार.
8.4.2	a नकार occurring after ष् or र् in the same पद is converted to a णकार even when it is separated from the ष् or र्  by one or more letters from the अट् प्रत्याहार, कवर्ग, पवर्ग, आङ् , or अनुस्वार.
8.4.3	For a समस्तपद which is defined as a संज्ञा, The र् and ष् present in the  पूर्वपद causes the णत्वम् of नकार from the उत्तरपद, as long as there is no गकार in between.
8.4.12	For a समस्तपद,  a रेफ or a षकार present in the पूर्वपद  causes the णत्व of the नकार present in the  एकाच् उत्तरपद whenever the नकार is (1) at end of a प्रातिपदिक, or (2) created due to a  नुमागम, or (3) part of a विभक्ति.
8.4.14	A धातु which has णकार in the औपदेशिक form get णत्वम्   in presence of an उपसर्ग  that has रेफ or षकार.
8.4.15	The  नकार associated with the forms of the verbs  हि and  मी is converted to णकार in presence of a रेफयुक्त उपसर्ग.
8.4.16	A रेफ present in an  उपसर्ग causes the णत्व of  नकार of the  'आनि' प्रत्यय of लोट्-लकार.
8.4.17	A णत्वनिमित्तक उपसर्ग causes the  णत्व of the उपसर्ग 'नि' attached to the following verbs -  गद्, नद्, पत्, पद्, मा, सो, हन्, या, वा, द्रा, प्सा, वप्, वह्, शम्, चि, दिह् , and also for घुसंज्ञक verbs.
8.4.18	A णत्वनिमित्तक उपसर्ग causes an optional णत्व of the उपसर्ग 'नि' attached to the verbs that are not ककारादि, not खकारादि, not षकारान्त and not mentioned in > [[8.4.16]] sutra.
8.4.19	The नकार of the verb 'अन् (प्राणने)' becomes णकार when the verb is used along with an उपसर्ग that could cause the णत्व to happen (like प्र or परा).
8.4.20	When the verb अन् (प्राणने) is used along with a रेफ/षकारयुक्त उपसर्ग (like प्र or परा), its नकार becomes णकार when it appears at the end of a पद.
8.4.21	When the verb अन् (प्राणने) is used along with a रेफ/षकारयुक्त उपसर्ग (like प्र or परा), and when such a verb undergoes a द्वित्व, then both of the नकारs become णकार.
8.4.22	When the word हन्  comes after an उपसर्ग containing a रेफ, the नकार of हन् is converted to णकार only if that नकार is preceded by an अकार, not otherwise.
8.4.23	When the word हन्  comes after an उपसर्ग containing a रेफ, and when the नकार of हन् is preceded by a ह्रस्व अकार,  this नकार is optionally converted to णकार in presence of a प्रत्यय that begins with a वकार or a मकार.
8.4.24	The नकार of हन् is converted to णकार when this word follows the word 'अन्तर्' and when this नकार is preceded by a ह्रस्व अकार. But this णत्व does not happen if the resultant word indicates the name of a place.
8.4.25	The नकार of अयन is converted to णकार when this word follows the word 'अन्तर्'.  But this णत्व does not happen if the resultant word indicates the name of a place.
8.4.37	A नकार occurring at end of a पद does not get णत्वम् ।
8.4.40	In the context of संहिता, A सकार and a तवर्ग letter are converted (respectively) to a  शकार and चवर्ग letter when associated with a शकार or a चवर्ग letter.
8.4.41	In the context of संहिता, A सकार and a तवर्ग letter are converted (respectively) to a षकार and टवर्ग letter when associated with a षकार or a टवर्ग letter.
8.4.42	Except when followed by the प्रत्यय नाम्, a पदान्तटवर्ग letter does not cause the ष्टुत्वम् of  सकार or a तवर्ग letter that follows it.
8.4.43	A तवर्ग letter which is followed by a षकार does not undergo  ष्टुत्वम्.
8.4.44	A तवर्गीय letter following a शकार does not undergo श्चुत्वम्.
8.4.45	A यर् letter occurring at end of a  पद is optionally converted to an अनुनासिक when it is followed by an अनुनासिक.
8.4.46	If र् or ह् is present after अच् letter, then a यर् letter occurring after such a र् or ह् is optionally duplicated.
8.4.47	The यर् letter that  follows an अच्  letter but is not followed by an अच्  letter is optionally duplicated.
8.4.48	The तकार of the word पुत्रादिनी does not get a द्वित्व when this word is used while shouting / while talking in angry tone.
8.4.49	A शर्-letter does not undergo द्वित्वम् when followed by an अच् letter.
8.4.50	According to शाकटायन, when three or more letters are joined using a संयोग, the द्वित्वम् does not happen.
8.4.51	According to शाकल्य, a यर् letter is never duplicated.
8.4.52	According to various experts, a यर्-letter following a दीर्घ letter does not undergo द्वित्वम्.
8.4.53	A झल्-letter is converted to a corresponding जश्-letter when followed by a झश् letter.
8.4.54	A झल् letter present in an  अभ्यास is converted either to a जश् letter or a चर् letter as appropriate.
8.4.55	A झल्-letter is converted to a corresponding चर्-letter when followed by a खर्-letter.
8.4.56	A झल्  letter is optionally converted to a corresponding चर् -letter when it is not followed by any other letter.
8.4.57	The अण् letter of a non-प्रगृह्य word becomes अनुनासिक optionally when it is followed by an अवसान.
8.4.58	An अनुस्वार when followed by a यय् वर्ण is converted to the परसवर्ण.
8.4.59	An अनुस्वार occurring at end of a पद when followed by a यय् वर्ण is optionally converted to the परसवर्ण.
8.4.60	A letter of तवर्ग is converted to a परसवर्ण when followed by a लकार.
8.4.61	The स्था and स्तम्भ् are converted to पूर्वसवर्ण when they follow the upasarga उत् ।
8.4.62	A हकार following a झय् letter is optionally converted to the पूर्वसवर्ण (i.e. वर्गचतुर्थ).
8.4.63	A  शकार sandwiched between a झय् letter on the left and an अट् letter on the right is optionally converted to a छकार.
8.4.64	A यम्-letter sandwiched between a हल्-letter (on left) and the same  यम्-letter (on right) is optionally removed.
8.4.65	A झर् letter coming after an हल्  letter is optionally deleted if it is followed by a सवर्ण झर् letter.
8.4.68	The ह्रस्वः अकारः which was being treated as विवृत during the प्रक्रिया now becomes संवृतः for प्रयोग.
