id	krama	kaumudi	type	term	type_name	sutra	padaccheda
1.1.1	11001	16	samjna	वृद्धि	वृद्धिसंज्ञा	वृद्धिरादैच्	वृद्धिः १/१ आत्-ऐच् १/१
1.1.2	11002	17	samjna	गुण	गुणसंज्ञा	अदेङ् गुणः	अत्-एङ् १/१ गुणः १/१
1.1.3	11003	34	paribhasha		गुणवृद्धिस्थाननिर्देशपरिभाषा	इको गुणवृद्धी	इकः ६/१ गुण-वृद्धी १/२
1.1.4	11004	2656	vidhi			न धातुलोप आर्धधातुके	न ०/० धातुलोपे ७/१ आर्धधातुके ७/१
1.1.5	11005	2217	vidhi			क्ङिति च	क्ङिति ७/१ च ०/०
1.1.6	11006	2190	vidhi			दीधीवेवीटाम्	दीधी-वेवी-इटाम् ६/३
1.1.7	11007	30	samjna	संयोग	संयोगसंज्ञा	हलोऽनन्तराः संयोगः	हलः १/३ अनन्तराः १/३ संयोगः १/१
1.1.8	11008	9	samjna	अनुनासिक	अनुनासिकसंज्ञा	मुखनासिकावचनोऽनुनासिकः	मुख-नासिका-वचनः १/१ अनुनासिकः १/१
1.1.9	11009	10	samjna	सवर्ण	सवर्णसंज्ञा	तुल्यास्यप्रयत्नं सवर्णम्	तुल्य-आस्य-प्रयत्नम् १/१ सवर्णम् १/१
1.1.10	11010	13	samjna	सवर्ण	सवर्णसंज्ञा	नाज्झलौ	न ०/० अच्-हलौ १/२
1.1.11	11011	100	samjna	प्रगृह्य	प्रगृह्यसंज्ञा	ईदूदेद्द्विवचनं प्रगृह्यम्	ईत्-ऊत्-एत् १/१ द्विवचनं १/१ प्रगृह्यम् १/१
1.1.12	11012	101	samjna	प्रगृह्य	प्रगृह्यसंज्ञा	अदसो मात्	अदसः ६/१ मात् ५/१
1.1.13	11013	102	samjna	प्रगृह्य	प्रगृह्यसंज्ञा	शे	शे
1.1.14	11014	103	samjna	प्रगृह्य	प्रगृह्यसंज्ञा	निपात एकाजनाङ्	निपातः १/१ एकाच् १/१ अनाङ् १/१
1.1.15	11015	104	samjna	प्रगृह्य	प्रगृह्यसंज्ञा	ओत्	ओत् १/१
1.1.16	11016	105	samjna	प्रगृह्य	प्रगृह्यसंज्ञा	सम्बुद्धौ शाकल्यस्येतावनार्षे	सम्बुद्धौ ७/१ शाकल्यस्य ६/१ इतौ ७/१ अनार्षे ७/१
1.1.17	11017	106	samjna	प्रगृह्य	प्रगृह्यसंज्ञा	उञः	उञः ६/१
1.1.18	11018	107	samjna	प्रगृह्य	प्रगृह्यसंज्ञा	ऊँ	ऊँ
1.1.19	11019	109	samjna	प्रगृह्य	प्रगृह्यसंज्ञा	ईदूतौ च सप्तम्यर्थे	ईदूतौ १/२ च ०/० सप्तम्यर्थे ७/१
1.1.20	11020	2373	samjna	घु	घुसंज्ञा	दाधा घ्वदाप्	दा-धा १/३ घु १/१ अदाप् १/१
1.1.21	11021	348	paribhasha		व्यपदेशिवद्भावज्ञापकपरिभाषा	आद्यन्तवदेकस्मिन्	आदि-अन्तवत् ०/० एकस्मिन् ७/१
1.1.22	11022	2003	samjna	घ	घसंज्ञा	तरप्तमपौ घः	तरप्-तमपौ १/२ घः १/१
1.1.23	11023	258	samjna	संख्या	संख्यासंज्ञा	बहुगणवतुडति संख्या	बहु-गण-वतु-डति १/१ संख्या १/१
1.1.24	11024	369	samjna	षट्	षट्संज्ञा	ष्णान्ता षट्	ष्णान्ता १/१ षट् १/१
1.1.25	11025	259	samjna	षट्	षट्संज्ञा	डति च	डति १/१ च ०/०
1.1.26	11026	3012	samjna	निष्ठा	निष्ठासंज्ञा	क्तक्तवतू निष्ठा	क्त-क्तवतू १/२ निष्ठा १/१
1.1.27	11027	213	samjna	सर्वनाम	सर्वनामसंज्ञा	सर्वादीनि सर्वनामानि	सर्व-आदीनि १/३ सर्वनामानि १/३
1.1.28	11028	292	samjna	सर्वनाम	सर्वनामसंज्ञा	विभाषा दिक्समासे बहुव्रीहौ	विभाषा १/१ दिक्समासे ७/१ बहुव्रीहौ ७/१
1.1.29	11029	222	samjna	सर्वनाम	सर्वनामसंज्ञा	न बहुव्रीहौ	न ०/० बहुव्रीहौ ७/१
1.1.30	11030	223	samjna	सर्वनाम	सर्वनामसंज्ञा	तृतीयासमासे	तृतीया-समासे ७/१
1.1.31	11031	224	samjna	सर्वनाम	सर्वनामसंज्ञा	द्वन्द्वे च	द्वन्द्वे ७/१ च ०/०
1.1.32	11032	225	samjna	सर्वनाम	सर्वनामसंज्ञा	विभाषा जसि	विभाषा १/१ जसि ७/१
1.1.33	11033	226	samjna	सर्वनाम	सर्वनामसंज्ञा	प्रथमचरमतयाल्पार्धकतिपयनेमाश्च	प्रथम-चरम-तय-अल्प-अर्ध-कतिपय-नेमाः १/३ च ०/०
1.1.34	11034	218	samjna	सर्वनाम	सर्वनामसंज्ञा	पूर्वपरावरदक्षिणोत्तरापराधराणि व्यवस्थायामसंज्ञायाम्	पूर्व-पर-अवर-दक्षिण-उत्तर-अपर-अधराणि १/३ व्यवस्थायाम् ७/१ असंज्ञायाम् ७/१
1.1.35	11035	219	samjna	सर्वनाम	सर्वनामसंज्ञा	स्वमज्ञातिधनाख्यायाम्	स्वम् १/१ अज्ञाति-धनाख्यायाम् ७/१
1.1.36	11036	220	samjna	सर्वनाम	सर्वनामसंज्ञा	अन्तरं बहिर्योगोपसंव्यानयोः	अन्तरं १/१ बहिर्योग-उपसंव्यानयोः ७/२
1.1.37	11037	447	samjna	अव्यय	अव्ययसंज्ञा	स्वरादिनिपातमव्ययम्	स्वरादि-निपातम् १/१ अव्ययम् १/१
1.1.38	11038	448	samjna	अव्यय	अव्ययसंज्ञा	तद्धितश्चासर्वविभक्तिः	तद्धितः १/१ च ०/० अ-सर्व-विभक्तिः १/१
1.1.39	11039	449	samjna	अव्यय	अव्ययसंज्ञा	कृन्मेजन्तः	कृत् १/१ म्-एच्-अन्तः १/१
1.1.40	11040	450	samjna	अव्यय	अव्ययसंज्ञा	क्त्वातोसुन्कसुनः	क्त्वा-तोसुन्-कसुनः १/३
1.1.41	11041	451	samjna	अव्यय	अव्ययसंज्ञा	अव्ययीभावश्च	अव्ययीभावः १/१ च ०/०
1.1.42	11042	313	samjna	सर्वनामस्थान	सर्वनामस्थानसंज्ञा	शि सर्वनामस्थानम्	शि १/१ सर्वनामस्थानम् १/१
1.1.43	11043	229	samjna	सर्वनामस्थान	सर्वनामस्थानसंज्ञा	सुडनपुंसकस्य	सुट् १/१ अनपुंसकस्य ६/१
1.1.44	11044	24	samjna	विभाषा	विभाषासंज्ञा	न वेति विभाषा	न ०/० वा ०/० इति ०/० विभाषा १/१
1.1.45	11045	328	samjna	सम्प्रसारण	सम्प्रसारणसंज्ञा	इग्यणः सम्प्रसारणम्	इक् १/१ यणः ६/१ सम्प्रसारणम् १/१
1.1.46	11046	36	paribhasha		आगमस्थाननिर्णयपरिभाषा	आद्यन्तौ टकितौ	आदि-अन्तौ १/२ टकितौ १/२
1.1.47	11047	37	paribhasha		आगमस्थाननिर्णयपरिभाषा	मिदचोऽन्त्यात्परः	मित् १/१ अचः ६/१ अन्त्यात् ५/१ परः १/१
1.1.48	11048	323	paribhasha		ह्रस्वादेशनिर्णयपरिभाषा	एच इग्घ्रस्वादेशे	एचः ६/१ इक् १/१ ह्रस्व-आदेशे ७/१
1.1.49	11049	38	paribhasha		षष्ठीविभक्तिनिर्णयपरिभाषा	षष्ठी स्थानेयोगा	षष्ठी १/१ स्थाने-योगा १/१
1.1.50	11050	39	paribhasha		आदेशचयननिर्णयपरिभाषा	स्थानेऽन्तरतमः	स्थाने ७/१ अन्तरतमः १/१
1.1.51	11051	70	paribhasha		ऋकारादेशविधानपरिभाषा	उरण् रपरः	उः ६/१ अण् १/१ रपरः १/१
1.1.52	11052	42	paribhasha		आदेशस्थाननिर्णयपरिभाषा	अलोऽन्त्यस्य	अलः ६/१ अन्त्यस्य ६/१
1.1.53	11053	43	paribhasha		आदेशस्थाननिर्णयपरिभाषा	ङिच्च	ङित् १/१ च ०/०
1.1.54	11054	44	paribhasha		आदेशस्थाननिर्णयपरिभाषा	आदेः परस्य	आदेः ६/१ परस्य ६/१
1.1.55	11055	45	paribhasha		आदेशस्थाननिर्णयपरिभाषा	अनेकाल्शित्सर्वस्य	अनेकाल्-शित् १/१ सर्वस्य ६/१
1.1.56	11056	49	atidesha		स्थानिवद्भावातिदेशः	स्थानिवदादेशोऽनल्विधौ	स्थानिवत् ०/० आदेशः १/१ अनल्विधौ ७/१
1.1.57	11057	50	atidesha		स्थानिवद्भावातिदेशः	अचः परस्मिन् पूर्वविधौ	अचः ६/१ परस्मिन् ७/१ पूर्वविधौ ७/१
1.1.58	11058	51	atidesha		स्थानिवद्भावातिदेशः	न पदान्तद्विर्वचनवरेयलोपस्वरसवर्णानुस्वारदीर्घजश्चर्विधिषु	न ०/० पदान्त-द्विर्वचन-वरे-यलोप-स्वर-सवर्ण-अनुस्वार-दीर्घ-जश्-चर्-विधिषु ७/३
1.1.59	11059	2243	atidesha		स्थानिवद्भावातिदेशः	द्विर्वचनेऽचि	द्विर्वचने ७/१ अचि ७/१
1.1.60	11060	53	samjna	लोप	लोपसंज्ञा	अदर्शनं लोपः	अदर्शनं १/१ लोपः १/१
1.1.61	11061	260	samjna	लुक्	लुक्संज्ञा	प्रत्ययस्य लुक्श्लुलुपः	प्रत्ययस्य ६/१ लुक्-श्लु-लुपः १/३
1.1.62	11062	262	paribhasha		प्रत्ययलक्षणपरिभाषा	प्रत्ययलोपे प्रत्ययलक्षणम्	प्रत्ययलोपे ७/१ प्रत्ययलक्षणम् १/१
1.1.63	11063	263	paribhasha		प्रत्ययलक्षणपरिभाषा	न लुमताङ्गस्य	न ०/० लुमता ३/१ अङ्गस्य ६/१
1.1.64	11064	79	samjna	टि	टिसंज्ञा	अचोऽन्त्यादि टि	अचः ६/१ अन्त्य-आदि १/१ टि १/१
1.1.65	11065	249	samjna	उपधा	उपधासंज्ञा	अलोऽन्त्यात् पूर्व उपधा	अलः ५/१ अन्त्यात् ५/१ पूर्वः १/१ उपधा १/१
1.1.66	11066	40	paribhasha		सप्तमीविभक्तिनिर्णयपरिभाषा	तस्मिन्निति निर्दिष्टे पूर्वस्य	तस्मिन् ७/१ इति ०/० निर्दिष्टे ७/१ पूर्वस्य ६/१
1.1.67	11067	41	paribhasha		पञ्चमीविभक्तिनिर्णयपरिभाषा	तस्मादित्युत्तरस्य	तस्मात् ५/१ इति ०/० उत्तरस्य ६/१
1.1.68	11068	25	vidhi			स्वं रूपं शब्दस्याशब्दसंज्ञा	स्वम् १/१ रूपम् १/१ शब्दस्य ६/१ अ-शब्दसंज्ञा १/१
1.1.69	11069	14	vidhi			अणुदित् सवर्णस्य चाप्रत्ययः	अण्-उदित् १/१ सवर्णस्य ६/१ च ०/० अ-प्रत्ययः १/१
1.1.70	11070	15	vidhi			तपरस्तत्कालस्य	तपरः १/१ तत्कालस्य ६/१
1.1.71	11071	2	samjna	प्रत्याहार	प्रत्याहारसंज्ञा	आदिरन्त्येन सहेता	आदिः १/१ अन्त्येन ३/१ सह ०/० इता ३/१
1.1.72	11072	26	vidhi			येन विधिस्तदन्तस्य	येन ३/१ विधिः १/१ तदन्तस्य ६/१
1.1.73	11073	1335	samjna	वृद्ध	वृद्धसंज्ञा	वृद्धिर्यस्याचामादिस्तद् वृद्धम्	वृद्धिः १/१ यस्य ६/१ अचाम् ६/३ आदिः १/१ तत् १/१ वृद्धम् १/१
1.1.74	11074	1336	samjna	वृद्ध	वृद्धसंज्ञा	त्यदादीनि च	त्यद्-आदीनि १/३ च ०/०
1.1.75	11075	1338	samjna	वृद्ध	वृद्धसंज्ञा	एङ् प्राचां देशे	एङ् १/१ प्राचाम् ६/३ देशे ७/१
1.2.1	12001	2461	atidesha		ङित्त्वातिदेशः	गाङ्कुटादिभ्योऽञ्णिन्ङित्	गाङ्-कुट्-आदिभ्यः ५/३ अ-ञ्णित् १/१ ङित् १/१
1.2.2	12002	2536	atidesha		ङित्त्वातिदेशः	विज इट्	विजः ५/१ इट् १/१
1.2.3	12003	2447	atidesha		ङित्त्वातिदेशः	विभाषोर्णोः	विभाषा १/१ ऊर्णोः ५/१
1.2.4	12004	2234	atidesha		ङित्त्वातिदेशः	सार्वधातुकमपित्	सार्वधातुकम् १/१ अपित् १/१
1.2.5	12005	2242	atidesha		कित्त्वातिदेशः	असंयोगाल्लिट् कित्	असंयोगात् ५/१ लिट् १/१ कित् १/१
1.2.6	12006	3393	atidesha		कित्त्वातिदेशः	इन्धिभवतिभ्यां च	इन्धि-भवतिभ्यां ५/२ च ०/०
1.2.7	12007	3323	atidesha		कित्त्वातिदेशः	मृडमृदगुधकुषक्लिशवदवसः क्त्वा	मृड-मृद-गुध-कुष-क्लिश-वद-वसः ५/१ क्त्वा १/१
1.2.8	12008	2609	atidesha		कित्त्वातिदेशः	रुदविदमुषग्रहिस्वपिप्रच्छः सँश्च	रुद-विद-मुष-ग्रहि-स्वपि-प्रच्छः ५/१ सन् १/१ च ०/०
1.2.9	12009	2612	atidesha		कित्त्वातिदेशः	इको झल्	इकः ५/१ झल् १/१
1.2.10	12010	2613	atidesha		कित्त्वातिदेशः	हलन्ताच्च	हलन्तात् ५/१ च ०/०
1.2.11	12011	2300	atidesha		कित्त्वातिदेशः	लिङ्सिचावात्मनेपदेषु	लिङ्-सिचौ १/२ आत्मनेपदेषु ७/३
1.2.12	12012	2368	atidesha		कित्त्वातिदेशः	उश्च	उः ५/१ च ०/०
1.2.13	12013	2700	atidesha		कित्त्वातिदेशः	वा गमः	वा ०/० गमः ५/१
1.2.14	12014	2697	atidesha		कित्त्वातिदेशः	हनः सिच्	हनः ५/१ सिच् १/१
1.2.15	12015	2698	atidesha		कित्त्वातिदेशः	यमो गन्धने	यमः ५/१ गन्धने ७/१
1.2.16	12016	2730	atidesha		कित्त्वातिदेशः	विभाषोपयमने	विभाषा १/१ उप-यमने ७/१
1.2.17	12017	2389	atidesha		कित्त्वातिदेशः	स्था घ्वोरिच्च	स्था-घ्वोः ६/२ इत् १/१ च ०/०
1.2.18	12018	3322	atidesha		अकित्त्वातिदेशः	न क्त्वा सेट्	न ०/० क्त्वा सेट् १/१
1.2.19	12019	3052	atidesha		अकित्त्वातिदेशः	निष्ठा शीङ्स्विदिमिदिक्ष्विदिधृषः	निष्ठा १/१ शीङ्-स्विदि-मिदि-क्ष्विदि-धृषः ५/१
1.2.20	12020	3055	atidesha		अकित्त्वातिदेशः	मृषस्तितिक्षायाम्	मृषः ५/१ तितिक्षायाम् ७/१
1.2.21	12021	3056	atidesha		अकित्त्वातिदेशः	उदुपधाद्भावादिकर्मणोरन्यतरस्याम्	उद्-उपधात् ५/१ भावादि-कर्मणोः ७/२ अन्यतरस्याम् ७/१
1.2.22	12022	3051	atidesha		अकित्त्वातिदेशः	पूङः क्त्वा च	पूङः ५/१ क्त्वा च ०/०
1.2.23	12023	3324	atidesha		अकित्त्वातिदेशः	नोपधात्थफान्ताद्वा	न-उपधात् ५/१ थ-फ-अन्तात् ५/१ वा ०/०
1.2.24	12024	3325	atidesha		अकित्त्वातिदेशः	वञ्चिलुञ्च्यृतश्च	वञ्चि-लुञ्चि-ऋतः ५/१ च ०/०
1.2.25	12025	3326	atidesha		अकित्त्वातिदेशः	तृषिमृषिकृशेः काश्यपस्य	तृषि-मृषि-कृशेः ५/१ काश्यपस्य ६/१
1.2.26	12026	2617	atidesha		अकित्त्वातिदेशः	रलो व्युपधाद्धलादेः संश्च	रलः ५/१ वि-उपधात् ५/१ हल-आदेः ५/१ सन् १/१ च ०/०
1.2.27	12027	4	samjna	ह्रस्व	ह्रस्वसंज्ञा	ऊकालोऽज्झ्रस्वदीर्घप्लुतः	ऊ-कालः १/१ अच् १/१ ह्रस्व-दीर्घ-प्लुतः १/१
1.2.28	12028	35	paribhasha		ह्रस्वदीर्घप्लुतादेशस्थाननिर्णयपरिभाषा	अचश्च	अचः ६/१ च ०/०
1.2.29	12029	5	samjna	उदात्त	उदात्तसंज्ञा	उच्चैरुदात्तः	उच्चैः ०/० उदात्तः १/१
1.2.30	12030	6	samjna	अनुदात्त	अनुदात्तसंज्ञा	नीचैरनुदात्तः	नीचैः ०/० अनुदात्तः १/१
1.2.31	12031	7	samjna	स्वरित	स्वरितसंज्ञा	समाहारः स्वरितः	समाहारः १/१ स्वरितः १/१
1.2.32	12032	8	vidhi			तस्यादित उदात्तमर्धह्रस्वम्	तस्य ६/१ आदितः ०/० उदात्तम् १/१ अर्धह्रस्वम् १/१
1.2.33	12033	3662	vidhi			एकश्रुति दूरात् सम्बुद्धौ	एकश्रुति १/१ दूरात् ५/१ सम्बुद्धौ ७/१
1.2.34	12034	3663	vidhi			यज्ञकर्मण्यजपन्यूङ्खसामसु	यज्ञकर्मणि ७/१ अ-जप-न्यूङ्ख-सामसु ७/३
1.2.35	12035	3664	vidhi			उच्चैस्तरां वा वषट्कारः	उच्चैस्तराम् ०/० वा ०/० वषट्कारः १/१
1.2.36	12036	3665	vidhi			विभाषा छन्दसि	विभाषा १/१ छन्दसि ७/१
1.2.37	12037	3666	vidhi			न सुब्रह्मण्यायां स्वरितस्य तूदात्तः	न ०/० सुब्रह्मण्यायाम् ७/१ स्वरितस्य ६/१ तु ०/० उदात्तः १/१
1.2.38	12038	3667	vidhi			देवब्रह्मणोरनुदात्तः	देव-ब्रह्मणोः ७/२ अनुदात्तः १/१
1.2.39	12039	3668	vidhi			स्वरितात् संहितायामनुदात्तानाम्	स्वरितात् ५/१ संहितायाम् ७/१ अनुदात्तानाम् ६/३
1.2.40	12040	3669	vidhi			उदात्तस्वरितपरस्य सन्नतरः	उदात्त-स्वरित-परस्य ६/१ सन्नतरः १/१
1.2.41	12041	251	samjna	अपृक्त	अपृक्तसंज्ञा	अपृक्त एकाल् प्रत्ययः	अपृक्तः १/१ एकाल् १/१ प्रत्ययः १/१
1.2.42	12042	745	samjna	कर्मधारय	कर्मधारयसंज्ञा	तत्पुरुषः समानाधिकरणः कर्मधारयः	तत्पुरुषः १/१ समानाधिकरणः १/१ कर्मधारयः १/१
1.2.43	12043	653	samjna	उपसर्जन	उपसर्जनसंज्ञा	प्रथमानिर्दिष्टं समास उपसर्जनम्	प्रथमानिर्दिष्टम् १/१ समासे ७/१ उपसर्जनम् १/१
1.2.44	12044	655	samjna	उपसर्जन	उपसर्जनसंज्ञा	एकविभक्ति चापूर्वनिपाते	एकविभक्ति १/१ च ०/० अपूर्वनिपाते ७/१
1.2.45	12045	178	samjna	प्रातिपदिक	प्रातिपदिकसंज्ञा	अर्थवदधातुरप्रत्ययः प्रातिपदिकम्	अर्थवत् १/१ अधातुः १/१ अप्रत्ययः १/१ प्रातिपदिकम् १/१
1.2.46	12046	179	samjna	प्रातिपदिक	प्रातिपदिकसंज्ञा	कृत्तद्धितसमासाश्च	कृत्-तद्धित-समासाः १/३ च ०/०
1.2.47	12047	318	vidhi			ह्रस्वो नपुंसके प्रातिपदिकस्य	ह्रस्वः १/१ नपुंसके ७/१ प्रातिपदिकस्य ६/१
1.2.48	12048	656	vidhi			गोस्त्रियोरुपसर्जनस्य	गो-स्त्रियोः ६/१ उपसर्जनस्य ६/१
1.2.49	12049	1408	vidhi			लुक् तद्धितलुकि	लुक् १/१ तद्धित-लुकि ७/१
1.2.50	12050	1703	vidhi			इद्गोण्याः	इत् १/१ गोण्याः ६/१
1.2.51	12051	1294	atidesha		लुपि युक्तवद्भावातिदेशः	लुपि युक्तवद्व्यक्तिवचने	लुपि ७/१ युक्तवत् ०/० व्यक्ति-वचने १/२
1.2.52	12052	1300	atidesha		लुपि युक्तवद्भावातिदेशः	विशेषणानां चाजातेः	विशेषणानाम् ६/३ च ०/० अ-जातेः ५/१
1.2.53	12053	1295	vidhi			तदशिष्यं संज्ञाप्रमाणत्वात्	तत् १/१ अ-शिष्यम् १/१ संज्ञा-प्रमाणत्वात् ५/१
1.2.54	12054	1296	vidhi			लुब्योगाप्रख्यानात्	लुप् १/१ योग-अ-प्रख्यानात् ५/१
1.2.55	12055	1297	vidhi			योगप्रमाणे च तदभावेऽदर्शनं स्यात्	योग-प्रमाणे ७/१ च ०/० तद्-अभावे ७/१ अ-दर्शनम् १/१ स्यात्
1.2.56	12056	1298	vidhi			प्रधानप्रत्ययार्थवचनमर्थस्यान्यप्रमाणत्वात्	प्रधान-प्रत्यय-अर्थवचनम् १/१ अर्थस्य ६/१ अन्यप्रमाणत्वात् ५/१
1.2.57	12057	1299	vidhi			कालोपसर्जने च तुल्यम्	काल-उपसर्जने ७/१ च ०/० तुल्यम् १/१
1.2.58	12058	817	vidhi			जात्याख्यायामेकस्मिन् बहुवचनमन्यतरस्याम्	जाति-आख्यायाम् ७/१ एकस्मिन् ७/१ बहुवचनम् १/१ अन्यतरस्याम् ७/१
1.2.59	12059	818	vidhi			अस्मदो द्वयोश्च	अस्मदः ६/१ द्वयोः ७/२ च ०/०
1.2.60	12060	819	vidhi			फल्गुनीप्रोष्ठपदानां च नक्षत्रे	फल्गुनी-प्रोष्ठपदानाम् ६/३ च ०/० नक्षत्रे ७/१
1.2.61	12061	3387	vidhi			छन्दसि पुनर्वस्वोरेकवचनम्	छन्दसि ७/१ पुनर्वस्वोः ६/२ एकवचनम् १/१
1.2.62	12062	3388	vidhi			विशाखयोश्च	विशाखयोः ६/२ च ०/०
1.2.63	12063	820	vidhi		कृञः अनुप्रयोगातिदेशः	तिष्यपुनर्वस्वोर्नक्षत्रद्वन्द्वे बहुवचनस्य द्विवचनं नित्यम्	तिष्य-पुनर्वस्वोः ६/२ नक्षत्र-द्वन्द्वे ७/१ बहुवचनस्य ६/१ द्विवचनम् १/१ नित्यम् १/१
1.2.64	12064	188	vidhi			सरूपाणामेकशेष एकविभक्तौ	सरूपाणाम् ६/३ एक-शेषः १/१ एक-विभक्तौ ७/१
1.2.65	12065	931	vidhi			वृद्धो यूना तल्लक्षणश्चेदेव विशेषः	वृद्धः १/१ यूना ३/१ तत्-लक्षणः १/१ चेत् ०/० एव ०/० विशेषः १/१
1.2.66	12066	932	atidesha		पुंवद्भावातिदेशः	स्त्री पुंवच्च	स्त्री १/१ पुंवत् ०/० च ०/०
1.2.67	12067	933	vidhi			पुमान् स्त्रिया	पुमान् १/१ स्त्रिया ३/१
1.2.68	12068	934	vidhi			भ्रातृपुत्रौ स्वसृदुहितृभ्याम्	भ्रातृ-पुत्रौ १/२ स्वसृ-दुहितृभ्याम् ३/२
1.2.69	12069	935	vidhi			नपुंसकमनपुंसकेनैकवच्चास्यान्यतरस्याम्	नपुंसकम् १/१ अनपुंसकेन ३/१ एकवत् ०/० च ०/० अस्य ६/१ अन्यतरस्याम् ७/१
1.2.70	12070	936	vidhi			पिता मात्रा	पिता १/१ मात्रा ३/१
1.2.71	12071	937	vidhi			श्वशुरः श्वश्र्वा	श्वशुरः १/१ श्वश्र्वा ३/१
1.2.72	12072	938	vidhi			त्यदादीनि सर्वैर्नित्यम्	त्यद्-आदीनि १/३ सर्वैः ३/३ नित्यम् १/१
1.2.73	12073	939	vidhi			ग्राम्यपशुसंघेष्वतरुणेषु स्त्री	ग्राम्य-पशु-संघेषु ७/३ अ-तरुणेषु १/१ स्त्री १/१
1.3.1	13001	18	samjna	धातु	धातुसंज्ञा	भूवादयो धातवः	भू-वा-आदयः १/३ धातवः १/३
1.3.2	13002	3	samjna	इत्	इत्संज्ञा	उपदेशेऽजनुनासिक इत्	उपदेशे ७/१ अच् १/१ अनुनासिकः १/१ इत् १/१
1.3.3	13003	1	samjna	इत्	इत्संज्ञा	हलन्त्यम्	हल् १/१ अन्त्यम् १/१
1.3.4	13004	190	samjna	इत्	इत्संज्ञा	न विभक्तौ तुस्माः	न ०/० विभक्तौ ७/१ तुस्माः १/३
1.3.5	13005	2289	samjna	इत्	इत्संज्ञा	आदिर्ञिटुडवः	आदिः १/१ ञि-टु-डवः १/३
1.3.6	13006	474	samjna	इत्	इत्संज्ञा	षः प्रत्ययस्य	षः १/१ प्रत्ययस्य ६/१
1.3.7	13007	189	samjna	इत्	इत्संज्ञा	चुटू	चु-टू १/२
1.3.8	13008	195	samjna	इत्	इत्संज्ञा	लशक्वतद्धिते	ल-श-कु १/१ अतद्धिते ७/१
1.3.9	13009	62	vidhi			तस्य लोपः	तस्य ६/१ लोपः १/१
1.3.10	13010	128	paribhasha		अनुदेशपद्धतिविधानपरिभाषा	यथासंख्यमनुदेशः समानाम्	यथासंख्यम् ०/० अनुदेशः १/१ समानाम् ६/३
1.3.11	13011	46	paribhasha		अधिकारनिर्णयपरिभाषा	स्वरितेनाधिकारः	स्वरितेन ३/१ अधिकारः १/१
1.3.12	13012	2157	vidhi			अनुदात्तङित आत्मनेपदम्	अनुदात्त-ङितः ५/१ आत्मनेपदम् १/१
1.3.13	13013	2679	vidhi			भावकर्मणोः	भाव-कर्मणोः ७/२
1.3.14	13014	2680	vidhi			कर्तरि कर्मव्यतिहारे	कर्तरि ७/१ कर्म-व्यतिहारे ७/१
1.3.15	13015	2681	vidhi			न गतिहिंसार्थेभ्यः	न ०/० गति-हिंसा-अर्थेभ्यः ५/३
1.3.16	13016	2682	vidhi			इतरेतरान्योन्योपपदाच्च	इतरेतर-अन्योन्य-उपपदात् ५/१ च ०/०
1.3.17	13017	2683	vidhi			नेर्विशः	नेः ५/१ विशः ५/१
1.3.18	13018	2684	vidhi			परिव्यवेभ्यः क्रियः	परि-वि-अवेभ्यः ५/३ क्रियः ५/१
1.3.19	13019	2685	vidhi			विपराभ्यां जेः	वि-पराभ्याम् ५/२ जेः ५/१
1.3.20	13020	2686	vidhi			आङो दोऽनास्यविहरणे	आङः ५/१ दः ५/१ अनास्यविहरणे ७/१
1.3.21	13021	2687	vidhi			क्रीडोऽनुसम्परिभ्यश्च	क्रीडः ५/१ अनु-सम्-परिभ्यः ५/३ च ०/०
1.3.22	13022	2689	vidhi			समवप्रविभ्यः स्थः	सम्-अव-प्र-विभ्यः ५/३ स्थः ५/१
1.3.23	13023	2690	vidhi			प्रकाशनस्थेयाख्ययोश्च	प्रकाशन-स्थेय-आख्ययोः ७/२ च ०/०
1.3.24	13024	2691	vidhi			उदोऽनूर्ध्वकर्मणि	उदः ५/१ अनूर्ध्वकर्मणि ७/१
1.3.25	13025	2692	vidhi			उपान्मन्त्रकरणे	उपात् ५/१ मन्त्रकरणे ७/१
1.3.26	13026	2693	vidhi			अकर्मकाच्च	अकर्मकात् ५/१ च ०/०
1.3.27	13027	2694	vidhi			उद्विभ्यां तपः	उद्-विभ्याम् ५/२ तपः ५/१
1.3.28	13028	2695	vidhi			आङो यमहनः	आङः ५/१ यम-हनः ५/१
1.3.29	13029	2699	vidhi			समो गम्यृच्छिप्रच्छिस्वरत्यर्तिश्रुविदिभ्यः	समः ५/१ गमि-ऋच्छि-प्रच्छि-स्वरति-अर्ति-श्रु-विदिभ्यः ५/३
1.3.30	13030	2703	vidhi			निसमुपविभ्यो ह्वः	नि-सम्-उप-विभ्यः ५/३ ह्वः ५/१
1.3.31	13031	2704	vidhi			स्पर्द्धायामाङः	स्पर्द्धायाम् ७/१ आङः ५/१
1.3.32	13032	2705	vidhi			गन्धनावक्षेपणसेवनसाहसिक्यप्रतियत्नप्रकथनोपयोगेषु कृञः	गन्धन-अवक्षेपण-सेवन-साहसिक्य-प्रतियत्न-प्रकथन-उपयोगेषु ७/३ कृञः ५/१
1.3.33	13033	2706	vidhi			अधेः प्रसहने	अधेः ५/१ प्रसहने ७/१
1.3.34	13034	2707	vidhi			वेः शब्दकर्मणः	वेः ५/१ शब्द-कर्मणः ५/१
1.3.35	13035	2708	vidhi			अकर्मकाच्च	अकर्मकात् ५/१ च ०/०
1.3.36	13036	2709	vidhi			सम्माननोत्सञ्जनाचार्यकरणज्ञानभृतिविगणनव्ययेषु नियः	सम्मानन-उत्सञ्जन-आचार्यकरण-ज्ञान-भृति-विगणन-व्ययेषु ७/३ नियः ५/१
1.3.37	13037	2710	vidhi			कर्तृस्थे चाशरीरे कर्मणि	कर्तृस्थे ७/१ च ०/० अशरीरे ७/१ कर्मणि ७/१
1.3.38	13038	2711	vidhi			वृत्तिसर्गतायनेषु क्रमः	वृत्ति-सर्ग-तायनेषु ७/३ क्रमः ५/१
1.3.39	13039	2712	vidhi			उपपराभ्याम्	उप-पराभ्याम् ५/२
1.3.40	13040	2713	vidhi			आङ उद्गमने	आङः ५/१ उद्गमने ७/१
1.3.41	13041	2714	vidhi			वेः पादविहरणे	वेः ५/१ पादविहरणे ७/१
1.3.42	13042	2715	vidhi			प्रोपाभ्यां समर्थाभ्याम्	प्र-उपाभ्याम् ५/२ समर्थाभ्याम् ५/२
1.3.43	13043	2716	vidhi			अनुपसर्गाद्वा	अनुपसर्गात् ५/१ वा ०/०
1.3.44	13044	2717	vidhi			अपह्नवे ज्ञः	अपह्नवे ७/१ ज्ञः ५/१
1.3.45	13045	2718	vidhi			अकर्मकाच्च	अकर्मकात् ५/१ च ०/०
1.3.46	13046	2719	vidhi			सम्प्रतिभ्यामनाध्याने	सम्-प्रतिभ्याम् ५/२ अनाध्याने ७/१
1.3.47	13047	2720	vidhi			भासनोपसम्भाषाज्ञानयत्नविमत्युपमन्त्रणेषु वदः	भासन-उपसम्भाषा-ज्ञान-यत्न-विमति-उपमन्त्रणेषु ७/३ वदः ५/१
1.3.48	13048	2721	vidhi			व्यक्तवाचां समुच्चारणे	व्यक्तवाचाम् ६/३ समुच्चारणे ७/१
1.3.49	13049	2722	vidhi			अनोरकर्मकात्	अनोः ५/१ अकर्मकात् ५/१
1.3.50	13050	2723	vidhi			विभाषा विप्रलापे	विभाषा १/१ विप्रलापे ७/१
1.3.51	13051	2724	vidhi			अवाद्ग्रः	अवात् ५/१ ग्रः ५/१
1.3.52	13052	2725	vidhi			समः प्रतिज्ञाने	समः ५/१ प्रतिज्ञाने ७/१
1.3.53	13053	2726	vidhi			उदश्चरः सकर्मकात्	उदः ५/१ चरः ५/१ सकर्मकात् ५/१
1.3.54	13054	2727	vidhi			समस्तृतीयायुक्तात्	समः ५/१ तृतीयायुक्तात् ५/१
1.3.55	13055	2728	vidhi			दाणश्च सा चेच्चतुर्थ्यर्थे	दाणः ५/१ च ०/० सा १/१ चेत् ०/० चतुर्थी-अर्थे ७/१
1.3.56	13056	2729	vidhi			उपाद्यमः स्वकरणे	उपात् ५/१ यमः ५/१ स्वकरणे ७/१
1.3.57	13057	2731	vidhi			ज्ञाश्रुस्मृदृशां सनः	ज्ञा-श्रु-स्मृ-दृशाम् ६/३ सनः ५/१
1.3.58	13058	2732	vidhi			नानोर्ज्ञः	न ०/० अनोः ५/१ ज्ञः ५/१
1.3.59	13059	2733	vidhi			प्रत्याङ्भ्यां श्रुवः	प्रति-आङ्भ्याम् ५/२ श्रुवः ५/१
1.3.60	13060	2362	vidhi			शदेः शितः	शदेः ५/१ शितः ६/१
1.3.61	13061	2538	vidhi			म्रियतेर्लुङ्लिङोश्च	म्रियतेः ५/१ लुङ्-लिङोः ७/२ च ०/०
1.3.62	13062	2734	atidesha		सन्नन्तपदनिर्णयातिदेशः	पूर्ववत् सनः	पूर्ववत् ०/० सनः ५/१
1.3.63	13063	2240	vidhi			आम्प्रत्ययवत् कृञोऽनुप्रयोगस्य	आम्-प्रत्ययवत् ०/० कृञः ६/१ अनुप्रयोगस्य ६/१
1.3.64	13064	2735	vidhi			प्रोपाभ्यां युजेरयज्ञपात्रेषु	प्र-उपाभ्याम् ५/२ युजेः ५/१ अयज्ञपात्रेषु ७/३
1.3.65	13065	2736	vidhi			समः क्ष्णुवः	समः ५/१ क्ष्णुवः ५/१
1.3.66	13066	2737	vidhi			भुजोऽनवने	भुजः ५/१ अनवने ७/१
1.3.67	13067	2738	vidhi			णेरणौ यत्कर्म णौ चेत् स कर्ताऽनाध्याने	णेः ५/१ अणौ ७/१ यत् १/१ कर्म १/१ णौ ७/१ चेत् ०/० सः १/१ कर्ता १/१ अनाध्याने ७/१
1.3.68	13068	2594	vidhi			भीस्म्योर्हेतुभये	भी-स्म्योः ६/२ हेतुभये ७/१
1.3.69	13069	2739	vidhi			गृधिवञ्च्योः प्रलम्भने	गृधि-वञ्च्योः ६/२ प्रलम्भने ७/१
1.3.70	13070	2592	vidhi			लियः सम्माननशालीनीकरणयोश्च	लियः ५/१ सम्मानन-शालीनीकरणयोः ७/२ च ०/०
1.3.71	13071	2740	vidhi			मिथ्योपपदात् कृञोऽभ्यासे	मिथ्या ०/० उपपदात् ५/१ कृञः ५/१ अभ्यासे ७/१
1.3.72	13072	2158	vidhi			स्वरितञितः कर्त्रभिप्राये क्रियाफले	स्वरित-ञितः ५/१ कर्तृ-अभिप्राये ७/१ क्रियाफले ७/१
1.3.73	13073	2741	vidhi			अपाद्वदः	अपात् ५/१ वदः ५/१
1.3.74	13074	2564	vidhi			णिचश्च	णिचः ५/१ च ०/०
1.3.75	13075	2742	vidhi			समुदाङ्भ्यो यमोऽग्रन्थे	सम्-उत्-आङ्भ्यः ५/३ यमः ५/१ अग्रन्थे ७/१
1.3.76	13076	2743	vidhi			अनुपसर्गाज्ज्ञः	अनुपसर्गात् ५/१ ज्ञः ५/१
1.3.77	13077	2744	vidhi			विभाषोपपदेन प्रतीयमाने	विभाषा १/१ उपपदेन ३/१ प्रतीयमाने ७/१
1.3.78	13078	2159	vidhi			शेषात् कर्तरि परस्मैपदम्	शेषात् ५/१ कर्तरि ७/१ परस्मैपदम् १/१
1.3.79	13079	2745	vidhi			अनुपराभ्यां कृञः	अनु-पराभ्याम् ५/२ कृञः ५/१
1.3.80	13080	2746	vidhi			अभिप्रत्यतिभ्यः क्षिपः	अभि-प्रति-अतिभ्यः ५/३ क्षिपः ५/१
1.3.81	13081	2747	vidhi			प्राद्वहः	प्रात् ५/१ वहः ५/१
1.3.82	13082	2748	vidhi			परेर्मृषः	परेः ५/१ मृषः ५/१
1.3.83	13083	2749	vidhi			व्याङ्परिभ्यो रमः	वि-आङ्-परिभ्यः ५/३ रमः ५/१
1.3.84	13084	2750	vidhi			उपाच्च	उपात् ५/१ च ०/०
1.3.85	13085	2751	vidhi			विभाषाऽकर्मकात्	विभाषा १/१ अकर्मकात् ५/१
1.3.86	13086	2752	vidhi			बुधयुधनशजनेङ्प्रुद्रुस्रुभ्यो णेः	बुध-युध-नश-जन-इङ्-प्रु-द्रु-स्रुभ्यः ५/३ णेः ५/१
1.3.87	13087	2753	vidhi			निगरणचलनार्थेभ्यश्च	निगरण-चलनार्थेभ्यः ५/१ च ०/०
1.3.88	13088	2754	vidhi			अणावकर्मकाच्चित्तवत्कर्तृकात्	अणौ ७/१ अकर्मकात् ५/१ चित्तवत्कर्तृकात् ५/१
1.3.89	13089	2755	vidhi			न पादम्याङ्यमाङ्यसपरिमुहरुचिनृतिवदवसः	न ०/० पा-दमि-आङ्यम-आङ्यस-परिमुह-रुचि-नृति-वद-वसः ५/१
1.3.90	13090	2669	vidhi			वा क्यषः	वा ०/० क्यषः ५/१
1.3.91	13091	2345	vidhi			द्युद्भ्यो लुङि	द्युद्भ्यः ५/३ लुङि ७/१
1.3.92	13092	2347	vidhi			वृद्भ्यः स्यसनोः	वृद्भ्यः ५/३ स्य-सनोः ७/२
1.3.93	13093	2351	vidhi			लुटि च कॢपः	लुटि ७/१ च ०/० कॢपः ५/१
1.4.1	14001	232	adhikara		एकसंज्ञाधिकारः	आ कडारादेका संज्ञा	आ ०/० कडारात् ५/१ एका १/१ संज्ञा १/१
1.4.2	14002	175	paribhasha		विप्रतिषेधे सूत्रनिर्णयपरिभाषा	विप्रतिषेधे परं कार्यम्	विप्रतिषेधे ७/१ परम् १/१ कार्यम् १/१
1.4.3	14003	266	samjna	नदी	नदीसंज्ञा	यू स्त्र्याख्यौ नदी	यू स्त्री-आख्यौ १/२ नदी १/१
1.4.4	14004	303	samjna	नदी	नदीसंज्ञा	नेयङुवङ्स्थानावस्त्री	न ०/० इयङ्-उवङ्-स्थानौ १/२ अ-स्त्री १/१
1.4.5	14005	304	samjna	नदी	नदीसंज्ञा	वाऽऽमि	वा ०/० आमि ७/१
1.4.6	14006	296	samjna	नदी	नदीसंज्ञा	ङिति ह्रस्वश्च	ङिति ७/१ ह्रस्वः १/१ च ०/०
1.4.7	14007	243	samjna	घि	घिसंज्ञा	शेषो घ्यसखि	शेषः १/१ घि १/१ असखि १/१
1.4.8	14008	257	samjna	घि	घिसंज्ञा	पतिः समास एव	पतिः १/१ समासे ७/१ एव ०/०
1.4.9	14009	3389	samjna	घि	घिसंज्ञा	षष्ठीयुक्तश्छन्दसि वा	षष्ठीयुक्तः १/१ छन्दसि ७/१ वा ०/०
1.4.10	14010	31	samjna	लघु	लघुसंज्ञा	ह्रस्वं लघु	ह्रस्वम् १/१ लघु १/१
1.4.11	14011	32	samjna	गुरु	गुरुसंज्ञा	संयोगे गुरु	संयोगे ७/१ गुरु १/१
1.4.12	14012	33	samjna	गुरु	गुरुसंज्ञा	दीर्घं च	दीर्घम् १/१ च ०/०
1.4.13	14013	199	samjna	अङ्ग	अङ्गसंज्ञा	यस्मात् प्रत्ययविधिस्तदादि प्रत्ययेऽङ्गम्	यस्मात् ५/१ प्रत्ययविधिः १/१ तदादि १/१ प्रत्यये ७/१ अङ्गम् १/१
1.4.14	14014	29	samjna	पद	पदसंज्ञा	सुप्तिङन्तं पदम्	सुप्-तिङ्-अन्तम् १/१ पदम् १/१
1.4.15	14015	2659	samjna	पद	पदसंज्ञा	नः क्ये	नः १/१ क्ये ७/१
1.4.16	14016	1252	samjna	पद	पदसंज्ञा	सिति च	सिति ७/१ च ०/०
1.4.17	14017	230	samjna	पद	पदसंज्ञा	स्वादिष्वसर्वनामस्थाने	सुँ-आदिषु ७/३ असर्वनामस्थाने ७/१
1.4.18	14018	231	samjna	भ	भसंज्ञा	यचि भम्	यचि ७/१ भम् १/१
1.4.19	14019	1896	samjna	भ	भसंज्ञा	तसौ मत्वर्थे	त-सौ १/२ मत्वर्थे ७/१
1.4.20	14020	3390	samjna	भ	भसंज्ञा	अयस्मयादीनि च्छन्दसि	अयस्मय-आदीनि १/३ छन्दसि ७/१
1.4.21	14021	187	vidhi			बहुषु बहुवचनम्	बहुषु ७/३ बहुवचनम् १/१
1.4.22	14022	186	vidhi			द्व्येकयोर्द्विवचनैकवचने	द्वि-एकयोः ७/२ द्विवचन-एकवचने १/२
1.4.23	14023	534	samjna	कारक	कारकसंज्ञा	कारके	कारके ७/१
1.4.24	14024	586	samjna	कारक	कारकसंज्ञा	ध्रुवमपायेऽपादानम्	ध्रुवम् १/१ अपाये ७/१ अपादानम् १/१
1.4.25	14025	588	samjna	कारक	कारकसंज्ञा	भीत्रार्थानां भयहेतुः	भी-त्रा-अर्थानाम् ६/३ भयहेतुः १/१
1.4.26	14026	589	samjna	कारक	कारकसंज्ञा	पराजेरसोढः	पराजेः ६/१ असोढः १/१
1.4.27	14027	590	samjna	कारक	कारकसंज्ञा	वारणार्थानामीप्सितः	वारण-अर्थानाम् ६/३ ईप्सितः १/१
1.4.28	14028	591	samjna	कारक	कारकसंज्ञा	अन्तर्द्धौ येनादर्शनमिच्छति	अन्तर्द्धौ ७/१ येन ३/१ अदर्शनम् १/१ इच्छति
1.4.29	14029	592	samjna	कारक	कारकसंज्ञा	आख्यातोपयोगे	आख्याता १/१ उपयोगे ७/१
1.4.30	14030	593	samjna	कारक	कारकसंज्ञा	जनिकर्तुः प्रकृतिः	जनिकर्तुः ६/१ प्रकृतिः १/१
1.4.31	14031	594	samjna	कारक	कारकसंज्ञा	भुवः प्रभवः	भुवः ६/१ प्रभवः १/१
1.4.32	14032	569	samjna	कारक	कारकसंज्ञा	कर्मणा यमभिप्रैति स सम्प्रदानम्	कर्मणा ३/१ यम् २/१ अभिप्रैति सः १/१ सम्प्रदानम् १/१
1.4.33	14033	571	samjna	कारक	कारकसंज्ञा	रुच्यर्थानां प्रीयमाणः	रुचि-अर्थानाम् ६/३ प्रीयमाणः १/१
1.4.34	14034	572	samjna	कारक	कारकसंज्ञा	श्लाघह्नुङ्स्थाशपां ज्ञीप्स्यमानः	श्लाघ-ह्नुङ्-स्था-शपाम् ६/३ ज्ञीप्स्यमानः १/१
1.4.35	14035	573	samjna	कारक	कारकसंज्ञा	धारेरुत्तमर्णः	धारेः ६/१ उत्तमर्णः १/१
1.4.36	14036	574	samjna	कारक	कारकसंज्ञा	स्पृहेरीप्सितः	स्पृहेः ६/१ ईप्सितः १/१
1.4.37	14037	575	samjna	कारक	कारकसंज्ञा	क्रुधद्रुहेर्ष्याऽसूयार्थानां यं प्रति कोपः	क्रुध-द्रुह-ईर्ष्या-असूया-अर्थानाम् ६/३ यम् २/१ प्रति ०/० कोपः १/१
1.4.38	14038	576	samjna	कारक	कारकसंज्ञा	क्रुधद्रुहोरुपसृष्टयोः कर्म	क्रुध-द्रुहोः ६/२ उपसृष्टयोः ६/२ कर्म १/१
1.4.39	14039	577	samjna	कारक	कारकसंज्ञा	राधीक्ष्योर्यस्य विप्रश्नः	राध्-ईक्ष्योः ६/२ यस्य ६/१ विप्रश्नः १/१
1.4.40	14040	578	samjna	कारक	कारकसंज्ञा	प्रत्याङ्भ्यां श्रुवः पूर्वस्य कर्ता	प्रति-आङ्भ्याम् ५/२ श्रुवः ६/१ पूर्वस्य ६/१ कर्ता १/१
1.4.41	14041	579	samjna	कारक	कारकसंज्ञा	अनुप्रतिगृणश्च	अनु-प्रति-गृणः ६/१ च ०/०
1.4.42	14042	560	samjna	कारक	कारकसंज्ञा	साधकतमं करणम्	साधकतमम् १/१ करणम् १/१
1.4.43	14043	562	samjna	कारक	कारकसंज्ञा	दिवः कर्म च	दिवः ६/१ कर्म १/१ च ०/०
1.4.44	14044	580	samjna	कारक	कारकसंज्ञा	परिक्रयणे सम्प्रदानमन्यतरस्याम्	परिक्रयणे ७/१ सम्प्रदानम् १/१ अन्यतरस्याम् ७/१
1.4.45	14045	632	samjna	कारक	कारकसंज्ञा	आधारोऽधिकरणम्	आधारः १/१ अधिकरणम् १/१
1.4.46	14046	542	samjna	कारक	कारकसंज्ञा	अधिशीङ्स्थाऽऽसां कर्म	अधि-शीङ्-स्था-आसाम् ६/३ कर्म १/१
1.4.47	14047	543	samjna	कारक	कारकसंज्ञा	अभिनिविशश्च	अभिनि-विशः ६/१ च ०/०
1.4.48	14048	544	samjna	कारक	कारकसंज्ञा	उपान्वध्याङ्वसः	उप-अनु-अधि-आङ्-वसः ६/१
1.4.49	14049	535	samjna	कारक	कारकसंज्ञा	कर्तुरीप्सिततमं कर्म	कर्तुः ६/१ ईप्सिततमम् १/१ कर्म १/१
1.4.50	14050	538	samjna	कारक	कारकसंज्ञा	तथायुक्तं चानीप्सितम्	तथा ०/० युक्तम् १/१ च ०/० अनीप्सितम् १/१
1.4.51	14051	539	samjna	कारक	कारकसंज्ञा	अकथितं च	अकथितम् १/१ च ०/०
1.4.52	14052	540	samjna	कारक	कारकसंज्ञा	गतिबुद्धिप्रत्यवसानार्थशब्दकर्माकर्मकाणामणि कर्ता स णौ	गति-बुद्धि-प्रत्यवसानार्थ-शब्दकर्म-अकर्मकाणाम् ६/३ अ-णि कर्ता १/१ सः १/१ णौ ७/१
1.4.53	14053	541	samjna	कारक	कारकसंज्ञा	हृक्रोरन्यतरस्याम्	हृ-क्रोः ६/२ अन्यतरस्याम् ७/१
1.4.54	14054	559	samjna	कारक	कारकसंज्ञा	स्वतन्त्रः कर्ता	स्वतन्त्रः १/१ कर्ता १/१
1.4.55	14055	2575	samjna	कारक	कारकसंज्ञा	तत्प्रयोजको हेतुश्च	तत्-प्रयोजकः १/१ हेतुः १/१ च ०/०
1.4.56	14056	19	samjna	निपात	निपातसंज्ञा	प्राग्रीश्वरान्निपाताः	प्राक् ०/० रीश्वरात् ५/१ निपाताः १/३
1.4.57	14057	20	samjna	निपात	निपातसंज्ञा	चादयोऽसत्त्वे	च-आदयः १/३ असत्त्वे ७/१
1.4.58	14058	21	samjna	निपात	निपातसंज्ञा	प्रादयः	प्र-आदयः १/३
1.4.59	14059	22	samjna	निपात	निपातसंज्ञा	उपसर्गाः क्रियायोगे	उपसर्गाः १/३ क्रियायोगे ७/१
1.4.60	14060	23	samjna	निपात	निपातसंज्ञा	गतिश्च	गतिः १/१ च ०/०
1.4.61	14061	762	samjna	निपात	निपातसंज्ञा	ऊर्यादिच्विडाचश्च	ऊरी-आदि-च्वि-डाचः १/३ च ०/०
1.4.62	14062	763	samjna	निपात	निपातसंज्ञा	अनुकरणं चानितिपरम्	अनुकरणम् १/१ च ०/० अनितिपरम् १/१
1.4.63	14063	764	samjna	निपात	निपातसंज्ञा	आदरानादरयोः सदसती	आदर-अनादरयोः ७/२ सत्-असती १/२
1.4.64	14064	765	samjna	निपात	निपातसंज्ञा	भूषणेऽलम्	भूषणे ७/१ अलम् ०/०
1.4.65	14065	766	samjna	निपात	निपातसंज्ञा	अन्तरपरिग्रहे	अन्तः ०/० अपरिग्रहे ७/१
1.4.66	14066	767	samjna	निपात	निपातसंज्ञा	कणेमनसी श्रद्धाप्रतीघाते	कणे-मनसी १/२ श्रद्धाप्रतीघाते ७/१
1.4.67	14067	768	samjna	निपात	निपातसंज्ञा	पुरोऽव्ययम्	पुरः ०/० अव्ययम् १/१
1.4.68	14068	769	samjna	निपात	निपातसंज्ञा	अस्तं च	अस्तम् ०/० च ०/०
1.4.69	14069	770	samjna	निपात	निपातसंज्ञा	अच्छ गत्यर्थवदेषु	अच्छ ०/० गति-अर्थ-वदेषु ७/३
1.4.70	14070	771	samjna	निपात	निपातसंज्ञा	अदोऽनुपदेशे	अदः १/१ अनुपदेशे ७/१
1.4.71	14071	772	samjna	निपात	निपातसंज्ञा	तिरोऽन्तर्द्धौ	तिरः ०/० अन्तर्द्धौ ७/१
1.4.72	14072	773	samjna	निपात	निपातसंज्ञा	विभाषा कृञि	विभाषा १/१ कृञि ७/१
1.4.73	14073	774	samjna	निपात	निपातसंज्ञा	उपाजेऽन्वाजे	उपाजे ०/० अन्वाजे ०/०
1.4.74	14074	775	samjna	निपात	निपातसंज्ञा	साक्षात्प्रभृतीनि च	साक्षात्-प्रभृतीनि १/३ च ०/०
1.4.75	14075	776	samjna	निपात	निपातसंज्ञा	अनत्याधान उरसिमनसी	अनत्याधाने ७/१ उरसि-मनसी १/२
1.4.76	14076	777	samjna	निपात	निपातसंज्ञा	मध्ये पदे निवचने च	मध्ये पदे निवचने च ०/०
1.4.77	14077	778	samjna	निपात	निपातसंज्ञा	नित्यं हस्ते पाणावुपयमने	नित्यम् १/१ हस्ते ०/० पाणौ ०/० उपयमने ७/१
1.4.78	14078	779	samjna	निपात	निपातसंज्ञा	प्राध्वं बन्धने	प्राध्वम् ०/० बन्धने ७/१
1.4.79	14079	780	samjna	निपात	निपातसंज्ञा	जीविकोपनिषदावौपम्ये	जीविका-उपनिषदौ १/२ औपम्ये ७/१
1.4.80	14080	2230	samjna	निपात	निपातसंज्ञा	ते प्राग्धातोः	ते १/३ प्राग् ०/० धातोः ५/१
1.4.81	14081	3391	samjna	निपात	निपातसंज्ञा	छन्दसि परेऽपि	छन्दसि ७/१ परे १/३ अपि ०/०
1.4.82	14082	3392	samjna	निपात	निपातसंज्ञा	व्यवहिताश्च	व्यवहिताः १/३ च ०/०
1.4.83	14083	546	samjna	निपात	निपातसंज्ञा	कर्मप्रवचनीयाः	कर्मप्रवचनीयाः १/३
1.4.84	14084	547	samjna	निपात	निपातसंज्ञा	अनुर्लक्षणे	अनुः १/१ लक्षणे ७/१
1.4.85	14085	549	samjna	निपात	निपातसंज्ञा	तृतीयार्थे	तृतीयार्थे ७/१
1.4.86	14086	550	samjna	निपात	निपातसंज्ञा	हीने	हीने ७/१
1.4.87	14087	551	samjna	निपात	निपातसंज्ञा	उपोऽधिके च	उपः १/१ अधिके ७/१ च ०/०
1.4.88	14088	596	samjna	निपात	निपातसंज्ञा	अपपरी वर्जने	अपपरी १/२ वर्जने ७/१
1.4.89	14089	597	samjna	निपात	निपातसंज्ञा	आङ् मर्यादावचने	आङ् १/१ मर्यादावचने ७/१
1.4.90	14090	552	samjna	निपात	निपातसंज्ञा	लक्षणेत्थम्भूताख्यानभागवीप्सासु प्रतिपर्यनवः	लक्षण-इत्थम्भूताख्यान-भाग-वीप्सासु ७/३ प्रति-परि-अनवः १/३
1.4.91	14091	553	samjna	निपात	निपातसंज्ञा	अभिरभागे	अभिः १/१ अभागे ७/१
1.4.92	14092	599	samjna	निपात	निपातसंज्ञा	प्रतिः प्रतिनिधिप्रतिदानयोः	प्रतिः १/१ प्रतिनिधि-प्रतिदानयोः ७/२
1.4.93	14093	554	samjna	निपात	निपातसंज्ञा	अधिपरी अनर्थकौ	अधि-परी १/२ अनर्थकौ १/२
1.4.94	14094	555	samjna	निपात	निपातसंज्ञा	सुः पूजायाम्	सुः १/१ पूजायाम् ७/१
1.4.95	14095	556	samjna	निपात	निपातसंज्ञा	अतिरतिक्रमणे च	अतिः १/१ अतिक्रमणे ७/१ च ०/०
1.4.96	14096	557	samjna	निपात	निपातसंज्ञा	अपिः पदार्थसम्भावनान्ववसर्गगर्हासमुच्चयेषु	अपिः १/१ पदार्थ-सम्भावना-अन्ववसर्ग-गर्हा-समुच्चयेषु ७/३
1.4.97	14097	644	samjna	निपात	निपातसंज्ञा	अधिरीश्वरे	अधिः १/१ ईश्वरे ७/१
1.4.98	14098	646	samjna	निपात	निपातसंज्ञा	विभाषा कृञि	विभाषा १/१ कृञि ७/१
1.4.99	14099	2155	samjna	परस्मैपद	परस्मैपदसंज्ञा	लः परस्मैपदम्	लः ६/१ परस्मैपदम् १/१
1.4.100	14100	2156	samjna	आत्मनेपद	आत्मनेपदसंज्ञा	तङानावात्मनेपदम्	तङानौ १/२ आत्मनेपदम् १/१
1.4.101	14101	2160	samjna	उत्तम	उत्तमसंज्ञा	तिङस्त्रीणि त्रीणि प्रथममध्यमोत्तमाः	तिङः ६/१ त्रीणि १/३ त्रीणि १/३ प्रथम-मध्यम-उत्तमाः १/३
1.4.102	14102	2161	samjna	एकवचन	एकवचनसंज्ञा	तान्येकवचनद्विवचनबहुवचनान्येकशः	तानि १/३ एकवचन-द्विवचन-बहुवचनानि १/३ एकशः ०/०
1.4.103	14103	185	samjna	एकवचन	एकवचनसंज्ञा	सुपः	सुपः ६/१
1.4.104	14104	184	samjna	विभक्ति	विभक्तिसंज्ञा	विभक्तिश्च	विभक्तिः १/१ च ०/०
1.4.105	14105	2162	vidhi			युष्मद्युपपदे समानाधिकरणे स्थानिन्यपि मध्यमः	युष्मदि ७/१ उपपदे ७/१ समान-अधिकरणे ७/१ स्थानिनि ७/१ अपि ०/० मध्यमः १/१
1.4.106	14106	2163	vidhi			प्रहासे च मन्योपपदे मन्यतेरुत्तम एकवच्च	प्रहासे ७/१ च ०/० मन्य-उपपदे ७/१ मन्यतेः ५/१ उत्तम १/१ एकवत् ०/० च ०/०
1.4.107	14107	2164	vidhi			अस्मद्युत्तमः	अस्मदि ७/१ उत्तमः १/१
1.4.108	14108	2165	vidhi			शेषे प्रथमः	शेषे ७/१ प्रथमः १/१
1.4.109	14109	28	samjna	संहिता	संहितासंज्ञा	परः सन्निकर्षः संहिता	परः १/१ सन्निकर्षः १/१ संहिता १/१
1.4.110	14110	27	samjna	अवसान	अवसानसंज्ञा	विरामोऽवसानम्	विरामः १/१ अवसानम् १/१
2.1.1	21001	647	paribhasha		पदविधौ सामर्थ्यनिरूपणपरिभाषा	समर्थः पदविधिः	समर्थः १/१ पदविधिः १/१
2.1.2	21002	3656	atidesha		स्वरविधाने पराङ्गतादात्म्यातिदेशः	सुबामन्त्रिते पराङ्गवत् स्वरे	सुप् १/१ आमन्त्रिते ७/१ पर-अङ्गवत् ०/० स्वरे ७/१
2.1.3	21003	648	samjna	समास	समाससंज्ञा	प्राक् कडारात् समासः	प्राक् ०/० कडारात् ५/१ समासः १/१
2.1.4	21004	649	adhikara		सुप्सुपाधिकारः	सह सुपा	सह ०/० सुपा ३/१
2.1.5	21005	651	samjna	अव्ययीभाव	अव्ययीभावसंज्ञा	अव्ययीभावः	अव्ययीभावः १/१
2.1.6	21006	652	vidhi			अव्ययं विभक्तिसमीपसमृद्धिव्यृद्ध्यर्थाभावात्ययासम्प्रतिशब्दप्रादुर्भावपश्चाद्यथानुपूर्व्ययौगपद्यसादृश्यसम्पत्तिसाकल्यान्तवचनेषु	अव्ययम् १/१ विभक्ति-समीप-समृद्धि-व्यृद्धि-अर्थाभाव-अत्यय-असम्प्रति-शब्दप्रादुर्भाव-पश्चात्-यथा-आनुपूर्व्य-यौगपद्य-सादृश्य-सम्पत्ति-साकल्य-अन्तवचनेषु ७/३
2.1.7	21007	661	vidhi			यथासादृश्ये	यथा ०/० असादृश्ये ७/१
2.1.8	21008	662	vidhi			यावदवधारणे	यावत् ०/० अवधारणे ७/१
2.1.9	21009	663	vidhi			सुप्प्रतिना मात्रार्थे	सुप् १/१ प्रतिना ३/१ मात्रा-अर्थे ७/१
2.1.10	21010	664	vidhi			अक्षशलाकासंख्याः परिणा	अक्ष-शलाका-संख्याः १/३ परिणा ३/१
2.1.11	21011	665	adhikara		विभाषाधिकारः	विभाषा	विभाषा १/१
2.1.12	21012	666	vidhi			अपपरिबहिरञ्चवः पञ्चम्या	अप-परि-बहिः-अञ्चवः १/३ पञ्चम्या ३/१
2.1.13	21013	667	vidhi			आङ् मर्यादाभिविध्योः	आङ् ०/० मर्यादा-अभिविध्योः ७/२
2.1.14	21014	668	vidhi			लक्षणेनाभिप्रती आभिमुख्ये	लक्षणेन ३/१ अभि-प्रती १/२ आभिमुख्ये ७/१
2.1.15	21015	669	vidhi			अनुर्यत्समया	अनुः १/१ यत्समया ०/०
2.1.16	21016	670	vidhi			यस्य चायामः	यस्य ६/१ च ०/० आयामः १/१
2.1.17	21017	671	vidhi			तिष्ठद्गुप्रभृतीनि च	तिष्ठद्गु-प्रभृतीनि १/३ च ०/०
2.1.18	21018	672	vidhi			पारे मध्ये षष्ठ्या वा	पारे १/१ मध्ये १/१ षष्ठ्या ३/१ वा ०/०
2.1.19	21019	673	vidhi			संख्या वंश्येन	संख्या १/१ वंश्येन ३/१
2.1.20	21020	674	vidhi			नदीभिश्च	नदीभिः ३/३ च ०/०
2.1.21	21021	675	vidhi			अन्यपदार्थे च संज्ञायाम्	अन्य-पदार्थे ७/१ च ०/० संज्ञायाम् ७/१
2.1.22	21022	684	samjna	तत्पुरुष	तत्पुरुषसंज्ञा	तत्पुरुषः	तत्पुरुषः १/१
2.1.23	21023	685	samjna	द्विगु	द्विगुसंज्ञा	द्विगुश्च	द्विगुः १/१ च ०/०
2.1.24	21024	686	vidhi			द्वितीया श्रितातीतपतितगतात्यस्तप्राप्तापन्नैः	द्वितीया १/१ श्रित-अतीत-पतित-गत-अत्यस्त-प्राप्त-आपन्नैः ३/३
2.1.25	21025	687	vidhi			स्वयं क्तेन	स्वयम् ०/० क्तेन ३/१
2.1.26	21026	688	vidhi			खट्वा क्षेपे	खट्वा १/१ क्षेपे ७/१
2.1.27	21027	689	vidhi			सामि	सामि ०/०
2.1.28	21028	690	vidhi			कालाः	कालाः १/३
2.1.29	21029	691	vidhi			अत्यन्तसंयोगे च	अत्यन्तसंयोगे ७/१ च ०/०
2.1.30	21030	692	vidhi			तृतीया तत्कृतार्थेन गुणवचनेन	तृतीया १/१ तत्कृत-अर्थेन ३/१ गुण-वचनेन ३/१
2.1.31	21031	693	vidhi			पूर्वसदृशसमोनार्थकलहनिपुणमिश्रश्लक्ष्णैः	पूर्व-सदृश-सम-ऊनार्थ-कलह-निपुण-मिश्र-श्लक्ष्णैः ३/३
2.1.32	21032	694	vidhi			कर्तृकरणे कृता बहुलम्	कर्तृ-करणे ७/१ कृता ३/१ बहुलम् १/१
2.1.33	21033	695	vidhi			कृत्यैरधिकार्थवचने	कृत्यैः ३/३ अधिक-अर्थ-वचने ७/१
2.1.34	21034	696	vidhi			अन्नेन व्यञ्जनम्	अन्नेन ३/१ व्यञ्जनम् १/१
2.1.35	21035	697	vidhi			भक्ष्येण मिश्रीकरणम्	भक्ष्येण ३/१ मिश्रीकरणम् १/१
2.1.36	21036	698	vidhi			चतुर्थी तदर्थार्थबलिहितसुखरक्षितैः	चतुर्थी १/१ तदर्थ-अर्थ-बलि-हित-सुख-रक्षितैः ३/३
2.1.37	21037	699	vidhi			पञ्चमी भयेन	पञ्चमी १/१ भयेन ३/१
2.1.38	21038	700	vidhi			अपेतापोढमुक्तपतितापत्रस्तैरल्पशः	अपेत-अपोढ-मुक्त-पतित-अपत्रस्तैः ३/३ अल्पशः ०/०
2.1.39	21039	701	vidhi			स्तोकान्तिकदूरार्थकृच्छ्राणि क्तेन	स्तोक-अन्तिक-दूरार्थ-कृच्छ्राणि १/३ क्तेन ३/१
2.1.40	21040	717	vidhi			सप्तमी शौण्डैः	सप्तमी १/१ शौण्डैः ३/३
2.1.41	21041	718	vidhi			सिद्धशुष्कपक्वबन्धैश्च	सिद्ध-शुष्क-पक्व-बन्धैः ३/३ च ०/०
2.1.42	21042	719	vidhi			ध्वाङ्क्षेण क्षेपे	ध्वाङ्क्षेण ३/१ क्षेपे ७/१
2.1.43	21043	720	vidhi			कृत्यैर्ऋणे	कृत्यैः ३/३ ऋणे ७/१
2.1.44	21044	721	vidhi			संज्ञायाम्	संज्ञायाम् ७/१
2.1.45	21045	722	vidhi			क्तेनाहोरात्रावयवाः	क्तेन ३/१ अहोरात्र-अवयवाः १/३
2.1.46	21046	723	vidhi			तत्र	तत्र ०/०
2.1.47	21047	724	vidhi			क्षेपे	क्षेपे ७/१
2.1.48	21048	725	vidhi			पात्रेसमितादयश्च	पात्रेसमित-आदयः १/३ च ०/०
2.1.49	21049	726	vidhi			पूर्वकालैकसर्वजरत्पुराणनवकेवलाः समानाधिकरणेन	पूर्वकाल-एक-सर्व-जरत्-पुराण-नव-केवलाः १/३ समान-अधिकरणेन ३/१
2.1.50	21050	727	vidhi			दिक्संख्ये संज्ञायाम्	दिक्-संख्ये १/२ संज्ञायाम् ७/१
2.1.51	21051	728	vidhi			तद्धितार्थोत्तरपदसमाहारे च	तद्धितार्थ-उत्तरपद-समाहारे ७/१ च ०/०
2.1.52	21052	730	vidhi			संख्यापूर्वो द्विगुः	संख्या-पूर्वः १/१ द्विगुः १/१
2.1.53	21053	732	vidhi			कुत्सितानि कुत्सनैः	कुत्सितानि १/३ कुत्सनैः ३/३
2.1.54	21054	733	vidhi			पापाणके कुत्सितैः	पापाणके १/२ कुत्सितैः ३/३
2.1.55	21055	734	vidhi			उपमानानि सामान्यवचनैः	उपमानानि १/३ सामान्य-वचनैः ३/३
2.1.56	21056	735	vidhi			उपमितं व्याघ्रादिभिः सामान्याप्रयोगे	उपमितम् १/१ व्याघ्र-आदिभिः ३/३ सामान्य-अप्रयोगे ७/१
2.1.57	21057	736	vidhi			विशेषणं विशेष्येण बहुलम्	विशेषणम् १/१ विशेष्येण ३/१ बहुलम् १/१
2.1.58	21058	737	vidhi			पूर्वापरप्रथमचरमजघन्यसमानमध्यमध्यमवीराश्च	पूर्व-अपर-प्रथम-चरम-जघन्य-समान-मध्य-मध्यम-वीराः १/३ च ०/०
2.1.59	21059	738	vidhi			श्रेण्यादयः कृतादिभिः	श्रेणि-आदयः १/३ कृत-आदिभिः ३/३
2.1.60	21060	739	vidhi			क्तेन नञ्विशिष्टेनानञ्	क्तेन ३/१ नञ्-विशिष्टेन ३/१ अनञ् १/१
2.1.61	21061	740	vidhi			सन्महत्परमोत्तमोत्कृष्टाः पूज्यमानैः	सत्-महत्-परम-उत्तम-उत्कृष्टाः १/३ पूज्यमानैः ३/१
2.1.62	21062	741	vidhi			वृन्दारकनागकुञ्जरैः पूज्यमानम्	वृन्दारक-नाग-कुञ्जरैः ३/३ पूज्यमानम् १/१
2.1.63	21063	742	vidhi			कतरकतमौ जातिपरिप्रश्ने	कतर-कतमौ १/२ जाति-परिप्रश्ने ७/१
2.1.64	21064	743	vidhi			किं क्षेपे	किम् १/१ क्षेपे ७/१
2.1.65	21065	744	vidhi			पोटायुवतिस्तोककतिपयगृष्टिधेनुवशावेहत्बष्कयणीप्रवक्तृश्रोत्रियाध्यापकधूर्तैर्जातिः	पोटा-युवति-स्तोक-कतिपय-गृष्टि-धेनु-वशा-वेहत्-बष्कयणी-प्रवक्तृ-श्रोत्रिय-अध्यापक-धूर्तैः ३/३ जातिः १/१
2.1.66	21066	747	vidhi			प्रशंसावचनैश्च	प्रशंसा-वचनैः ३/३ च ०/०
2.1.67	21067	748	vidhi			युवा खलतिपलितवलिनजरतीभिः	युवा १/१ खलति-पलित-वलिन-जरतीभिः ३/३
2.1.68	21068	749	vidhi			कृत्यतुल्याख्या अजात्या	कृत्य-तुल्य-आख्याः १/३ अजात्या ३/१
2.1.69	21069	750	vidhi			वर्णो वर्णेन	वर्णः १/१ वर्णेन ३/१
2.1.70	21070	752	vidhi			कुमारः श्रमणादिभिः	कुमारः १/१ श्रमण-आदिभिः ३/३
2.1.71	21071	753	vidhi			चतुष्पादो गर्भिण्या	चतुष्पादः १/३ गर्भिण्या ३/१
2.1.72	21072	754	vidhi			मयूरव्यंसकादयश्च	मयूरव्यंसक-आदयः १/३ च ०/०
2.2.1	22001	712	vidhi			पूर्वापराधरोत्तरमेकदेशिनैकाधिकरणे	पूर्व-अपर-अधर-उत्तरम् १/१ एकदेशिना ३/१ एकाधिकरणे ७/१
2.2.2	22002	713	vidhi			अर्धं नपुंसकम्	अर्धम् १/१ नपुंसकम् १/१
2.2.3	22003	714	vidhi			द्वितीयतृतीयचतुर्थतुर्याण्यन्यतरस्याम्	द्वितीय-तृतीय-चतुर्थ-तुर्याणि १/३ अन्यतरस्याम् ७/१
2.2.4	22004	715	vidhi			प्राप्तापन्ने च द्वितीयया	प्राप्त-आपन्ने १/२ च ०/० द्वितीयया ३/१
2.2.5	22005	716	vidhi			कालाः परिमाणिना	कालाः १/३ परिमाणिना ३/१
2.2.6	22006	756	vidhi			नञ्	नञ् ०/०
2.2.7	22007	755	vidhi			ईषदकृता	ईषत् ०/० अकृता ३/१
2.2.8	22008	702	vidhi			षष्ठी	षष्ठी १/१
2.2.9	22009	703	vidhi			याजकादिभिश्च	याजक-आदिभिः ३/३ च ०/०
2.2.10	22010	704	vidhi			न निर्धारणे	न ०/० निर्धारणे ७/१
2.2.11	22011	705	vidhi			पूरणगुणसुहितार्थसदव्ययतव्यसमानाधिकरणेन	पूरण-गुण-सुहितार्थ-सदव्यय-तव्य-समानाधिकरणेन ३/१
2.2.12	22012	706	vidhi			क्तेन च पूजायाम्	क्तेन ३/१ च ०/० पूजायाम् ७/१
2.2.13	22013	707	vidhi			अधिकरणवाचिना च	अधिकरण-वाचिना ३/१ च ०/०
2.2.14	22014	708	vidhi			कर्मणि च	कर्मणि ७/१ च ०/०
2.2.15	22015	709	vidhi			तृजकाभ्यां कर्तरि	तृच्-अकाभ्याम् ३/२ कर्तरि ७/१
2.2.16	22016	710	vidhi			कर्तरि  च	कर्तरि ७/१ च ०/०
2.2.17	22017	711	vidhi			नित्यं क्रीडाजीविकयोः	नित्यम् १/१ क्रीडा-जीविकयोः ७/२
2.2.18	22018	761	vidhi			कुगतिप्रादयः	कु-गति-प्र-आदयः १/३
2.2.19	22019	782	vidhi			उपपदमतिङ्	उपपदम् १/१ अतिङ् १/१
2.2.20	22020	783	vidhi			अमैवाव्ययेन	अमा ३/१ एव ०/० अव्ययेन ३/१
2.2.21	22021	784	vidhi			तृतीयाप्रभृतीन्यन्यतरस्याम्	तृतीया-प्रभृतीनि १/३ अन्यतरस्याम् ७/१
2.2.22	22022	785	vidhi			क्त्वा च	क्त्वा ३/१ च ०/०
2.2.23	22023	829	samjna	बहुव्रीहि	बहुव्रीहिसंज्ञा	शेषो बहुव्रीहिः	शेषः १/१ बहुव्रीहिः १/१
2.2.24	22024	830	vidhi			अनेकमन्यपदार्थे	अनेकम् १/१ अन्यपदार्थे ७/१
2.2.25	22025	843	vidhi			संख्ययाऽव्ययासन्नादूराधिकसंख्याः संख्येये	संख्यया ३/१ अव्यय-आसन्न-अदूर-अधिक-संख्याः १/३ संख्येये ७/१
2.2.26	22026	845	vidhi			दिङ्नामान्यन्तराले	दिङ्-नामानि १/३ अन्तराले ७/१
2.2.27	22027	846	vidhi			तत्र तेनेदमिति सरूपे	तत्र ०/० तेन् ३/१ इदम् १/१ इति ०/० सरूपे १/२
2.2.28	22028	848	vidhi			तेन सहेति तुल्ययोगे	तेन ३/१ सह ०/० इति ०/० तुल्ययोगे ७/१
2.2.29	22029	901	samjna	द्वन्द्व	द्वन्द्वसंज्ञा	चार्थे द्वन्द्वः	च-अर्थे ७/१ द्वन्द्वः १/१
2.2.30	22030	654	vidhi			उपसर्जनं पूर्वम्	उपसर्जनम् १/१ पूर्वम् १/१
2.2.31	22031	902	vidhi			राजदन्तादिषु परम्	राजदन्त-आदिषु ७/३ परम् १/१
2.2.32	22032	903	vidhi			द्वन्द्वे घि	द्वन्द्वे ७/१ घि १/१
2.2.33	22033	904	vidhi			अजाद्यदन्तम्	अच्-आदि-अत्-अन्तम् १/१
2.2.34	22034	905	vidhi			अल्पाच्तरम्	अल्प-अच्-तरम् १/१
2.2.35	22035	898	vidhi			सप्तमीविशेषणे बहुव्रीहौ	सप्तमी-विशेषणे १/२ बहुव्रीहौ ७/१
2.2.36	22036	899	vidhi			निष्ठा	निष्ठा १/१
2.2.37	22037	900	vidhi			वाहिताग्न्यादिषु	वा ०/० आहिताग्नि-आदिषु ७/३
2.2.38	22038	751	vidhi			कडाराः कर्मधारये	कडाराः १/३ कर्मधारये ७/१
2.3.1	23001	536	adhikara		अनभिहिताधिकारः	अनभिहिते	अनभिहिते ७/१
2.3.2	23002	537	vidhi			कर्मणि द्वितीया	कर्मणि ७/१ द्वितीया १/१
2.3.3	23003	3394	vidhi			तृतीया च होश्छन्दसि	तृतीया १/१ च ०/० होः ६/१ छन्दसि ७/१
2.3.4	23004	545	vidhi			अन्तराऽन्तरेण युक्ते	अन्तरा-अन्तरेण ०/० युक्ते ७/१
2.3.5	23005	558	vidhi			कालाध्वनोरत्यन्तसंयोगे	काल-अध्वनोः ६/२ अत्यन्त-संयोगे ७/१
2.3.6	23006	563	vidhi			अपवर्गे तृतीया	अपवर्गे ७/१ तृतीया १/१
2.3.7	23007	643	vidhi			सप्तमीपञ्चम्यौ कारकमध्ये	सप्तमी-पञ्चम्यौ १/२ कारक-मध्ये ७/१
2.3.8	23008	548	vidhi			कर्मप्रवचनीययुक्ते द्वितीया	कर्मप्रवचनीय-युक्ते ७/१ द्वितीया १/१
2.3.9	23009	645	vidhi			यस्मादधिकं यस्य चेश्वरवचनं तत्र सप्तमी	यस्मात् ५/१ अधिकम् १/१ यस्य ६/१ च ०/० ईश्वरवचनम् १/१ तत्र ०/० सप्तमी १/१
2.3.10	23010	598	vidhi			पञ्चम्यपाङ्परिभिः	पञ्चमी १/१ अप-आङ्-परिभिः ३/३
2.3.11	23011	600	vidhi			प्रतिनिधिप्रतिदाने च यस्मात्	प्रतिनिधि-प्रतिदाने १/२ च ०/० यस्मात् ५/१
2.3.12	23012	585	vidhi			गत्यर्थकर्मणि द्वितीयाचतुर्थ्यौ चेष्टायामनध्वनि	गति-अर्थ-कर्मणि ७/१ द्वितीया-चतुर्थ्यौ १/२ चेष्टायाम् ७/१ अनध्वनि ७/१
2.3.13	23013	570	vidhi			चतुर्थी सम्प्रदाने	चतुर्थी १/१ सम्प्रदाने ७/१
2.3.14	23014	581	vidhi			क्रियार्थोपपदस्य च कर्मणि स्थानिनः	क्रिया-अर्थ-उपपदस्य ६/१ च ०/० कर्मणि ७/१ स्थानिनः ६/१
2.3.15	23015	582	vidhi			तुमर्थाच्च भाववचनात्	तुम्-अर्थात् ५/१ च ०/० भाववचनात् ५/१
2.3.16	23016	583	vidhi			नमःस्वस्तिस्वाहास्वधालम्वषड्योगाच्च	नमः-स्वस्ति-स्वाहा-स्वधा-अलम्-वषट्-योगात् ५/१ च ०/०
2.3.17	23017	584	vidhi			मन्यकर्मण्यनादरे विभाषाऽप्राणिषु	मन्यकर्मणि ७/१ अनादरे ७/१ विभाषा १/१ अप्राणिषु ७/३
2.3.18	23018	561	vidhi			कर्तृकरणयोस्तृतीया	कर्तृ-करणयोः ७/२ तृतीया १/१
2.3.19	23019	564	vidhi			सहयुक्तेऽप्रधाने	सहयुक्ते ७/१ अप्रधाने ७/१
2.3.20	23020	565	vidhi			येनाङ्गविकारः	येन ३/१ अङ्ग-विकारः १/१
2.3.21	23021	566	vidhi			इत्थंभूतलक्षणे	इत्थंभूत-लक्षणे ७/१
2.3.22	23022	567	vidhi			संज्ञोऽन्यतरस्यां कर्मणि	संज्ञः ६/१ अन्यतरस्याम् ७/१ कर्मणि ७/१
2.3.23	23023	568	vidhi			हेतौ	हेतौ ७/१
2.3.24	23024	601	vidhi			अकर्तर्यृणे पञ्चमी	अकर्तरि ७/१ ऋणे ७/१ पञ्चमी १/१
2.3.25	23025	602	vidhi			विभाषा गुणेऽस्त्रियाम्	विभाषा १/१ गुणे ७/१ अस्त्रियाम् ७/१
2.3.26	23026	607	vidhi			षष्ठी हेतुप्रयोगे	षष्ठी १/१ हेतु-प्रयोगे ७/१
2.3.27	23027	608	vidhi			सर्वनाम्नस्तृतीया च	सर्वनाम्नः ६/१ तृतीया १/१ च ०/०
2.3.28	23028	587	vidhi			अपादाने पञ्चमी	अपादाने ७/१ पञ्चमी १/१
2.3.29	23029	595	vidhi			अन्यारादितरर्तेदिक्छब्दाञ्चूत्तरपदाजाहियुक्ते	अन्य-आरात्-इतर-ऋते-दिक्-शब्द-अञ्चु-उत्तरपद-आच्-आहियुक्ते ७/१
2.3.30	23030	609	vidhi			षष्ठ्यतसर्थप्रत्ययेन	षष्ठी १/१ अतसर्थ-प्रत्ययेन ३/१
2.3.31	23031	610	vidhi			एनपा द्वितीया	एनपा ३/१ द्वितीया १/१
2.3.32	23032	603	vidhi			पृथग्विनानानाभिस्तृतीयाऽन्यतरस्याम्	पृथक्-विना-नानाभिः ३/३ तृतीया १/१ अन्यतरस्याम् ७/१
2.3.33	23033	604	vidhi			करणे च स्तोकाल्पकृच्छ्रकतिपयस्यासत्त्ववचनस्य	करणे ७/१ च ०/० स्तोक-अल्प-कृच्छ्र-कतिपयस्य ६/१ असत्त्व-वचनस्य ६/१
2.3.34	23034	611	vidhi			दूरान्तिकार्थैः षष्ठ्यन्यतरस्याम्	दूरा-अन्तिक-अर्थैः ३/३ षष्ठी १/१ अन्यतरस्याम् ७/१
2.3.35	23035	605	vidhi			दूरान्तिकार्थेभ्यो द्वितीया च	दूर-अन्तिक-अर्थेभ्यः ५/३ द्वितीया १/१ च ०/०
2.3.36	23036	633	vidhi			सप्तम्यधिकरणे च	सप्तमी १/१ अधिकरणे ७/१ च ०/०
2.3.37	23037	634	vidhi			यस्य च भावेन भावलक्षणम्	यस्य ६/१ च ०/० भावेन ३/१ भाव-लक्षणम् १/१
2.3.38	23038	635	vidhi			षष्ठी चानादरे	षष्ठी १/१ च ०/० अनादरे ७/१
2.3.39	23039	636	vidhi			स्वामीश्वराधिपतिदायादसाक्षिप्रतिभूप्रसूतैश्च	स्वामिन्-ईश्वर-अधिपति-दायाद-साक्षिन्-प्रतिभू-प्रसूतैः ३/३ च ०/०
2.3.40	23040	637	vidhi			आयुक्तकुशलाभ्यां चासेवायाम्	आयुक्त-कुशलाभ्याम् ३/२ च ०/० आसेवायाम् ७/१
2.3.41	23041	638	vidhi			यतश्च निर्धारणम्	यतः ०/० च ०/० निर्धारणम् १/१
2.3.42	23042	639	vidhi			पञ्चमी विभक्ते	पञ्चमी १/१ विभक्ते ७/१
2.3.43	23043	640	vidhi			साधुनिपुणाभ्यामर्चायां सप्तम्यप्रतेः	साधु-निपुणाभ्याम् ३/२ अर्चायाम् ७/१ सप्तमी १/१ अप्रतेः ६/१
2.3.44	23044	641	vidhi			प्रसितोत्सुकाभ्यां तृतीया च	प्रसित-उत्सुकाभ्याम् ३/२ तृतीया १/१ च ०/०
2.3.45	23045	642	vidhi			नक्षत्रे च लुपि	नक्षत्रे ७/१ च ०/० लुपि ७/१
2.3.46	23046	532	vidhi			प्रातिपदिकार्थलिङ्गपरिमाणवचनमात्रे प्रथमा	प्रातिपदिकार्थ-लिङ्ग-परिमाण-वचनमात्रे ७/१ प्रथमा १/१
2.3.47	23047	533	vidhi			सम्बोधने च	सम्बोधने ७/१ च ०/०
2.3.48	23048	411	samjna	आमन्त्रित	आमन्त्रितसंज्ञा	सामन्त्रितम्	सा १/१ आमन्त्रितम् १/१
2.3.49	23049	192	samjna	सम्बुद्धि	सम्बुद्धिसंज्ञा	एकवचनं संबुद्धिः	एकवचनम् १/१ सम्बुद्धिः १/१
2.3.50	23050	606	vidhi			षष्ठी शेषे	षष्ठी १/१ शेषे ७/१
2.3.51	23051	612	vidhi			ज्ञोऽविदर्थस्य करणे	ज्ञः ६/१ अविदर्थस्य ६/१ करणे ७/१
2.3.52	23052	613	vidhi			अधीगर्थदयेशां कर्मणि	अधि-इक्-अर्थ-दय-ईशाम् ६/३ कर्मणि ७/१
2.3.53	23053	614	vidhi			कृञः प्रतियत्ने	कृञः ६/१ प्रतियत्ने ७/१
2.3.54	23054	615	vidhi			रुजार्थानां भाववचनानामज्वरेः	रुज-अर्थानाम् ६/३ भाव-वचनानाम् ६/३ अज्वरेः ६/१
2.3.55	23055	616	vidhi			आशिषि नाथः	आशिषि ७/१ नाथः ६/१
2.3.56	23056	617	vidhi			जासिनिप्रहणनाटक्राथपिषां हिंसायाम्	जासि-निप्रहण-नाट-क्राथ-पिषाम् ६/३ हिंसायाम् ७/१
2.3.57	23057	618	vidhi			व्यवहृपणोः समर्थयोः	व्यवहृ-पणोः ६/२ समर्थयोः ६/२
2.3.58	23058	619	vidhi			दिवस्तदर्थस्य	दिवः ६/१ तदर्थस्य ६/१
2.3.59	23059	620	vidhi			विभाषोपसर्गे	विभाषा १/१ उपसर्गे ७/१
2.3.60	23060	3395	vidhi			द्वितीया ब्राह्मणे	द्वितीया १/१ ब्राह्मणे ७/१
2.3.61	23061	621	vidhi			प्रेष्यब्रुवोर्हविषो देवतासम्प्रदाने	प्रेष्य-ब्रुवोः ६/२ हविषः ६/१ देवता-सम्प्रदाने ७/१
2.3.62	23062	3396	vidhi			चतुर्थ्यर्थे बहुलं छन्दसि	चतुर्थी-अर्थे ७/१ बहुलम् १/१ छन्दसि ७/१
2.3.63	23063	3397	vidhi			यजेश्च करणे	यजेः ६/१ च ०/० करणे ७/१
2.3.64	23064	622	vidhi			कृत्वोऽर्थप्रयोगे कालेऽधिकरणे	कृत्वोऽर्थ-प्रयोगे ७/१ काले ७/१ अधिकरणे ७/१
2.3.65	23065	623	vidhi			कर्तृकर्मणोः कृति	कर्तृ-कर्मणोः ७/२ कृति ७/१
2.3.66	23066	624	vidhi			उभयप्राप्तौ कर्मणि	उभयप्राप्तौ ७/१ कर्मणि ७/१
2.3.67	23067	625	vidhi			क्तस्य च वर्तमाने	क्तस्य ६/१ च ०/० वर्त्तमाने ७/१
2.3.68	23068	626	vidhi			अधिकरणवाचिनश्च	अधिकरण-वाचिनः ६/१ च ०/०
2.3.69	23069	627	vidhi			न लोकाव्ययनिष्ठाखलर्थतृनाम्	न ०/० ल-उ-उक-अव्यय-निष्ठा-खलर्थ-तृनाम् ६/३
2.3.70	23070	628	vidhi			अकेनोर्भविष्यदाधमर्ण्ययोः	अक-इनोः ६/२ भविष्यत्-आधमर्ण्ययोः ७/२
2.3.71	23071	629	vidhi			कृत्यानां कर्तरि वा	कृत्यानाम् ६/३ कर्तरि ७/१ वा ०/०
2.3.72	23072	630	vidhi			तुल्यार्थैरतुलोपमाभ्यां तृतीयाऽन्यतरस्याम्	तुल्य-अर्थैः ३/३ अ-तुला-उपमाभ्याम् ३/२ तृतीया १/१ अन्यतरस्याम् ७/१
2.3.73	23073	631	vidhi			चतुर्थी चाशिष्यायुष्यमद्रभद्रकुशलसुखार्थहितैः	चतुर्थी १/१ च ०/० आशिषि ७/१ आयुष्य-मद्र-भद्र-कुशल-सुख-अर्थ-हितैः ३/३
2.4.1	24001	731	atidesha		द्विगोः एकवद्भावातिदेशः	द्विगुरेकवचनम्	द्विगुः १/१ एकवचनम् १/१
2.4.2	24002	906	vidhi			द्वन्द्वश्च प्राणितूर्यसेनाङ्गानाम्	द्वन्द्वः १/१ च ०/० प्राणि-तूर्य-सेना-अङ्गानाम् ६/३
2.4.3	24003	907	vidhi			अनुवादे चरणानाम्	अनुवादे ७/१ चरणानाम् ६/३
2.4.4	24004	908	vidhi			अध्वर्युक्रतुरनपुंसकम्	अध्वर्यु-क्रतुः १/१ अ-नपुंसकम् १/१
2.4.5	24005	909	vidhi			अध्ययनतोऽविप्रकृष्टाख्यानाम्	अध्ययनतः ०/० अ-वि-प्रकृष्ट-आख्यानाम् ६/३
2.4.6	24006	910	vidhi			जातिरप्राणिनाम्	जातिः १/१ अ-प्राणिनाम् ६/३
2.4.7	24007	911	vidhi			विशिष्टलिङ्गो नदी देशोऽग्रामाः	विशिष्ट-लिङ्गः १/१ नदी १/१ देशः १/१ अ-ग्रामाः १/३
2.4.8	24008	912	vidhi			क्षुद्रजन्तवः	क्षुद्र-जन्तवः १/३
2.4.9	24009	913	vidhi			येषां च विरोधः शाश्वतिकः	येषाम् ६/३ च ०/० विरोधः १/१ शाश्वतिकः १/१
2.4.10	24010	914	vidhi			शूद्राणामनिरवसितानाम्	शूद्राणाम् ६/३ अ-निरवसितानाम् ६/३
2.4.11	24011	915	vidhi			गवाश्वप्रभृतीनि च	गवाश्व-प्रभृतीनि १/३ च ०/०
2.4.12	24012	916	vidhi			विभाषा वृक्षमृगतृणधान्यव्यञ्जनपशुशकुन्यश्ववडवपूर्वापराधरोत्तराणाम्	विभाषा १/१ वृक्ष-मृग-तृण-धान्य-व्यञ्जन-पशु-शकुनि-अश्व-वडव-पूर्व-अपर-अधर-उत्तराणाम् ६/३
2.4.13	24013	917	vidhi			विप्रतिषिद्धं चानधिकरणवाचि	विप्रतिषिद्धम् १/१ च ०/० अनधिकरणवाचि १/१
2.4.14	24014	918	vidhi			न दधिपयआदीनि	न ०/० दधि-पय-आदीनि १/३
2.4.15	24015	919	vidhi			अधिकरणैतावत्त्वे च	अधिकरण-एतावत्त्वे ७/१ च ०/०
2.4.16	24016	920	vidhi			विभाषा समीपे	विभाषा १/१ समीपे ७/१
2.4.17	24017	821	vidhi			स नपुंसकम्	सः १/१ नपुंसकम् १/१
2.4.18	24018	659	vidhi			अव्ययीभावश्च	अव्ययीभावः १/१ च ०/०
2.4.19	24019	822	adhikara		तत्पुरुषे नपुंसकाधिकारः	तत्पुरुषोऽनञ् कर्मधारयः	तत्पुरुषः १/१ अ-नञ् १/१ कर्मधारयः १/१
2.4.20	24020	823	vidhi			संज्ञायां कन्थोशीनरेषु	संज्ञायाम् ७/१ कन्था १/१ उशीनरेषु ७/३
2.4.21	24021	824	vidhi			उपज्ञोपक्रमं तदाद्याचिख्यासायाम्	उपज्ञा-उपक्रमम् १/१ तद्-आदि-आचिख्यासायाम् ७/१
2.4.22	24022	825	vidhi			छाया बाहुल्ये	छाया १/१ बाहुल्ये ७/१
2.4.23	24023	826	vidhi			सभा राजामनुष्यपूर्वा	सभा १/१ राज-अ-मनुष्य-पूर्वा १/१
2.4.24	24024	827	vidhi			अशाला च	अ-शाला १/१ च ०/०
2.4.25	24025	828	vidhi			विभाषा सेनासुराच्छायाशालानिशानाम्	विभाषा १/१ सेना-सुरा-छाया-शाला-निशानाम् ६/३
2.4.26	24026	812	atidesha		समासलिङ्गनिर्णयातिदेशः	परवल्लिङ्गं द्वन्द्वतत्पुरुषयोः	परवत् ०/० लिङ्गम् १/१ द्वन्द्व-तत्पुरुषयोः ६/२
2.4.27	24027	813	vidhi			पूर्ववदश्ववडवौ	पूर्ववत् ०/० अश्व-वडवौ १/२
2.4.28	24028	3399	vidhi			हेमन्तशिशिरावहोरात्रे च च्छन्दसि	हेमन्त-शिशिरौ १/२ अहोरात्रे १/२ च ०/० छन्दसि ७/१
2.4.29	24029	814	vidhi			रात्राह्नाहाः पुंसि	रात्र-अह्न-अहाः १/३ पुंसि ७/१
2.4.30	24030	815	vidhi			अपथं नपुंसकम्	अपथम् १/१ नपुंसकम् १/१
2.4.31	24031	816	vidhi			अर्धर्चाः पुंसि च	अर्धर्चाः १/३ पुंसि ७/१ च ०/०
2.4.32	24032	350	vidhi			इदमोऽन्वादेशेऽशनुदात्तस्तृतीयादौ	इदमः ६/१ अन्वादेशे ७/१ अश् १/१ अनुदात्तः १/१ तृतीया-आदौ ७/१
2.4.33	24033	1962	vidhi			एतदस्त्रतसोस्त्रतसौ चानुदात्तौ	एतदः ६/१ त्र-तसोः ७/२ त्र-तसौ १/२ च ०/० अनुदात्तौ १/२
2.4.34	24034	351	vidhi			द्वितीयाटौस्स्वेनः	द्वितीया-टा-ओस्सु ७/३ एनः १/१
2.4.35	24035	2432	adhikara		आर्धधातुके इत्यधिकारः (प्रथमः)	आर्धधातुके	आर्धधातुके ७/१
2.4.36	24036	3080	vidhi			अदो जग्धिर्ल्यप्ति किति	अदः ६/१ जग्धिः १/१ ल्यप् ति ७/१ किति ७/१
2.4.37	24037	2427	vidhi			लुङ्सनोर्घसॢ	लुङ्-सनोः ७/२ घसॢ १/१
2.4.38	24038	3236	vidhi			घञपोश्च	घञ्-अपोः ७/२ च ०/०
2.4.39	24039	3398	vidhi			बहुलं छन्दसि	बहुलम् १/१ छन्दसि ७/१
2.4.40	24040	2424	vidhi			लिट्यन्यतरस्याम्	लिटि ७/१ अन्यतरस्याम् ७/१
2.4.41	24041	2411	vidhi			वेञो वयिः	वेञः ६/१ वयिः १/१
2.4.42	24042	2433	vidhi			हनो वध लिङि	हनः ६/१ वध लिङि ७/१
2.4.43	24043	2434	vidhi			लुङि च	लुङि ७/१ च ०/०
2.4.44	24044	2696	vidhi			आत्मनेपदेष्वन्यतरस्याम्	आत्मनेपदेषु ७/३ अन्यतरस्याम् ७/१
2.4.45	24045	2458	vidhi			इणो गा लुङि	इणः ६/१ गा लुङि ७/१
2.4.46	24046	2607	vidhi			णौ गमिरबोधने	णौ ७/१ गमिः १/१ अ-बोधने ७/१
2.4.47	24047	2615	vidhi			सनि च	सनि ७/१ च ०/०
2.4.48	24048	2616	vidhi			इङश्च	इङः ६/१ च ०/०
2.4.49	24049	2459	vidhi			गाङ् लिटि	गाङ् १/१ लिटि ७/१
2.4.50	24050	2460	vidhi			विभाषा लुङ्लृङोः	विभाषा १/१ लुङ्-लृङोः ७/२
2.4.51	24051	2579	vidhi			णौ च संश्चङोः	णौ ७/१ च ०/० सन्-चङोः ७/२
2.4.52	24052	2470	vidhi			अस्तेर्भूः	अस्तेः ६/१ भूः १/१
2.4.53	24053	2453	vidhi			ब्रुवो वचिः	ब्रुवः ६/१ वचिः १/१
2.4.54	24054	2436	vidhi			चक्षिङः ख्याञ्	चक्षिङः ६/१ ख्याञ् १/१
2.4.55	24055	2437	vidhi			वा लिटि	वा ०/० लिटि ७/१
2.4.56	24056	2292	vidhi			अजेर्व्यघञपोः	अजेः ६/१ वी अघञपोः ७/२
2.4.57	24057	3292	vidhi			वा यौ	वा ०/० यौ ७/१
2.4.58	24058	1276	vidhi			ण्यक्षत्रियार्षञितो यूनि लुगणिञोः	ण्य-क्षत्रिय-आर्ष-ञितः ५/१ यूनि ७/१ लुक् १/१ अण्-इञोः ६/२
2.4.59	24059	1084	vidhi			पैलादिभ्यश्च	पैल-आदिभ्यः ५/३ च ०/०
2.4.60	24060	1085	vidhi			इञः प्राचाम्	इञः ५/१ प्राचाम् ६/३
2.4.61	24061	1086	vidhi			न तौल्वलिभ्यः	न ०/० तौल्वलिभ्यः ५/३
2.4.62	24062	1193	vidhi			तद्राजस्य बहुषु तेनैवास्त्रियाम्	तद्राजस्य ६/१ बहुषु ७/३ तेन ३/१ एव ०/० अस्त्रियाम् ७/१
2.4.63	24063	1146	vidhi			यस्कादिभ्यो गोत्रे	यस्क-आदिभ्यः ५/३ गोत्रे ७/१
2.4.64	24064	1108	vidhi			यञञोश्च	यञ्-अञोः ६/२ च ०/०
2.4.65	24065	1147	vidhi			अत्रिभृगुकुत्सवसिष्ठगोतमाङ्गिरोभ्यश्च	अत्रि-भृगु-कुत्स-वसिष्ठ-गोतम-अङ्गिरोभ्यः ५/३ च ०/०
2.4.66	24066	1148	vidhi			बह्वचः इञः प्राच्यभरतेषु	बहु-अचः ५/१ इञः ६/१ प्राच्य-भरतेषु ७/३
2.4.67	24067	1149	vidhi			न गोपवनादिभ्यः	न ०/० गोपवन-आदिभ्यः ५/३
2.4.68	24068	1150	vidhi			तिककितवादिभ्यो द्वन्द्वे	तिककितव-आदिभ्यः ५/३ द्वन्द्वे ७/१
2.4.69	24069	1151	vidhi			उपकादिभ्योऽन्यतरस्यामद्वन्द्वे	उपक-आदिभ्यः ५/३ अन्यतरस्याम् ७/१ अ-द्वन्द्वे ७/१
2.4.70	24070	1152	vidhi			आगस्त्यकौण्डिन्ययोरगस्तिकुण्डिनच्	आगस्त्य-कौण्डिन्ययोः ६/२ अगस्ति-कुण्डिनच् १/१
2.4.71	24071	650	vidhi			सुपो धातुप्रातिपदिकयोः	सुपः ६/१ धातु-प्रातिपदिकयोः ६/२
2.4.72	24072	2423	vidhi			अदिप्रभृतिभ्यः शपः	अदि-प्रभृतिभ्यः ५/३ शपः ६/१
2.4.73	24073	3400	vidhi			बहुलं छन्दसि	बहुलम् १/१ छन्दसि ७/१
2.4.74	24074	2650	vidhi			यङोऽचि च	यङः ६/१ अचि ७/१ च ०/०
2.4.75	24075	2489	vidhi			जुहोत्यादिभ्यः श्लुः	जुहोति-आदिभ्यः ५/३ श्लुः १/१
2.4.76	24076	3401	vidhi			बहुलं छन्दसि	बहुलम् १/१ छन्दसि ७/१
2.4.77	24077	2223	vidhi			गातिस्थाघुपाभूभ्यः सिचः परस्मैपदेषु	गाति-स्था-घु-पा-भूभ्यः ५/३ सिचः ६/१ परस्मैपदेषु ७/३
2.4.78	24078	2376	vidhi			विभाषा घ्राधेट्शाच्छासः	विभाषा १/१ घ्रा-धेट्-शा-छा-सः ५/१
2.4.79	24079	2547	vidhi			तनादिभ्यस्तथासोः	तन्-आदिभ्यः ५/३ त-थासोः ७/२
2.4.80	24080	3402	vidhi			मन्त्रे घसह्वरणशवृदहाद्वृच्कृगमिजनिभ्यो लेः	मन्त्रे ७/१ घस-ह्वर-णश-वृ-दह-आत्-वृच्-कृ-गमि-जनिभ्यः ५/३ लेः ६/१
2.4.81	24081	2238	vidhi			आमः	आमः ५/१
2.4.82	24082	452	vidhi			अव्ययादाप्सुपः	अव्ययात् ५/१ आप्-सुपः ६/१
2.4.83	24083	657	vidhi			नाव्ययीभावादतोऽम्त्वपञ्चम्याः	न ०/० अव्ययीभावात् ५/१ अतः ५/१ अम् १/१ तु ०/० अ-पञ्चम्याः ६/१
2.4.84	24084	658	vidhi			तृतीयासप्तम्योर्बहुलम्	तृतीया-सप्तम्योः ६/२ बहुलम् १/१
2.4.85	24085	2188	vidhi			लुटः प्रथमस्य डारौरसः	लुटः ६/१ प्रथमस्य ६/१ डा-रौ-रसः १/३
3.1.1	31001	180	samjna	प्रत्यय	प्रत्ययसंज्ञा	प्रत्ययः	प्रत्ययः १/१
3.1.2	31002	181	adhikara		प्रत्ययस्य परत्वाधिकारः	परश्च	परः १/१ च ०/०
3.1.3	31003	3708	adhikara		प्रत्ययस्य आद्युदात्तत्वाधिकारः	आद्युदात्तश्च	आद्युदात्तः १/१ च ०/०
3.1.4	31004	3709	vidhi			अनुदात्तौ सुप्पितौ	अनुदात्तौ १/२ सुप्पितौ १/२
3.1.5	31005	2393	vidhi			गुप्तिज्किद्भ्यः सन्	गुप्-तिज्-किद्भ्यः ५/३ सन् १/१
3.1.6	31006	2394	vidhi			मान्बधदान्शान्भ्यो दीर्घश्चाभ्यासस्य	मान्-बध-दान्-शान्भ्यः ५/३ दीर्घः १/१ च ०/० अभ्यासस्य ६/१
3.1.7	31007	2608	vidhi			धातोः कर्मणः समानकर्तृकादिच्छायां वा	धातोः ५/१ कर्मणः ६/१ समानकर्तृकात् ५/१ इच्छायाम् ७/१ वा ०/०
3.1.8	31008	2657	vidhi			सुप आत्मनः क्यच्	सुप ५/१ आत्मनः ६/१ क्यच् १/१
3.1.9	31009	2663	vidhi			काम्यच्च	काम्यच् १/१ च ०/०
3.1.10	31010	2664	vidhi			उपमानादाचारे	उपमानात् ५/१ आचारे ७/१
3.1.11	31011	2665	vidhi			कर्तुः क्यङ् सलोपश्च	कर्तुः ५/१ क्यङ् १/१ सलोपः १/१ च ०/०
3.1.12	31012	2667	vidhi			भृशादिभ्यो भुव्यच्वेर्लोपश्च हलः	भृशादिभ्यः ५/३ भुवि ७/१ अच्वेः ५/१ लोपः १/१ च ०/० हलः ६/१
3.1.13	31013	2668	vidhi			लोहितादिडाज्भ्यः क्यष्	लोहितादि-डाज्भ्यः ५/३ क्यष् १/१
3.1.14	31014	2670	vidhi			कष्टाय क्रमणे	कष्टाय ४/१ क्रमणे ७/१
3.1.15	31015	2671	vidhi			कर्मणो रोमन्थतपोभ्यां वर्तिचरोः	कर्मणः ५/१ रोमन्थ-तपोभ्याम् ५/२ वर्त्तिचरोः ७/२
3.1.16	31016	2672	vidhi			बाष्पोष्मभ्यामुद्वमने	बाष्प-ऊष्मभ्याम् ५/२ उद्वमने ७/१
3.1.17	31017	2673	vidhi			शब्दवैरकलहाभ्रकण्वमेघेभ्यः करणे	शब्द-वैर-कलह-अभ्र-कण्व-मेघेभ्यः ५/३ करणे ७/१
3.1.18	31018	2674	vidhi			सुखादिभ्यः कर्तृवेदनायाम्	सुखादिभ्यः ५/३ कर्तृ वेदनायाम् ७/१
3.1.19	31019	2675	vidhi			नमोवरिवश्चित्रङः क्यच्	नमो-वरिवस्-चित्रङः ५/१ क्यच् १/१
3.1.20	31020	2676	vidhi			पुच्छभाण्डचीवराण्णिङ्	पुच्छ-भाण्ड-चीवरात् ५/१ णिङ् १/१
3.1.21	31021	2677	vidhi			मुण्डमिश्रश्लक्ष्णलवणव्रतवस्त्रहलकलकृततूस्तेभ्यो णिच्	मुण्ड-मिश्र-श्लक्ष्ण-लवण-व्रत-वस्त्र-हल-कल-कृत-तूस्तेभ्यः ५/३ णिच् १/१
3.1.22	31022	2629	adhikara		धात्वधिकारः (प्रथमः)	धातोरेकाचो हलादेः क्रियासमभिहारे यङ्	धातोः ५/१ एकाचः ५/१ हलादेः ५/१ क्रियासमभिहारे ७/१ यङ् १/१
3.1.23	31023	2634	vidhi			नित्यं कौटिल्ये गतौ	नित्यम् १/१ कौटिल्ये ७/१ गतौ ७/१
3.1.24	31024	2635	vidhi			लुपसदचरजपजभदहदशगॄभ्यो भावगर्हायाम्	लुप-सद-चर-जप-जभ-दह-दश-गॄभ्यः ५/३ भावगर्हायाम् ७/१
3.1.25	31025	2563	vidhi			सत्यापपाशरूपवीणातूलश्लोकसेनालोमत्वचवर्मवर्णचूर्णचुरादिभ्यो णिच्	सत्याप-पाश-रूप-वीणा-तूल-श्लोक-सेना-लोम-त्वच-वर्म-वर्ण-चूर्ण-चुरादिभ्यः ५/३ णिच् १/१
3.1.26	31026	2576	vidhi			हेतुमति च	हेतुमति ७/१ च ०/०
3.1.27	31027	2678	vidhi			कण्ड्वादिभ्यो यक्	कण्ड्वादिभ्यः ५/३ यक् १/१
3.1.28	31028	2303	vidhi			गुपूधूपविच्छिपणिपनिभ्य आयः	गुपू-धूप-विच्छि-पणि-पनिभ्यः ५/३ आयः १/१
3.1.29	31029	2422	vidhi			ऋतेरीयङ्	ऋतेः ५/१ ईयङ् १/१
3.1.30	31030	2310	vidhi			कमेर्णिङ्	कमेः ५/१ णिङ् १/१
3.1.31	31031	2305	vidhi			आयादय आर्धधातुके वा	आयादयः १/३ आर्धधातुके ७/१ वा ०/०
3.1.32	31032	2304	samjna	धातु	धातुसंज्ञा	सनाद्यन्ता धातवः	सनाद्यन्ताः १/३ धातवः १/३
3.1.33	31033	2186	vidhi			स्यतासी लृलुटोः	स्य-तासी १/२ लृलुटोः ७/२
3.1.34	31034	3425	vidhi			सिब्बहुलं लेटि	सिप् १/१ बहुलम् १/१ लेटि ७/१
3.1.35	31035	2306	vidhi			कास्प्रत्ययादाममन्त्रे लिटि	कास्प्रत्ययात् ५/१ आम् १/१ अमन्त्रे ७/१ लिटि ७/१
3.1.36	31036	2237	vidhi			इजादेश्च गुरुमतोऽनृच्छः	इजादेः ५/१ च ०/० गुरुमतः ५/१ अनृच्छः ५/१
3.1.37	31037	2324	vidhi			दयायासश्च	दयायासः ५/१ च ०/०
3.1.38	31038	2341	vidhi			उषविदजागृभ्योऽन्यतरस्याम्	उष-विद-जागृभ्यः ५/३ अन्यतरस्याम् ७/१
3.1.39	31039	2491	vidhi			भीह्रीभृहुवां श्लुवच्च	भी-ह्री-भृ-हुवाम् ६/३ श्लुवत् ०/० च ०/०
3.1.40	31040	2239	vidhi			कृञ् चानुप्रयुज्यते लिटि	कृञ् १/१ च ०/० अनुप्रयुज्यते लिटि ७/१
3.1.41	31041	2465	vidhi			विदाङ्कुर्वन्त्वित्यन्यतरस्याम्	विदाङ्-कुर्वन्तु इति ०/० अन्यतरस्याम् ७/१
3.1.42	31042	3403	vidhi			अभ्युत्सादयांप्रजनयांचिकयांरमयामकः पावयांक्रियाद्विदामक्रन्निति च्छन्दसि	अभ्युत्सादयाम् १/१ प्रजनयाम् १/१ चिकयाम् १/१ रमयाम् १/१ अकः पावयांक्रियात् विदामक्रन् इति ०/० छन्दसि ७/१
3.1.43	31043	2221	vidhi			च्लि लुङि	च्लि लुङि ७/१
3.1.44	31044	2222	vidhi			च्लेः सिच्	च्लेः ६/१ सिच् १/१
3.1.45	31045	2336	vidhi			शल इगुपधादनिटः क्सः	शलः ५/१ इगुपधात् ५/१ अनिटः ६/१ क्सः १/१
3.1.46	31046	2514	vidhi			श्लिष आलिङ्गने	श्लिषः ५/१ आलिङ्गने ७/१
3.1.47	31047	2407	vidhi			न दृशः	न ०/० दृशः ५/१
3.1.48	31048	2312	vidhi			णिश्रिद्रुस्रुभ्यः कर्तरि चङ्	णि-श्रि-द्रु-स्रुभ्यः ५/३ कर्तरि ७/१ चङ् १/१
3.1.49	31049	2375	vidhi			विभाषा धेट्श्व्योः	विभाषा १/१ धेट्-श्व्योः ६/२
3.1.50	31050	3404	vidhi			गुपेश्छन्दसि	गुपेः ५/१ छन्दसि ७/१
3.1.51	31051	3405	vidhi			नोनयतिध्वनयत्येलयत्यर्दयतिभ्यः	न ०/० ऊनयति-ध्वनयति-एलयति-अर्दयतिभ्यः ५/३
3.1.52	31052	2438	vidhi			अस्यतिवक्तिख्यातिभ्योऽङ्	अस्यति-वक्ति-ख्यातिभ्यः ५/३ अङ् १/१
3.1.53	31053	2418	vidhi			लिपिसिचिह्वश्च	लिपि-सिचि-ह्वः ५/१ च ०/०
3.1.54	31054	2419	vidhi			आत्मनेपदेष्वन्यतरस्याम्	आत्मनेपदेषु ७/३ अन्यतरस्याम् ७/१
3.1.55	31055	2343	vidhi			पुषादिद्युताद्यॢदितः परस्मैपदेषु	पुषादि-द्युतादि-ऌदितः ५/१ परस्मैपदेषु ७/३
3.1.56	31056	2382	vidhi			सर्त्तिशास्त्यर्तिभ्यश्च	सर्त्ति-शास्ति-अर्तिभ्यः ५/३ च ०/०
3.1.57	31057	2269	vidhi			इरितो वा	इरितः ५/१ वा ०/०
3.1.58	31058	2291	vidhi			जॄस्तम्भुम्रुचुम्लुचुग्रुचुग्लुचुग्लुञ्चुश्विभ्यश्च	जॄ-स्तन्भु-म्रुचु-म्लुचु-ग्रुचु-ग्लुचु-ग्लुञ्चु-श्विभ्यः ५/३ च ०/०
3.1.59	31059	3406	vidhi			कृमृदृरुहिभ्यश्छन्दसि	कृ-मृ-दृ-रुहिभ्यः ५/३ छन्दसि ७/१
3.1.60	31060	2513	vidhi			चिण् ते पदः	चिण् १/१ ते ७/१ पदः ५/१
3.1.61	31061	2328	vidhi			दीपजनबुधपूरितायिप्यायिभ्योऽन्यतरस्याम्	दीप-जन-बुध-पूरि-तायि-प्यायिभ्यः ५/३ अन्यतरस्याम् ७/१
3.1.62	31062	2768	vidhi			अचः कर्मकर्तरि	अचः ५/१ कर्मकर्त्तरि ७/१
3.1.63	31063	2769	vidhi			दुहश्च	दुहः ५/१ च ०/०
3.1.64	31064	2770	vidhi			न रुधः	न ०/० रुधः ५/१
3.1.65	31065	2760	vidhi			तपोऽनुतापे च	तपः ५/१ अनुतापे ७/१ च ०/०
3.1.66	31066	2758	vidhi			चिण् भावकर्मणोः	चिण् १/१ भावकर्मणोः ७/२
3.1.67	31067	2756	vidhi			सार्वधातुके यक्	सार्वधातुके ७/१ यक् १/१
3.1.68	31068	2167	vidhi			कर्तरि शप्	कर्तरि ७/१ शप् १/१
3.1.69	31069	2505	vidhi			दिवादिभ्यः श्यन्	दिवादिभ्यः ५/३ श्यन् १/१
3.1.70	31070	2321	vidhi			वा भ्राशभ्लाशभ्रमुक्रमुक्लमुत्रसित्रुटिलषः	वा ०/० भ्राश-भ्लाश-भ्रमु-क्रमु-क्लमु-त्रसि-त्रुटि-लषः ५/१
3.1.71	31071	2521	vidhi			यसोऽनुपसर्गात्	यसः ५/१ अनुपसर्गात् ५/१
3.1.72	31072	2522	vidhi			संयसश्च	संयसः ५/१ च ०/०
3.1.73	31073	2523	vidhi			स्वादिभ्यः श्नुः	स्वादिभ्यः ५/३ श्नुः १/१
3.1.74	31074	2386	vidhi			श्रुवः शृ च	श्रुवः ६/१ शृ च ०/०
3.1.75	31075	2338	vidhi			अक्षोऽन्यतरस्याम्	अक्षः ५/१ अन्यतरस्याम् ७/१
3.1.76	31076	2339	vidhi			तनूकरणे तक्षः	तनूकरणे ७/१ तक्षः ५/१
3.1.77	31077	2534	vidhi			तुदादिभ्यः शः	तुदादिभ्यः ५/३ शः १/१
3.1.78	31078	2543	vidhi			रुधादिभ्यः श्नम्	रुधादिभ्यः ५/३ श्नम् १/१
3.1.79	31079	2466	vidhi			तनादिकृञ्भ्य उः	तनादि-कृञ्-भ्यः ५/३ उः १/१
3.1.80	31080	2332	vidhi			धिन्विकृण्व्योर च	धिन्वि-कृण्व्योः ६/२ अ च ०/०
3.1.81	31081	2554	vidhi			क्र्यादिभ्यः श्ना	क्र्यादिभ्यः ५/३ श्ना
3.1.82	31082	2555	vidhi			स्तन्भुस्तुन्भुस्कन्भुस्कुन्भुस्कुञ्भ्यः श्नुश्च	स्तन्भु-स्तुन्भु-स्कन्भु-स्कुन्भु-स्कुञ्भ्यः ५/३ श्नुः १/१ च ०/०
3.1.83	31083	2557	vidhi			हलः श्नः शानज्झौ	हलः ५/१ श्नः ६/१ शानच् १/१ हौ ७/१
3.1.84	31084	3432	vidhi			छन्दसि शायजपि	छन्दसि ७/१ शायच् १/१ अपि ०/०
3.1.85	31085	3433	vidhi			व्यत्ययो बहुलम्	व्यत्ययः १/१ बहुलम् १/१
3.1.86	31086	3434	vidhi			लिङ्याशिष्यङ्	लिङि ७/१ आशिषि ७/१ अङ् १/१
3.1.87	31087	2766	atidesha		कर्तुः कर्मवदतिदेशः	कर्मवत् कर्मणा तुल्यक्रियः	कर्मवत् १/१ कर्मणा ३/१ तुल्यक्रियः १/१
3.1.88	31088	2771	vidhi			तपस्तपःकर्मकस्यैव	तपः ६/१ तपःकर्मकस्य ६/१ एव ०/०
3.1.89	31089	2767	vidhi			न दुहस्नुनमां यक्चिणौ	न ०/० दुह-स्नु-नमाम् ६/३ यक्-चिणौ १/२
3.1.90	31090	2772	vidhi			कुषिरजोः प्राचां श्यन् परस्मैपदं च	कुषि-रजोः ६/२ प्राचाम् ६/३ श्यन् १/१ परस्मैपदम् १/१ च ०/०
3.1.91	31091	2829	adhikara		धात्वधिकारः (द्वितीयः)	धातोः	धातोः ५/१
3.1.92	31092	781	samjna	उपपद	उपपदसंज्ञा	तत्रोपपदं सप्तमीस्थम्	तत्र ०/० उपपदम् १/१ सप्तमीस्थम् १/१
3.1.93	31093	374	samjna	कृत्	कृत्संज्ञा	कृदतिङ्	कृत् १/१ अतिङ् १/१
3.1.94	31094	2830	paribhasha		कृदधिकारे उत्सर्गापवादमसम्बन्धज्ञापकपरिभाषा	वाऽसरूपोऽस्त्रियाम्	वा ०/० असरूपः १/१ अस्त्रियाम् ७/१
3.1.95	31095	2831	samjna	कृत्य	कृत्यसंज्ञा	कृत्याः	कृत्याः १/३
3.1.96	31096	2834	vidhi			तव्यत्तव्यानीयरः	तव्यत्-तव्य-अनीयरः १/३
3.1.97	31097	2842	adhikara		कृत्यसंज्ञाधिकारः	अचो यत्	अचः ५/१ यत् १/१
3.1.98	31098	2844	vidhi			पोरदुपधात्	पोः ५/१ अदुपधात् ५/१
3.1.99	31099	2847	vidhi			शकिसहोश्च	शकि-सहोः ६/२ च ०/०
3.1.100	31100	2848	vidhi			गदमदचरयमश्चानुपसर्गे	गद-मद-चर-यमः ५/१ च ०/० अनुपसर्गे ७/१
3.1.101	31101	2849	vidhi			अवद्यपण्यवर्या गर्ह्यपणितव्यानिरोधेषु	अवद्य-पण्य-वर्याः १/३ गर्ह्य-पणितव्य-अनिरोधेषु ७/३
3.1.102	31102	2850	vidhi			वह्यं करणम्	वह्यम् १/१ करणम् १/१
3.1.103	31103	2851	vidhi			अर्यः स्वामिवैश्ययोः	अर्यः १/१ स्वामि-वैश्ययोः ७/२
3.1.104	31104	2852	vidhi			उपसर्या काल्या प्रजने	उपसर्या १/१ काल्या १/१ प्रजने ७/१
3.1.105	31105	2853	vidhi			अजर्यं संगतम्	अजर्यम् १/१ संगतम् १/१
3.1.106	31106	2854	vidhi			वदः सुपि क्यप् च	वदः ५/१ सुपि ७/१ क्यप् १/१ च ०/०
3.1.107	31107	2855	vidhi			भुवो भावे	भुवः ५/१ भावे ७/१
3.1.108	31108	2856	vidhi			हनस्त च	हनः ६/१ त च ०/०
3.1.109	31109	2857	vidhi			एतिस्तुशास्वृदृजुषः क्यप्	एति-स्तु-शास्-वृ-दृ-जुषः ५/१ क्यप् १/१
3.1.110	31110	2859	vidhi			ऋदुपधाच्चाकॢपिचृतेः	ऋदुपधात् ५/१ च ०/० अकॢपिचृतेः ५/१
3.1.111	31111	2860	vidhi			ई च खनः	ई च ०/० खनः ५/१
3.1.112	31112	2861	vidhi			भृञोऽसंज्ञायाम्	भृञः ५/१ असंज्ञायाम् ७/१
3.1.113	31113	2862	vidhi			मृजेर्विभाषा	मृजेः ५/१ विभाषा १/१
3.1.114	31114	2865	vidhi			राजसूयसूर्यमृषोद्यरुच्यकुप्यकृष्टपच्याव्यथ्याः	राजसूय-सूर्य-मृषोद्य-रुच्य-कुप्य-कृष्टपच्य-अव्यथ्याः १/३
3.1.115	31115	2866	vidhi			भिद्योद्ध्यौ नदे	भिद्य-उद्ध्यौ १/२ नदे ७/१
3.1.116	31116	2867	vidhi			पुष्यसिद्ध्यौ नक्षत्रे	पुष्य-सिद्ध्यौ १/२ नक्षत्रे ७/१
3.1.117	31117	2868	vidhi			विपूयविनीयजित्या मुञ्जकल्कहलिषु	विपूय-विनीय-जित्याः १/३ मुञ्ज-कल्क-हलिषु ७/३
3.1.118	31118	2869	vidhi			प्रत्यपिभ्यां ग्रहेश्छन्दसि	प्रति-अपिभ्याम् ५/२ ग्रहेः ७/१ छन्दसि ७/१
3.1.119	31119	2870	vidhi			पदास्वैरिबाह्यापक्ष्येषु च	पद-अस्वैरि-बाह्या-पक्ष्येषु ७/३ च ०/०
3.1.120	31120	2871	vidhi			विभाषा कृवृषोः	विभाषा १/१ कृवृषोः ६/२
3.1.121	31121	2873	vidhi			युग्यं च पत्रे	युग्यम् १/१ च ०/० पत्रे ७/१
3.1.122	31122	2874	vidhi			अमावस्यदन्यतरस्याम्	अमावस्यत् १/१ अन्यतरस्याम् ७/१
3.1.123	31123	3407	vidhi			छन्दसि निष्टर्क्यदेवहूयप्रणीयोन्नीयोच्छिष्यमर्यस्तर्याध्वर्यखन्यखान्यदेवयज्यापृच्छ्यप्रतिषीव्यब्रह्मवाद्यभाव्यस्ताव्योपचाय्यपृडानि	छन्दसि ७/१ निष्टर्क्य-देवहूय-प्रणीय-उन्नीय-उच्छिष्य-मर्य-स्तर्या-ध्वर्य-खन्य-खान्य-देवयज्या-आपृच्छ्य-प्रतिषीव्य-ब्रह्मवाद्य-भाव्य-स्ताव्य-उपचाय्यपृडानि १/३
3.1.124	31124	2872	vidhi			ऋहलोर्ण्यत्	ऋ-हलोः ६/२ ण्यत् १/१
3.1.125	31125	2886	vidhi			ओरावश्यके	ओः ५/१ आवश्यके ७/१
3.1.126	31126	2887	vidhi			आसुयुवपिरपिलपित्रपिचमश्च	आसु-यु-वपि-रपि-लपि-त्रपि-चमः ५/१ च ०/०
3.1.127	31127	2888	vidhi			आनाय्योऽनित्ये	आनाय्यः १/१ अनित्ये ७/१
3.1.128	31128	2889	vidhi			प्रणाय्योऽसंमतौ	प्रणाय्यः १/१ असंमतौ ७/१
3.1.129	31129	2890	vidhi			पाय्यसान्नाय्यनिकाय्यधाय्या मानहविर्निवाससामिधेनीषु	पाय्य-सान्नाय्य-निकाय्य-धाय्याः १/३ मान-हविर्-निवास-सामिधेनीषु ७/३
3.1.130	31130	2891	vidhi			क्रतौ कुण्डपाय्यसंचाय्यौ	क्रतौ ७/१ कुण्डपाय्य-संचाय्यौ १/२
3.1.131	31131	2892	vidhi			अग्नौ परिचाय्योपचाय्यसमूह्याः	अग्नौ ७/१ परिचाय्य-उपचाय्य-समूह्याः १/३
3.1.132	31132	2893	vidhi			चित्याग्निचित्ये च	चित्य-अग्निचित्ये १/२ च ०/०
3.1.133	31133	2895	vidhi			ण्वुल्तृचौ	ण्वुल्-तृचौ १/२
3.1.134	31134	2896	vidhi			नन्दिग्रहिपचादिभ्यो ल्युणिन्यचः	नन्दि-ग्रहि-पचादिभ्यः ५/३ ल्यु-णिनि-अचः १/३
3.1.135	31135	2897	vidhi			इगुपधज्ञाप्रीकिरः कः	इगुपध-ज्ञा-प्री-किरः ५/१ कः १/१
3.1.136	31136	2898	vidhi			आतश्चोपसर्गे	आतः ५/१ च ०/० उपसर्गे ७/१
3.1.137	31137	2899	vidhi			पाघ्राध्माधेट्दृशः शः	पा-घ्रा-ध्मा-धेट्-दृशः ५/१ शः १/१
3.1.138	31138	2900	vidhi			अनुपसर्गाल्लिम्पविन्दधारिपारिवेद्युदेजिचेतिसातिसाहिभ्यश्च	अनुपसर्गात् ५/१ लिम्प-विन्द-धारि-पारि-वेदि-उदेजि-चेति-साति-साहिभ्यः ५/३ च ०/०
3.1.139	31139	2901	vidhi			ददातिदधात्योर्विभाषा	ददाति-दधात्योः ५/२ विभाषा १/१
3.1.140	31140	2902	vidhi			ज्वलितिकसन्तेभ्यो णः	ज्वलिति-कसन्तेभ्यः ५/३ णः १/१
3.1.141	31141	2903	vidhi			श्याद्व्यधास्रुसंस्र्वतीणवसाऽवहृलिहश्लिषश्वसश्च	श्या-आत्-व्यध-आस्रु-संस्रु-अतीण्-अवसा-अवहृ-लिह-श्लिष-श्वसः ५/१ च ०/०
3.1.142	31142	2904	vidhi			दुन्योरनुपसर्गे	दुन्योः ६/२ अनुपसर्गे ७/१
3.1.143	31143	2905	vidhi			विभाषा ग्रहः	विभाषा १/१ ग्रहः ५/१
3.1.144	31144	2906	vidhi			गेहे कः	गेहे ७/१ कः १/१
3.1.145	31145	2907	vidhi			शिल्पिनि ष्वुन्	शिल्पिनि ७/१ ष्वुन् १/१
3.1.146	31146	2908	vidhi			गस्थकन्	गः ५/१ थकन् १/१
3.1.147	31147	2909	vidhi			ण्युट् च	ण्युट् १/१ च ०/०
3.1.148	31148	2910	vidhi			हश्च व्रीहिकालयोः	हः ५/१ च ०/० व्रीहि-कालयोः ७/२
3.1.149	31149	2911	vidhi			प्रुसृल्वः समभिहारे वुन्	प्रु-सृ-ल्वः १/३ समभिहारे ७/१ वुन् १/१
3.1.150	31150	2912	vidhi			आशिषि च	आशिषि ७/१ च ०/०
3.2.1	32001	2913	vidhi			कर्मण्यण्	कर्मणि ७/१ अण् १/१
3.2.2	32002	2914	vidhi			ह्वावामश्च	ह्वावामः ५/१ च ०/०
3.2.3	32003	2915	vidhi			आतोऽनुपसर्गे कः	आतः ५/१ अनुपसर्गे ७/१ कः १/१
3.2.4	32004	2916	vidhi			सुपि स्थः	सुपि ७/१ स्थः ५/१
3.2.5	32005	2919	vidhi			तुन्दशोकयोः परिमृजापनुदोः	तुन्द-शोकयोः ७/२ परिमृज-अपनुदोः ६/२
3.2.6	32006	2920	vidhi			प्रे दाज्ञः	प्रे ७/१ दाज्ञः ५/१
3.2.7	32007	2921	vidhi			समि ख्यः	समि ७/१ ख्यः ५/१
3.2.8	32008	2922	vidhi			गापोष्टक्	गापोः ६/२ टक् १/१
3.2.9	32009	2923	vidhi			हरतेरनुद्यमनेऽच्	हरतेः ५/१ अनुद्यमने ७/१ अच् १/१
3.2.10	32010	2924	vidhi			वयसि च	वयसि ७/१ च ०/०
3.2.11	32011	2925	vidhi			आङि ताच्छील्ये	आङि ७/१ ताच्छील्ये ७/१
3.2.12	32012	2926	vidhi			अर्हः	अर्हः ५/१
3.2.13	32013	2927	vidhi			स्तम्बकर्णयो रमिजपोः	स्तम्ब-कर्णयोः ७/२ रमि-जपोः ६/२
3.2.14	32014	2928	vidhi			शमि धातोः संज्ञायाम्	शमि ७/१ धातोः ५/१ संज्ञायाम् ७/१
3.2.15	32015	2929	vidhi			अधिकरणे शेतेः	अधिकरणे ७/१ शेतेः ५/१
3.2.16	32016	2930	vidhi			चरेष्टः	चरेः ५/१ टः १/१
3.2.17	32017	2931	vidhi			भिक्षासेनादायेषु च	भिक्षा-सेना-आदायेषु ७/३ च ०/०
3.2.18	32018	2932	vidhi			पुरोऽग्रतोऽग्रेषु सर्तेः	पुरस्-अग्रतः-अग्रेषु ७/३ सर्त्तेः ५/१
3.2.19	32019	2933	vidhi			पूर्वे कर्तरि	पूर्वे ७/१ कर्तरि ७/१
3.2.20	32020	2934	vidhi			कृञो हेतुताच्छील्यानुलोम्येषु	कृञः ५/१ हेतु-ताच्छील्य-अनुलोम्येषु ७/३
3.2.21	32021	2935	vidhi			दिवाविभानिशाप्रभाभास्कारान्तानन्तादिबहुनान्दीकिम्लिपिलिबिबलिभक्तिकर्तृचित्रक्षेत्रसंख्याजङ्घाबाह्वहर्यत्तत्धनुररुष्षु	दिवा-विभा-निशा-प्रभा-भास्-कार-अन्त-अनन्त-आदि-बहु-नान्दी-किम्-लिपि-लिबि-बलि-भक्ति-कर्तृ-चित्र-क्षेत्र-संख्या-जङ्घा-बाहु-अहस्-यत्-तत्-धनुष्-अरुष्षु ७/३
3.2.22	32022	2936	vidhi			कर्मणि भृतौ	कर्मणि ७/१ भृतौ ७/१
3.2.23	32023	2937	vidhi			न शब्दश्लोककलहगाथावैरचाटुसूत्रमन्त्रपदेषु	न ०/० शब्द-श्लोक-कलह-गाथा-वैर-चाटु-सूत्र-मन्त्र-पदेषु ७/३
3.2.24	32024	2938	vidhi			स्तम्बशकृतोरिन्	स्तम्ब-शकृतोः ७/२ इन् १/१
3.2.25	32025	2939	vidhi			हरतेर्दृतिनाथयोः पशौ	हरतेः ५/१ दृति-नाथयोः ७/२ पशौ ७/१
3.2.26	32026	2940	vidhi			फलेग्रहिरात्मम्भरिश्च	फलेग्रहिः १/१ आत्मम्भरिः १/१ च ०/०
3.2.27	32027	3408	vidhi			छन्दसि वनसनरक्षिमथाम्	छन्दसि ७/१ वन-सन-रक्षि-मथाम् ६/३
3.2.28	32028	2941	vidhi			एजेः खश्	एजेः ५/१ खश् १/१
3.2.29	32029	2944	vidhi			नासिकास्तनयोर्ध्माधेटोः	नासिकास्-तनयोः ७/२ ध्मा-धेटोः ६/२
3.2.30	32030	2945	vidhi			नाडीमुष्ट्योश्च	नाडी-मुष्ट्योः ७/२ च ०/०
3.2.31	32031	2946	vidhi			उदि कूले रुजिवहोः	उदि ७/१ कूले ७/१ रुजि-वहोः ६/२
3.2.32	32032	2947	vidhi			वहाभ्रे लिहः	वहाभ्रे ७/१ लिहः ५/१
3.2.33	32033	2948	vidhi			परिमाणे पचः	परिमाणे ७/१ पचः ५/१
3.2.34	32034	2949	vidhi			मितनखे च	मितनखे ७/१ च ०/०
3.2.35	32035	2950	vidhi			विध्वरुषोस्तुदः	विध्व-रुषोः ७/२ तुदः ५/१
3.2.36	32036	2951	vidhi			असूर्यललाटयोर्दृशितपोः	असूर्य-ललाटयोः ७/२ दृशि-तपोः ६/२
3.2.37	32037	2952	vidhi			उग्रम्पश्येरम्मदपाणिन्धमाश्च	उग्रम्पश्य-इरम्मद-पाणिन्धमाः १/३ च ०/०
3.2.38	32038	2953	vidhi			प्रियवशे वदः खच्	प्रियवशे ७/१ वदः ५/१ खच् १/१
3.2.39	32039	2954	vidhi			द्विषत्परयोस्तापेः	द्विषत्-परयोः ७/२ तापेः ५/१
3.2.40	32040	2956	vidhi			वाचि यमो व्रते	वाचि ७/१ यमः ५/१ व्रते ७/१
3.2.41	32041	2958	vidhi			पूःसर्वयोर्दारिसहोः	पूर्-सर्वयोः ६/२ दारि-सहोः ६/२
3.2.42	32042	2959	vidhi			सर्वकूलाभ्रकरीषेषु कषः	सर्वकूल-अभ्र-करीषेषु ७/३ कषः ५/१
3.2.43	32043	2960	vidhi			मेघर्तिभयेषु कृञः	मेघ-ऋति-भयेषु ७/३ कृञः ५/१
3.2.44	32044	2961	vidhi			क्षेमप्रियमद्रेऽण् च	क्षेम-प्रिय-मद्रे ७/१ अण् १/१ च ०/०
3.2.45	32045	2962	vidhi			आशिते भुवः करणभावयोः	आशिते ७/१ भुवः ५/१ करण-भावयोः ७/२
3.2.46	32046	2963	vidhi			संज्ञायां भृतॄवृजिधारिसहितपिदमः	संज्ञायाम् ७/१ भृ-तॄ-वृजि-धारि-सहि-तपि-दमः ५/१
3.2.47	32047	2964	vidhi			गमश्च	गमः ५/१ च ०/०
3.2.48	32048	2965	vidhi			अन्तात्यन्ताध्वदूरपारसर्वानन्तेषु डः	अन्त-अत्यन्त-अध्वन्-दूर-पार-सर्व-अनन्तेषु ७/३ डः १/१
3.2.49	32049	2966	vidhi			आशिषि हनः	आशिषि ७/१ हनः ५/१
3.2.50	32050	2967	vidhi			अपे क्लेशतमसोः	अपे ७/१ क्लेश-तमसोः ७/२
3.2.51	32051	2968	vidhi			कुमारशीर्षयोर्णिनिः	कुमार-शीर्षयोः ७/२ णिनिः १/१
3.2.52	32052	2969	vidhi			लक्षणे जायापत्योष्टक्	लक्षणे ७/१ जाया-पत्योः ७/२ टक् १/१
3.2.53	32053	2970	vidhi			अमनुष्यकर्तृके च	अमनुष्यकर्तृके ७/१ च ०/०
3.2.54	32054	2971	vidhi			शक्तौ हस्तिकपाटयोः	शक्तौ ७/१ हस्ति-कपाटयोः ७/२
3.2.55	32055	2972	vidhi			पाणिघताडघौ शिल्पिनि	पाणिघ-ताडघौ १/२ शिल्पिनि ७/१
3.2.56	32056	2973	vidhi			आढ्यसुभगस्थूलपलितनग्नान्धप्रियेषु च्व्यर्थेष्वच्वौ कृञः करणे ख्युन्	आढ्य-सुभग-स्थूल-पलित-नग्न-अन्ध-प्रियेषु ७/३ च्व्यर्थेषु ७/१ अच्वौ ७/१ कृञः ५/१ करणे ७/१ ख्युन् ५/१
3.2.57	32057	2974	vidhi			कर्तरि भुवः खिष्णुच्खुकञौ	कर्तरि ७/१ भुवः ५/१ खिष्णुच्-खुकञौ १/२
3.2.58	32058	432	vidhi			स्पृशोऽनुदके क्विन्	स्पृशः ५/१ अनुदके ७/१ क्विन् १/१
3.2.59	32059	373	vidhi			ऋत्विग्दधृक्स्रग्दिगुष्णिगञ्चुयुजिक्रुञ्चां च	ऋत्विग्-दधृक्-स्रग्-दिग्-उष्णिग्-अञ्चु-युजि-क्रुञ्चाम् ६/३ च ०/०
3.2.60	32060	429	vidhi			त्यदादिषु दृशोऽनालोचने कञ् च	त्यदादिषु ७/३ दृशः ५/१ अनालोचने ७/१ कञ् १/१ च ०/०
3.2.61	32061	2975	vidhi			सत्सूद्विषद्रुहदुहयुजविदभिदच्छिदजिनीराजामुपसर्गेऽपि क्विप्	सत्-सू-द्विष-द्रुह-दुह-युज-विद-भिद-च्छिद-जि-नी-राजाम् ६/३ उपसर्गे ७/१ अपि ०/० क्विप् १/१
3.2.62	32062	2976	vidhi			भजो ण्विः	भजः ५/१ ण्विः १/१
3.2.63	32063	3409	vidhi			छन्दसि सहः	छन्दसि ७/१ सहः ५/१
3.2.64	32064	3410	vidhi			वहश्च	वहः ५/१ च ०/०
3.2.65	32065	3411	vidhi			कव्यपुरीषपुरीष्येषु ञ्युट्	कव्य-पुरीष-पुरीष्येषु ७/३ ञ्युट् १/१
3.2.66	32066	3412	vidhi			हव्येऽनन्तः पादम्	हव्येः ७/१ अनन्तःपादम् १/१
3.2.67	32067	3413	vidhi			जनसनखनक्रमगमो विट्	जन-सन-खन-क्रम-गमः ५/१ विट् १/१
3.2.68	32068	2977	vidhi			अदोऽनन्ने	अदः ५/१ अनन्ने ७/१
3.2.69	32069	2978	vidhi			क्रव्ये च	क्रव्ये ७/१ च ०/०
3.2.70	32070	2979	vidhi			दुहः कब् घश्च	दुहः ५/१ कप् १/१ घः १/१ च ०/०
3.2.71	32071	3414	vidhi			मन्त्रे श्वेतवहोक्थशस्पुरोडाशो ण्विन्	मन्त्रे ७/१ श्वेतवह-उक्थशस्-पुरोडाशः ५/१ ण्विन् १/१
3.2.72	32072	3415	vidhi			अवे यजः	अवे ७/१ यजः ५/१
3.2.73	32073	3417	vidhi			विजुपे छन्दसि	विच् १/१ उपे ७/१ छन्दसि ७/१
3.2.74	32074	3418	vidhi			आतो मनिन्क्वनिब्वनिपश्च	आतः ५/१ मनिन्-क्वनिप्-वनिपः १/३ च ०/०
3.2.75	32075	2980	vidhi			अन्येभ्योऽपि दृश्यन्ते	अन्येभ्यः ५/३ अपि ०/० दृश्यन्ते
3.2.76	32076	2983	vidhi			क्विप् च	क्विप् १/१ च ०/०
3.2.77	32077	2987	vidhi			स्थः क च	स्थः ५/१ क च ०/०
3.2.78	32078	2988	vidhi			सुप्यजातौ णिनिस्ताच्छील्ये	सुपि ७/१ अजातौ ७/१ णिनिः १/१ ताच्छील्ये ७/१
3.2.79	32079	2989	vidhi			कर्तर्युपमाने	कर्तरि ७/१ उपमाने ७/१
3.2.80	32080	2990	vidhi			व्रते	व्रते ७/१
3.2.81	32081	2991	vidhi			बहुलमाभीक्ष्ण्ये	बहुलम् १/१ आभीक्ष्ण्ये ७/१
3.2.82	32082	2992	vidhi			मनः	मनः ५/१
3.2.83	32083	2993	vidhi			आत्ममाने खश्च	आत्ममाने ७/१ खः १/१ च ०/०
3.2.84	32084	2995	adhikara		भूताधिकारः	भूते	भूते ७/१
3.2.85	32085	2996	vidhi			करणे यजः	करणे ७/१ यजः ५/१
3.2.86	32086	2997	vidhi			कर्मणि हनः	कर्मणि ७/१ हनः ५/१
3.2.87	32087	2998	vidhi			ब्रह्मभ्रूणवृत्रेषु क्विप्	ब्रह्म-भ्रूण-वृत्रेषु ७/३ क्विप् १/१
3.2.88	32088	3419	vidhi			बहुलं छन्दसि	बहुलम् १/१ छन्दसि ७/१
3.2.89	32089	2999	vidhi			सुकर्मपापमन्त्रपुण्येषु कृञः	सु-कर्म-पाप-मन्त्र-पुण्येषु ७/३ कृञः ५/१
3.2.90	32090	3000	vidhi			सोमे सुञः	सोमे ७/१ सुञः ५/१
3.2.91	32091	3001	vidhi			अग्नौ चेः	अग्नौ ७/१ चेः ५/१
3.2.92	32092	3002	vidhi			कर्मण्यग्न्याख्यायाम्	कर्मणि ७/१ अग्न्याख्यायाम् ७/१
3.2.93	32093	3003	vidhi			कर्मणीनिविक्रियः	कर्मणि ७/१ इनिः १/१ विक्रियः ५/१
3.2.94	32094	3004	vidhi			दृशेः क्वनिप्	दृशेः ५/१ क्वनिप् १/१
3.2.95	32095	3005	vidhi			राजनि युधिकृञः	राजनि ७/१ युधि-कृञः ५/१
3.2.96	32096	3006	vidhi			सहे च	सहे ७/१ च ०/०
3.2.97	32097	3007	vidhi			सप्तम्यां जनेर्डः	सप्तम्याम् ७/१ जनेः ५/१ डः १/१
3.2.98	32098	3008	vidhi			पञ्चम्यामजातौ	पञ्चम्याम् ७/१ अजातौ ७/१
3.2.99	32099	3009	vidhi			उपसर्गे च संज्ञायाम्	उपसर्गे ७/१ च ०/० संज्ञायाम् ७/१
3.2.100	32100	3010	vidhi			अनौ कर्मणि	अनौ ७/१ कर्मणि ७/१
3.2.101	32101	3011	vidhi			अन्येष्वपि दृश्यते	अन्येषु ७/३ अपि ०/० दृश्यते
3.2.102	32102	3013	vidhi			निष्ठा	निष्ठा १/१
3.2.103	32103	3091	vidhi			सुयजोर्ङ्वनिप्	सुयजोः ६/२ ङ्वनिप् १/१
3.2.104	32104	3092	vidhi			जीर्यतेरतृन्	जीर्यतेः ५/१ अतृन् १/१
3.2.105	32105	3093	vidhi			छन्दसि लिट्	छन्दसि ७/१ लिट् १/१
3.2.106	32106	3094	vidhi			लिटः कानज्वा	लिटः ६/१ कानच् १/१ वा १/१
3.2.107	32107	3095	vidhi			क्वसुश्च	क्वसुः १/१ च ०/०
3.2.108	32108	3097	vidhi			भाषायां सदवसश्रुवः	भाषायाम् ७/१ सद-वस-श्रुवः ५/१
3.2.109	32109	3098	vidhi			उपेयिवाननाश्वाननूचानश्च	उपेयिवान् १/१ अनाश्वान् १/१ अनूचानः १/१ च ०/०
3.2.110	32110	2218	vidhi			लुङ्	लुङ् १/१
3.2.111	32111	2205	vidhi			अनद्यतने लङ्	अनद्यतने ७/१ लङ् १/१
3.2.112	32112	2773	vidhi			अभिज्ञावचने लृट्	अभिज्ञावचने ७/१ लृट् १/१
3.2.113	32113	2774	vidhi			न यदि	न ०/० यदि ७/१
3.2.114	32114	2775	vidhi			विभाषा साकाङ्क्षे	विभाषा १/१ साकाङ्क्षे ७/१
3.2.115	32115	2171	vidhi			परोक्षे लिट्	परोक्षे ७/१ लिट् १/१
3.2.116	32116	2776	vidhi			हशश्वतोर्लङ् च	ह-शश्वतोः ७/२ लङ् १/१ च ०/०
3.2.117	32117	2777	vidhi			प्रश्ने चासन्नकाले	प्रश्ने ७/१ च ०/० आसन्नकाले ७/१
3.2.118	32118	2778	vidhi			लट् स्मे	लट् १/१ स्मे ७/१
3.2.119	32119	2779	vidhi			अपरोक्षे च	अपरोक्षे ७/१ च ०/०
3.2.120	32120	2780	vidhi			ननौ पृष्टप्रतिवचने	ननौ ७/१ पृष्टप्रतिवचने ७/१
3.2.121	32121	2781	vidhi			नन्वोर्विभाषा	नन्वोः ७/२ विभाषा १/१
3.2.122	32122	2782	vidhi			पुरि लुङ् चास्मे	पुरि ७/१ लुङ् १/१ च ०/० अस्मे ७/१
3.2.123	32123	2151	adhikara		वर्तमानाधिकारः	वर्तमाने लट्	वर्त्तमाने ७/१ लट् १/१
3.2.124	32124	3100	vidhi			लटः शतृशानचावप्रथमासमानाधिकरणे	लटः ६/१ शतृशानचौ १/२ अ-प्रथमासमानाधिकरणे ७/१
3.2.125	32125	3102	vidhi			सम्बोधने च	सम्बोधने ७/१ च ०/०
3.2.126	32126	3103	vidhi			लक्षणहेत्वोः क्रियायाः	लक्षणहेत्वोः ७/२ क्रियायाः ६/१
3.2.127	32127	3106	samjna	सत्	सत्संज्ञा	तौ सत्	तौ १/२ सत् १/१
3.2.128	32128	3108	vidhi			पूङ्यजोः शानन्	पूङ्यजोः ६/२ शानन् १/१
3.2.129	32129	3109	vidhi			ताच्छील्यवयोवचनशक्तिषु चानश्	ताच्छील्य-वयोवचन-शक्तिषु ७/३ चानश् १/१
3.2.130	32130	3110	vidhi			इङ्धार्योः शत्रकृच्छ्रिणि	इङ्-धार्य्योः ६/२ शतृ अकृच्छ्रिणि ७/१
3.2.131	32131	3111	vidhi			द्विषोऽमित्रे	द्विषः ५/१ अमित्रे ७/१
3.2.132	32132	3112	vidhi			सुञो यज्ञसंयोगे	सुञः ५/१ यज्ञसंयोगे ७/१
3.2.133	32133	3113	vidhi			अर्हः प्रशंसायाम्	अर्हः ५/१ प्रशंसायाम् ७/१
3.2.134	32134	3114	adhikara		ताच्छील्याधिकारः	आक्वेस्तच्छीलतद्धर्मतत्साधुकारिषु	आ ०/० क्वे ५/१ तच्छील-तद्धर्म-तत्साधुकारिषु ७/३
3.2.135	32135	3115	vidhi			तृन्	तृन् १/१
3.2.136	32136	3116	vidhi			अलंकृञ्निराकृञ्प्रजनोत्पचोत्पतोन्मदरुच्यपत्रपवृतुवृधुसहचर इष्णुच्	अलंकृञ्-निराकृञ्-प्रजन-उत्पच-उत्पत-उन्मद-रुचि-अपत्रप-वृतु-वृधु-सह-चरः ५/१ इष्णुच् १/१
3.2.137	32137	3117	vidhi			णेश्छन्दसि	णेः ५/१ छन्दसि ७/१
3.2.138	32138	3118	vidhi			भुवश्च	भुवः ५/१ च ०/०
3.2.139	32139	3119	vidhi			ग्लाजिस्थश्च क्स्नुः	ग्ला-जि-स्थः ५/१ च ०/० क्स्नुः १/१
3.2.140	32140	3120	vidhi			त्रसिगृधिधृषिक्षिपेः क्नुः	त्रसि-गृधि-धृषि-क्षिपेः ५/१ क्नुः १/१
3.2.141	32141	3121	vidhi			शमित्यष्टाभ्यो घिनुण्	शमिति-अष्टाभ्यः ५/३ घिनुण् १/१
3.2.142	32142	3122	vidhi			संपृचानुरुधाङ्यमाङ्यसपरिसृसंसृजपरिदेविसंज्वरपरिक्षिपपरिरटपरिवदपरिदहपरिमुहदुषद्विषद्रुहदुहयुजाक्रीडविविचत्यजरजभजातिचरापचरामुषाभ्याहनश्च	सम्पृच-अनुरुध-आङ्यम-आङ्यस-परिसृ-संसृज-परिदेवि-संज्वर-परिक्षिप-परिरट-परिवद-परिदह-परिमुह-दुष-द्विष-द्रुह-दुह-युज-आक्रीड-विविच-त्यज-रज-भज-अतिचर-अपचर-आमुष-अभ्याहनः ५/१ च ०/०
3.2.143	32143	3123	vidhi			वौ कषलसकत्थस्रम्भः	वौ ७/१ कष-लस-कत्थ-स्रम्भः ५/१
3.2.144	32144	3124	vidhi			अपे च लषः	अपे ७/१ च ०/० लषः ५/१
3.2.145	32145	3125	vidhi			प्रे लपसृद्रुमथवदवसः	प्रे ७/१ लप-सृ-द्रु-मथ-वद-वसः ५/१
3.2.146	32146	3126	vidhi			निन्दहिंसक्लिशखादविनाशपरिक्षिपपरिरटपरिवादिव्याभाषासूञो वुञ्	निन्द-हिंस-क्लिश-खाद-विनाश-परिक्षिप-परिरट-परिवादि-व्याभाष-असूयः १/१ वुञ् १/१
3.2.147	32147	3127	vidhi			देविक्रुशोश्चोपसर्गे	देवि-क्रुशोः ६/२ च ०/० उपसर्गे ७/१
3.2.148	32148	3128	vidhi			चलनशब्दार्थादकर्मकाद्युच्	चलनशब्दार्थात् ५/१ अकर्मकात् ५/१ युच् १/१
3.2.149	32149	3129	vidhi			अनुदात्तेतश्च हलादेः	अनुदात्तेतः ५/१ च ०/० हलादेः ५/१
3.2.150	32150	3130	vidhi			जुचङ्क्रम्यदन्द्रम्यसृगृधिज्वलशुचलषपतपदः	जु-चङ्क्रम्य-दन्द्रम्य-सृ-गृधि-ज्वल-शुच-लष-पत-पदः ५/१
3.2.151	32151	3131	vidhi			क्रुधमण्डार्थेभ्यश्च	क्रुध-मण्डार्थेभ्यः ५/३ च ०/०
3.2.152	32152	3132	vidhi			न यः	न ०/० यः ५/१
3.2.153	32153	3133	vidhi			सूददीपदीक्षश्च	सूद-दीप-दीक्षः ५/१ च ०/०
3.2.154	32154	3134	vidhi			लषपतपदस्थाभूवृषहनकमगमशॄभ्य उकञ्	लष-पत-पद-स्था-भू-वृष-हन-कम-गम-शॄभ्य ५/३ उकञ् १/१
3.2.155	32155	3135	vidhi			जल्पभिक्षकुट्टलुण्टवृङः षाकन्	जल्प-भिक्ष-कुट्ट-लुण्ट-वृङः ५/१ षाकन् १/१
3.2.156	32156	3136	vidhi			प्रजोरिनिः	प्रजोः ५/१ इनिः १/१
3.2.157	32157	3137	vidhi			जिदृक्षिविश्रीण्वमाव्यथाभ्यमपरिभूप्रसूभ्यश्च	जि-दृ-क्षि-वि-श्रि-इण्-वम-अव्यथ-अभ्यम-परिभू-प्रसूभ्यश्च ५/३ च ०/०
3.2.158	32158	3138	vidhi			स्पृहिगृहिपतिदयिनिद्रातन्द्राश्रद्धाभ्य आलुच्	स्पृहि-गृहि-पति-दयि-निद्रा-तन्द्रा-श्रद्धाभ्यः ५/३ आलुच् १/१
3.2.159	32159	3139	vidhi			दाधेट्सिशदसदो रुः	दा-धेट्-सि-शद-सदः ५/१ रुः १/१
3.2.160	32160	3140	vidhi			सृघस्यदः क्मरच्	सृ-घसि-अदः ५/१ क्मरच् १/१
3.2.161	32161	3141	vidhi			भञ्जभासमिदो घुरच्	भञ्ज-भास-मिदः ५/१ घुरच् १/१
3.2.162	32162	3142	vidhi			विदिभिदिच्छिदेः कुरच्	विदि-भिदि-च्छिदेः ५/१ कुरच् १/१
3.2.163	32163	3143	vidhi			इण्नश्जिसर्त्तिभ्यः क्वरप्	इण्-नश्-जि-सर्त्तिभ्यः ५/३ क्वरप् १/१
3.2.164	32164	3144	vidhi			गत्वरश्च	गत्वरः १/१ च ०/०
3.2.165	32165	3145	vidhi			जागुरूकः	जागुः १/१ ऊकः १/१
3.2.166	32166	3146	vidhi			यजजपदशां यङः	यज-जप-दशाम् ६/३ यङः ५/१
3.2.167	32167	3147	vidhi			नमिकम्पिस्म्यजसकमहिंसदीपो रः	नमि-कम्पि-स्मि-अजस-कम-हिंस-दीपः ५/१ रः १/१
3.2.168	32168	3148	vidhi			सनाशंसभिक्ष उः	सन्-आशंस-भिक्षः ५/१ उः १/१
3.2.169	32169	3149	vidhi			विन्दुरिच्छुः	विन्दुः १/१ इच्छुः १/१
3.2.170	32170	3150	vidhi			क्याच्छन्दसि	क्यात् ५/१ छन्दसि ७/१
3.2.171	32171	3151	vidhi			आदृगमहनजनः किकिनौ लिट् च	आदृ-गम-हन-जनः ५/१ कि-किनौ १/२ लिट् १/१ च ०/०
3.2.172	32172	3152	vidhi			स्वपितृषोर्नजिङ्	स्वपि-तृषोः ६/२ नजिङ् १/१
3.2.173	32173	3153	vidhi			शॄवन्द्योरारुः	शॄ-वन्द्योः ६/२ आरुः १/१
3.2.174	32174	3154	vidhi			भियः क्रुक्लुकनौ	भियः ५/१ क्रु-क्लुकनौ १/२
3.2.175	32175	3155	vidhi			स्थेशभासपिसकसो वरच्	स्था-ईश-भास-पिस-कसः ५/१ वरच् १/१
3.2.176	32176	3156	vidhi			यश्च यङः	यः ५/१ च ०/० यङः ५/१
3.2.177	32177	3157	vidhi			भ्राजभासधुर्विद्युतोर्जिपॄजुग्रावस्तुवः क्विप्	भ्राज-भास-धुर्-विद्युत-ऊर्जि-पॄ-जु-ग्राव-स्तुवः ५/१ क्विप् १/१
3.2.178	32178	3158	vidhi			अन्येभ्योऽपि दृश्यते	अन्येभ्यः ५/३ अपि ०/० दृश्यते
3.2.179	32179	3159	vidhi			भुवः संज्ञाऽन्तरयोः	भुवः ५/१ संज्ञा-अन्तरयोः ७/२
3.2.180	32180	3160	vidhi			विप्रसम्भ्यो ड्वसंज्ञायाम्	वि-प्र-सम्-भ्यः ५/३ डु १/१ असंज्ञायाम् ७/१
3.2.181	32181	3161	vidhi			धः कर्मणि ष्ट्रन्	धः ६/१ कर्मणि ७/१ ष्ट्रन् १/१
3.2.182	32182	3162	vidhi			दाम्नीशसयुयुजस्तुतुदसिसिचमिहपतदशनहः करणे	दाप्-नी-शस-यु-युज-स्तु-तुद-सि-सिच-मिह-पत-दश-नहः ५/१ करणे ७/१
3.2.183	32183	3164	vidhi			हलसूकरयोः पुवः	हल-सूकरयोः ७/२ पुवः ५/१
3.2.184	32184	3165	vidhi			अर्तिलूधूसूखनसहचर इत्रः	अर्ति-लू-धू-सू-खन-सह-चरः ५/१ इत्रः १/१
3.2.185	32185	3166	vidhi			पुवः संज्ञायाम्	पुवः ५/१ संज्ञायाम् ७/१
3.2.186	32186	3167	vidhi			कर्तरि चर्षिदेवतयोः	कर्तरि ७/१ च ०/० ऋषि-देवतयोः ७/२
3.2.187	32187	3088	vidhi			ञीतः क्तः	ञीतः ५/१ क्तः १/१
3.2.188	32188	3089	vidhi			मतिबुद्धिपूजार्थेभ्यश्च	मति-बुद्धि-पूजार्थेभ्यः ५/३ च ०/०
3.3.1	33001	3169	vidhi			उणादयो बहुलम्	उणादयः १/३ बहुलम् १/१
3.3.2	33002	3170	vidhi			भूतेऽपि दृश्यन्ते	भूते ७/१ अपि ०/० दृश्यन्ते
3.3.3	33003	3171	adhikara		भविष्यदधिकारः	भविष्यति गम्यादयः	भविष्यति ७/१ गमि-आदयः १/३
3.3.4	33004	2783	vidhi			यावत्पुरानिपातयोर्लट्	यावत्-पुरा-निपातयोः ७/२ लट् १/१
3.3.5	33005	2784	vidhi			विभाषा कदाकर्ह्योः	विभाषा १/१ कदा-कर्ह्योः ७/२
3.3.6	33006	2785	vidhi			किंवृत्ते लिप्सायाम्	किंवृत्ते ७/१ लिप्सायाम् ७/१
3.3.7	33007	2786	vidhi			लिप्स्यमानसिद्धौ च	लिप्स्यमान-सिद्धौ ७/१ च ०/०
3.3.8	33008	2787	vidhi			लोडर्थलक्षणे च	लोट्-अर्थलक्षणे ७/१ च ०/०
3.3.9	33009	2788	vidhi			लिङ् चोर्ध्वमौहूर्तिके	लिङ् १/१ च ०/० ऊर्ध्वमौहूर्तिके ७/१
3.3.10	33010	3175	vidhi			तुमुन्ण्वुलौ क्रियायां क्रियार्थायाम्	तुमुन्-ण्वुलौ १/२ क्रियायाम् ७/१ क्रियार्थायाम् ७/१
3.3.11	33011	3180	vidhi			भाववचनाश्च	भाववचनाः १/३ च ०/०
3.3.12	33012	3181	vidhi			अण् कर्मणि च	अण् १/१ कर्मणि ७/१ च ०/०
3.3.13	33013	2193	vidhi			लृट् शेषे च	लृट् १/१ शेषे ७/१ च ०/०
3.3.14	33014	3107	vidhi			लृटः सद् वा	लृटः ६/१ सत् १/१ वा ०/०
3.3.15	33015	2185	vidhi			अनद्यतने लुट्	अनद्यतने ७/१ लुट् १/१
3.3.16	33016	3182	vidhi			पदरुजविशस्पृशो घञ्	पद-रुज-विश-स्पृशः ५/१ घञ् १/१
3.3.17	33017	3183	vidhi			सृ स्थिरे	सृ स्थिरे ७/१
3.3.18	33018	3184	adhikara		भावाधिकारः	भावे	भावे ७/१
3.3.19	33019	3186	adhikara		अकर्तरि च कारके संज्ञायाम् इत्यधिकारः	अकर्तरि च कारके संज्ञायाम्	अकर्तरि ७/१ च ०/० कारके ७/१ संज्ञायाम् ७/१
3.3.20	33020	3190	vidhi			परिमाणाख्यायां सर्वेभ्यः	परिमाणाख्यायाम् ७/१ सर्वेभ्यः ५/३
3.3.21	33021	3191	vidhi			इङश्च	इङः ५/१ च ०/०
3.3.22	33022	3192	vidhi			उपसर्गे रुवः	उपसर्गे ७/१ रुवः ५/१
3.3.23	33023	3194	vidhi			समि युद्रुदुवः	समि ७/१ यु-द्रु-दुवः ५/१
3.3.24	33024	3195	vidhi			श्रिणीभुवोऽनुपसर्गे	श्रि-णी-भुवः ५/१ अनुपसर्गे ७/१
3.3.25	33025	3196	vidhi			वौ क्षुश्रुवः	वौ ७/१ क्षु-श्रुवः ५/१
3.3.26	33026	3197	vidhi			अवोदोर्नियः	अव-उदोः ७/२ नियः ५/१
3.3.27	33027	3198	vidhi			प्रे द्रुस्तुस्रुवः	प्रे ७/१ द्रु-स्तु-स्रुवः ५/१
3.3.28	33028	3199	vidhi			निरभ्योः पूल्वोः	निर्-अभ्योः ७/२ पू-ल्वोः ६/२
3.3.29	33029	3200	vidhi			उन्न्योर्ग्रः	उन्न्योः ७/२ ग्रः ५/१
3.3.30	33030	3201	vidhi			कॄ धान्ये	कॄ धान्ये ७/१
3.3.31	33031	3202	vidhi			यज्ञे समि स्तुवः	यज्ञे ७/१ समि ७/१ स्तुवः ५/१
3.3.32	33032	3203	vidhi			प्रे स्त्रोऽयज्ञे	प्रे ७/१ स्त्रः ५/१ अयज्ञे ७/१
3.3.33	33033	3204	vidhi			प्रथने वावशब्दे	प्रथने ७/१ वौ ७/१ अशब्दे ७/१
3.3.34	33034	3205	vidhi			छन्दोनाम्नि च	छन्दोनाम्नि ७/१ च ०/०
3.3.35	33035	3207	vidhi			उदि ग्रहः	उदि ७/१ ग्रहः ५/१
3.3.36	33036	3208	vidhi			समि मुष्टौ	समि ७/१ मुष्टौ ७/१
3.3.37	33037	3209	vidhi			परिन्योर्नीणोर्द्यूताभ्रेषयोः	परि-न्योः ७/२ नी-णोः ६/२ द्युत-अभ्रेषयोः ७/२
3.3.38	33038	3210	vidhi			परावनुपात्यय इणः	परौ ७/१ अवनुपात्यये ७/१ इणः ५/१
3.3.39	33039	3211	vidhi			व्युपयोः शेतेः पर्याये	वि-उपयोः ७/२ शेतेः ५/१ पर्याये ७/१
3.3.40	33040	3212	vidhi			हस्तादाने चेरस्तेये	हस्तादाने ७/१ चेः ५/१ अस्तेये ७/१
3.3.41	33041	3213	vidhi			निवासचितिशरीरोपसमाधानेष्वादेश्च कः	निवास-चिति-शरीर-उपसमाधानेषु ७/३ आदेः ६/१ च ०/० कः १/१
3.3.42	33042	3214	vidhi			संघे चानौत्तराधर्ये	संघे ७/१ च ०/० अनौत्तराधर्ये ७/१
3.3.43	33043	3215	vidhi			कर्मव्यतिहारे णच् स्त्रियाम्	कर्मव्यतिहारे ७/१ णच् १/१ स्त्रियाम् ७/१
3.3.44	33044	3218	vidhi			अभिविधौ भाव इनुण्	अभिविधौ ७/१ भावे ७/१ इनुण् १/१
3.3.45	33045	3220	vidhi			आक्रोशेऽवन्योर्ग्रहः	आक्रोशे ७/१ अव-न्योः ७/२ ग्रहः ५/१
3.3.46	33046	3221	vidhi			प्रे लिप्सायाम्	प्रे ७/१ लिप्सायाम् ७/१
3.3.47	33047	3222	vidhi			परौ यज्ञे	परौ ७/१ यज्ञे ७/१
3.3.48	33048	3223	vidhi			नौ वृ धान्ये	नौ ७/१ वृ धान्ये ७/१
3.3.49	33049	3224	vidhi			उदि श्रयतियौतिपूद्रुवः	उदि ७/१ श्रयति-यौति-पू-द्रुवः ५/१
3.3.50	33050	3225	vidhi			विभाषाऽऽङि रुप्लुवोः	विभाषा १/१ आङि ७/१ रु-प्लुवोः ६/२
3.3.51	33051	3226	vidhi			अवे ग्रहो वर्षप्रतिबन्धे	अवे ७/१ ग्रहः ५/१ वर्षप्रतिबन्धे ७/१
3.3.52	33052	3227	vidhi			प्रे वणिजाम्	प्रे ७/१ वणिजाम् ६/३
3.3.53	33053	3228	vidhi			रश्मौ च	रश्मौ ७/१ च ०/०
3.3.54	33054	3229	vidhi			वृणोतेराच्छादने	वृणोतेः ५/१ आच्छादने ७/१
3.3.55	33055	3230	vidhi			परौ भुवोऽवज्ञाने	परौ ७/१ भुवः ५/१ अवज्ञाने ७/१
3.3.56	33056	3231	vidhi			एरच्	एः ५/१ अच् १/१
3.3.57	33057	3232	vidhi			ॠदोरप्	ॠदोः ५/१ अप् १/१
3.3.58	33058	3234	vidhi			ग्रहवृदृनिश्चिगमश्च	ग्रह-वृ-दृ-निश्चि-गमः ५/१ च ०/०
3.3.59	33059	3235	vidhi			उपसर्गेऽदः	उपसर्गे ७/१ अदः ५/१
3.3.60	33060	3237	vidhi			नौ ण च	नौ ७/१ ण च ०/०
3.3.61	33061	3238	vidhi			व्यधजपोरनुपसर्गे	व्यध-जपोः ६/२ अनुपसर्गे ७/१
3.3.62	33062	3239	vidhi			स्वनहसोर्वा	स्वन-हसोः ६/२ वा ०/०
3.3.63	33063	3240	vidhi			यमः समुपनिविषु च	यमः ५/१ सम्-उप-नि-विषु ७/३ च ०/०
3.3.64	33064	3241	vidhi			नौ गदनदपठस्वनः	नौ ७/१ गद-नद-पठ-स्वनः ५/१
3.3.65	33065	3242	vidhi			क्वणो वीणायां च	क्वणः ५/१ वीणायाम् ७/१ च ०/०
3.3.66	33066	3243	vidhi			नित्यं पणः परिमाणे	नित्यम् १/१ पणः ५/१ परिमाणे ७/१
3.3.67	33067	3244	vidhi			मदोऽनुपसर्गे	मदः ५/१ अनुपसर्गे ७/१
3.3.68	33068	3245	vidhi			प्रमदसम्मदौ हर्षे	प्रमद-सम्मदौ १/२ हर्षे ७/१
3.3.69	33069	3246	vidhi			समुदोरजः पशुषु	सम्-उदोः ७/२ अजः ५/१ पशुषु ७/३
3.3.70	33070	3247	vidhi			अक्षेषु ग्लहः	अक्षेषु ७/३ ग्लहः १/१
3.3.71	33071	3248	vidhi			प्रजने सर्तेः	प्रजने ७/१ सर्तेः ५/१
3.3.72	33072	3249	vidhi			ह्वः सम्प्रसारणं च न्यभ्युपविषु	ह्वः ५/१ सम्प्रसारणम् १/१ च ०/० नि-अभि-उप-वि-षु ७/३
3.3.73	33073	3250	vidhi			आङि युद्धे	आङि ७/१ युद्धे ७/१
3.3.74	33074	3251	vidhi			निपानमाहावः	निपानम् १/१ आहावः १/१
3.3.75	33075	3252	vidhi			भावेऽनुपसर्गस्य	भावे ७/१ अनुपसर्गस्य ६/१
3.3.76	33076	3253	vidhi			हनश्च वधः	हनः ६/१ च ०/० वधः १/१
3.3.77	33077	3254	vidhi			मूर्तौ घनः	मूर्तौ ७/१ घनः १/१
3.3.78	33078	3255	vidhi			अन्तर्घनो देशे	अन्तर्घनः १/१ देशे ७/१
3.3.79	33079	3256	vidhi			अगारैकदेशे प्रघणः प्रघाणश्च	अगारैकदेशे ७/१ प्रघणः १/१ प्रघाणः १/१ च ०/०
3.3.80	33080	3257	vidhi			उद्घनोऽत्याधानम्	उद्घनः १/१ अत्याधानम् १/१
3.3.81	33081	3258	vidhi			अपघनोऽङ्गम्	अपघनः १/१ अङ्गम् १/१
3.3.82	33082	3259	vidhi			करणेऽयोविद्रुषु	करणे ७/१ अयस्-वि-द्रुषु ७/३
3.3.83	33083	3260	vidhi			स्तम्बे क च	स्तम्बे ७/१ क च ०/०
3.3.84	33084	3261	vidhi			परौ घः	परौ ७/१ घः १/१
3.3.85	33085	3263	vidhi			उपघ्न आश्रये	उपघ्नः १/१ आश्रये ७/१
3.3.86	33086	3264	vidhi			संघोद्घौ गणप्रशंसयोः	संघ-उद्घौ १/२ गण-प्रशंसयोः ७/२
3.3.87	33087	3265	vidhi			निघो निमितम्	निघः १/१ निमितम् १/१
3.3.88	33088	3266	vidhi			ड्वितः क्त्रिः	ड्वितः ५/१ क्त्रिः १/१
3.3.89	33089	3267	vidhi			ट्वितोऽथुच्	ट्वितः ५/१ अथुच् १/१
3.3.90	33090	3268	vidhi			यजयाचयतविच्छप्रच्छरक्षो नङ्	यज-याच-यत-विच्छ-प्रच्छ-रक्षः ५/१ नङ् १/१
3.3.91	33091	3269	vidhi			स्वपो नन्	स्वपः ५/१ नन् १/१
3.3.92	33092	3270	vidhi			उपसर्गे घोः किः	उपसर्गे ७/१ घोः ५/१ किः १/१
3.3.93	33093	3271	vidhi			कर्मण्यधिकरणे च	कर्मणि ७/१ अधिकरणे ७/१ च ०/०
3.3.94	33094	3272	adhikara		स्त्र्यधिकारः (प्रथमः)	स्त्रियां क्तिन्	स्त्रियाम् ७/१ क्तिन् १/१
3.3.95	33095	3273	vidhi			स्थागापापचो भावे	स्था-गा-पा-पचः ५/१ भावे ७/१
3.3.96	33096	3420	vidhi			मन्त्रे वृषेषपचमनविदभूवीरा उदात्तः	मन्त्रे ७/१ वृष-इष-पच-मन-विद-भू-वी-राः १/३ उदात्तः १/१
3.3.97	33097	3274	vidhi			ऊतियूतिजूतिसातिहेतिकीर्तयश्च	ऊति-यूति-जूति-साति-हेति-कीर्तयः १/३ च ०/०
3.3.98	33098	3275	vidhi			व्रजयजोर्भावे क्यप्	व्रज-यजोः ६/२ भावे ७/१ क्यप् १/१
3.3.99	33099	3276	vidhi			संज्ञायां समजनिषदनिपतमनविदषुञ्शीङ्भृञिणः	संज्ञायाम् ७/१ समज-निषद-निपत-मन-विद-षुञ्-शीङ्-भृञ्-इणः ५/१
3.3.100	33100	3277	vidhi			कृञः श च	कृञः ५/१ श च ०/०
3.3.101	33101	3278	vidhi			इच्छा	इच्छा १/१
3.3.102	33102	3279	vidhi			अ प्रत्ययात्	अ प्रत्ययात् ५/१
3.3.103	33103	3280	vidhi			गुरोश्च हलः	गुरोः ५/१ च ०/० हलः ५/१
3.3.104	33104	3281	vidhi			षिद्भिदादिभ्योऽङ्	षिद्-भिदादिभ्यः ५/३ अङ् १/१
3.3.105	33105	3282	vidhi			चिन्तिपूजिकथिकुम्बिचर्चश्च	चिन्ति-पूजि-कथि-कुम्बि-चर्चः ५/१ च ०/०
3.3.106	33106	3283	vidhi			आतश्चोपसर्गे	आतः ५/१ च ०/० उपसर्गे ७/१
3.3.107	33107	3284	vidhi			ण्यासश्रन्थो युच्	णि-आस-श्रन्थः ५/१ युच् १/१
3.3.108	33108	3285	vidhi			रोगाख्यायां ण्वुल् बहुलम्	रोगाख्यायाम् ७/१ ण्वुल् १/१ बहुलम् १/१
3.3.109	33109	3286	vidhi			संज्ञायाम्	संज्ञायाम् ७/१
3.3.110	33110	3287	vidhi			विभाषाऽऽख्यानपरिप्रश्नयोरिञ् च	विभाषा १/१ आख्यान-परिप्रश्नयोः ७/२ इञ् ७/२ च ०/०
3.3.111	33111	3288	vidhi			पर्यायार्हर्णोत्पत्तिषु ण्वुच्	पर्याय-अर्ह-ऋण-उत्पत्तिषु ७/३ ण्वुच् १/१
3.3.112	33112	3289	vidhi			आक्रोशे नञ्यनिः	आक्रोशे ७/१ नञि ७/१ अनिः ७/१
3.3.113	33113	2841	vidhi			कृत्यल्युटो बहुलम्	कृत्यल्युटः १/३ बहुलम् १/१
3.3.114	33114	3090	vidhi			नपुंसके भावे क्तः	नपुंसके ७/१ भावे ७/१ क्तः ५/१
3.3.115	33115	3290	vidhi			ल्युट् च	ल्युट् १/१ च ०/०
3.3.116	33116	3291	vidhi			कर्मणि च येन संस्पर्शात् कर्तुः शरीरसुखम्	कर्मणि ७/१ च ०/० येन ३/१ संस्पर्शात् ५/१ कर्तुः ६/१ शरीरसुखम् १/१
3.3.117	33117	3293	adhikara		करणाधिकरणयोः इत्यधिकारः	करणाधिकरणयोश्च	करण-अधिकरणयोः ७/२ च ०/०
3.3.118	33118	3296	vidhi			पुंसि संज्ञायां घः प्रायेण	पुंसि ७/१ संज्ञायाम् ७/१ घः १/१ प्रायेण ३/१
3.3.119	33119	3298	vidhi			गोचरसंचरवहव्रजव्यजापणनिगमाश्च	गोचर-संचर-वह-व्रज-व्यज-आपण-निगमाः १/३ च ०/०
3.3.120	33120	3299	vidhi			अवे तॄस्त्रोर्घञ्	अवे ७/१ तॄ-स्त्रोः ६/२ घञ् १/१
3.3.121	33121	3300	vidhi			हलश्च	हलः ५/१ च ०/०
3.3.122	33122	3301	vidhi			अध्यायन्यायोद्यावसंहाराधारावायाश्च	अध्याय-न्याय-उद्याव-संहार-आधार-आवयाः १/३ च ०/०
3.3.123	33123	3302	vidhi			उदङ्कोऽनुदके	उदङ्कः १/१ अनुदके ७/१
3.3.124	33124	3303	vidhi			जालमानायः	जालम् १/१ आनायः १/१
3.3.125	33125	3304	vidhi			खनो घ च	खनः ५/१ घ च ०/०
3.3.126	33126	3305	vidhi			ईषद्दुःसुषु कृच्छ्राकृच्छ्रार्थेषु खल्	ईषत्-दुस्-सुषु ७/३ कृच्छ्र-अकृच्छ्र-अर्थेषु ७/३ खल् १/१
3.3.127	33127	3308	vidhi			कर्तृकर्मणोश्च भूकृञोः	कर्तृ-कर्मणोः ७/२ च ०/० भू-कृञोः ६/२
3.3.128	33128	3309	vidhi			आतो युच्	आतः ५/१ युच् १/१
3.3.129	33129	3421	vidhi			छन्दसि गत्यर्थेभ्यः	छन्दसि ७/१ गत्यर्थेभ्यः ५/३
3.3.130	33130	3422	vidhi			अन्येभ्योऽपि दृश्यते	अन्येभ्यः ५/३ अपि ०/० दृश्यते
3.3.131	33131	2789	atidesha		वर्तमानविधानातिदेशः	वर्तमानसामीप्ये वर्तमानवद्वा	वर्तमानसामीप्ये ७/१ वर्तमानवत् ०/० वा ०/०
3.3.132	33132	2790	vidhi			आशंसायां भूतवच्च	आशंसायाम् ७/१ भूतवत् ०/० च ०/०
3.3.133	33133	2791	vidhi			क्षिप्रवचने लृट्	क्षिप्रवचने ७/१ लृट् १/१
3.3.134	33134	2792	vidhi			आशंसावचने लिङ्	आशंसावचने ७/१ लिङ् १/१
3.3.135	33135	2793	atidesha		अनद्यतनवत् प्रत्ययविधेः प्रतिषेधातिदेशः	नानद्यतनवत् क्रियाप्रबन्धसामीप्ययोः	न ०/० अनद्यतनवत् ०/० क्रियाप्रबन्ध-सामीप्ययोः ७/२
3.3.136	33136	2794	vidhi			भविष्यति मर्यादावचनेऽवरस्मिन्	भविष्यति ७/१ मर्यादावचने ७/१ अ-वरस्मिन् ७/१
3.3.137	33137	2795	vidhi			कालविभागे चानहोरात्राणाम्	कालविभागे ७/१ च ०/० अनहोरात्राणाम् ६/३
3.3.138	33138	2796	vidhi			परस्मिन् विभाषा	परस्मिन् ७/१ विभाषा १/१
3.3.139	33139	2229	vidhi			लिङ्निमित्ते लृङ् क्रियातिपत्तौ	लिङ्निमित्ते ७/१ लृङ् १/१ क्रियातिपत्तौ ७/१
3.3.140	33140	2797	vidhi			भूते च	भूते ७/१ च ०/०
3.3.141	33141	2798	adhikara		वा लृङधिकारः	वोताप्योः	वा ०/० आ ०/० उताप्योः ७/२
3.3.142	33142	2799	vidhi			गर्हायां लडपिजात्वोः	गर्हायाम् ७/१ लट् १/१ अपिजात्वोः ७/२
3.3.143	33143	2800	vidhi			विभाषा कथमि लिङ् च	विभाषा १/१ कथमि ७/१ लिङ् १/१ च ०/०
3.3.144	33144	2801	vidhi			किंवृत्ते लिङ्लृटौ	किंवृत्ते ७/१ लिङ्लृटौ १/२
3.3.145	33145	2802	vidhi			अनवकॢप्त्यमर्षयोरकिंवृत्तेऽपि	अनवकॢप्ति-अमर्षयोः ७/२ अकिंवृत्ते ७/१ अपि ०/०
3.3.146	33146	2803	vidhi			किंकिलास्त्यर्थेषु लृट्	किंकिल-अस्त्यर्थेषु ७/३ लृट् १/१
3.3.147	33147	2804	vidhi			जातुयदोर्लिङ्	जातु-यदोः ७/२ लिङ् १/१
3.3.148	33148	2805	vidhi			यच्चयत्रयोः	यच्च-यत्रयोः ७/२
3.3.149	33149	2806	vidhi			गर्हायां च	गर्हायाम् ७/१ च ०/०
3.3.150	33150	2807	vidhi			चित्रीकरणे च	चित्रीकरणे ७/१ च ०/०
3.3.151	33151	2808	vidhi			शेषे लृडयदौ	शेषे ७/१ लृट् १/१ अयदौ ७/१
3.3.152	33152	2809	vidhi			उताप्योः समर्थयोर्लिङ्	उत-अप्योः ७/२ समर्थयोः ७/२ लिङ् १/१
3.3.153	33153	2810	vidhi			कामप्रवेदनेऽकच्चिति	कामप्रवेदने ७/१ अकच्चिति ७/१
3.3.154	33154	2811	vidhi			सम्भावनेऽलमिति चेत् सिद्धाप्रयोगे	सम्भावने ७/१ अलम् ०/० इति ०/० चेत् ०/० सिद्धाप्रयोगे ७/१
3.3.155	33155	2812	vidhi			विभाषा धातौ सम्भावनवचनेऽयदि	विभाषा १/१ धातौ ७/१ सम्भावनवचने ७/१ अयदि ७/१
3.3.156	33156	2813	vidhi			हेतुहेतुमतोर्लिङ्	हेतु-हेतुमतोः ७/२ लिङ् १/१
3.3.157	33157	2814	vidhi			इच्छार्थेषु लिङ्लोटौ	इच्छार्थेषु ७/३ लिङ्-लोटौ १/२
3.3.158	33158	3176	vidhi			समानकर्तृकेषु तुमुन्	समानकर्तृकेषु ७/३ तुमुन् १/१
3.3.159	33159	2815	vidhi			लिङ् च	लिङ् १/१ च ०/०
3.3.160	33160	2816	vidhi			इच्छार्थेभ्यो विभाषा वर्तमाने	इच्छार्थेभ्यो ५/३ विभाषा १/१ वर्त्तमाने ७/१
3.3.161	33161	2208	vidhi			विधिनिमन्त्रणामन्त्रणाधीष्टसंप्रश्नप्रार्थनेषु लिङ्	विधि-निमन्त्रण-आमन्त्रण-अधीष्ट-सम्प्रश्न-प्रार्थनेषु ७/३ लिङ् १/१
3.3.162	33162	2194	vidhi			लोट् च	लोट् १/१ च ०/०
3.3.163	33163	2817	vidhi			प्रैषातिसर्गप्राप्तकालेषु कृत्याश्च	प्रैष-अतिसर्ग-प्राप्तकालेषु ७/३ कृत्याः १/३ च ०/०
3.3.164	33164	2818	vidhi			लिङ् चोर्ध्वमौहूर्तिके	लिङ् १/१ च ०/० ऊर्ध्वमौहूर्तिके ७/१
3.3.165	33165	2819	vidhi			स्मे लोट्	स्मे ७/१ लोट् १/१
3.3.166	33166	2820	vidhi			अधीष्टे च	अधीष्टे ७/१ च ०/०
3.3.167	33167	3179	vidhi			कालसमयवेलासु तुमुन्	काल-समय-वेलासु ७/३ तुमुन् १/१
3.3.168	33168	2821	vidhi			लिङ् यदि	लिङ् १/१ यदि ७/१
3.3.169	33169	2822	vidhi			अर्हे कृत्यतृचश्च	अर्हे ७/१ कृत्य-तृचः १/३ च ०/०
3.3.170	33170	3311	vidhi			आवश्यकाधमर्ण्ययोर्णिनिः	आवश्यक-आधमर्ण्ययोः ७/२ णिनिः १/१
3.3.171	33171	3312	vidhi			कृत्याश्च	कृत्याः १/३ च ०/०
3.3.172	33172	2823	vidhi			शकि लिङ् च	शकि ७/१ लिङ् १/१ च ०/०
3.3.173	33173	2195	vidhi			आशिषि लिङ्लोटौ	आशिषि ७/१ लिङ्-लोटौ १/२
3.3.174	33174	3313	vidhi			क्तिच्क्तौ च संज्ञायाम्	क्तिच्-क्तौ १/२ च ०/० संज्ञायाम् ७/१
3.3.175	33175	2219	vidhi			माङि लुङ्	माङि ७/१ लुङ् १/१
3.3.176	33176	2220	vidhi			स्मोत्तरे लङ् च	स्मोत्तरे ७/१ लङ् १/१ च ०/०
3.4.1	34001	2824	vidhi			धातुसम्बन्धे प्रत्ययाः	धातुसम्बन्धे ७/१ प्रत्ययाः १/३
3.4.2	34002	2825	vidhi			क्रियासमभिहारे लोट्; लोटो हिस्वौ; वा च तध्वमोः	क्रियासमभिहारे ७/१ लोट् १/१ लोटः ६/१ हिस्वौ १/२ वा ०/० च ०/० तध्वमोः ६/२
3.4.3	34003	2826	vidhi			समुच्चयेऽन्यतरस्याम्	समुच्चये ७/१ अन्यतरस्याम् ७/१
3.4.4	34004	2827	vidhi			यथाविध्यनुप्रयोगः पूर्वस्मिन्	यथाविधि ०/० अनुप्रयोगः १/१ पूर्वस्मिन् ७/१
3.4.5	34005	2828	vidhi			समुच्चये सामान्यवचनस्य	समुच्चये ७/१ सामान्यवचनस्य ६/१
3.4.6	34006	3423	vidhi			छन्दसि लुङ्लङ्लिटः	छन्दसि ७/१ लुङ्-लङ्-लिटः १/३
3.4.7	34007	3424	vidhi			लिङर्थे लेट्	लिङर्थे ७/१ लेट् १/१
3.4.8	34008	3431	vidhi			उपसंवादाशङ्कयोश्च	उपसंवाद-आशङ्कयोः ७/२ च ०/०
3.4.9	34009	3436	vidhi			तुमर्थे सेसेनसेऽसेन्क्सेकसेनध्यैअध्यैन्कध्यैकध्यैन्शध्यैशध्यैन्तवैतवेङ्तवेनः	तुमर्थे ७/१ से-सेन्-असे-असेन्-क्से-कसेन्-अध्यै-अध्यैन्-कध्यै-कध्यैन्-शध्यै-शध्यैन्-तवै-तवेङ्-तवेनः १/३
3.4.10	34010	3437	vidhi			प्रयै रोहिष्यै अव्यथिष्यै	प्रयै ०/० रोहिष्यै ०/० अव्यथिष्यै ०/०
3.4.11	34011	3438	vidhi			दृशे विख्ये च	दृशे ७/१ विख्ये ०/० च ०/०
3.4.12	34012	3439	vidhi			शकि णमुल्कमुलौ	शकि ७/१ णमुल्-कमुलौ १/२
3.4.13	34013	3440	vidhi			ईश्वरे तोसुन्कसुनौ	ईश्वरे ७/१ तोसुन्-कसुनौ १/२
3.4.14	34014	3441	vidhi			कृत्यार्थे तवैकेन्केन्यत्वनः	कृत्यार्थे ७/१ तवै-केन्-केन्य-त्वनः १/३
3.4.15	34015	3442	vidhi			अवचक्षे च	अवचक्षे ७/१ च ०/०
3.4.16	34016	3443	vidhi			भावलक्षणे स्थेण्कृञ्वदिचरिहुतमिजनिभ्यस्तोसुन्	भावलक्षणे ७/१ स्था-इण्-कृञ्-वदि-चरि-हु-तमि-जनिभ्यः ५/३ तोसुन् १/१
3.4.17	34017	3444	vidhi			सृपितृदोः कसुन्	सृपि-तृदोः ६/२ कसुन् १/१
3.4.18	34018	3316	vidhi			अलङ्खल्वोः प्रतिषेधयोः प्राचां क्त्वा	अलम्-खल्वोः ७/२ प्रतिषेधयोः ७/२ प्राचाम् ६/३ क्त्वा १/१
3.4.19	34019	3317	vidhi			उदीचां माङो व्यतीहारे	उदीचाम् ६/३ माङः ५/१ व्यतीहारे ७/१
3.4.20	34020	3319	vidhi			परावरयोगे च	पर-अवर-योगे ७/१ च ०/०
3.4.21	34021	3320	vidhi			समानकर्तृकयोः पूर्वकाले	समानकर्त्तृकयोः ७/२ पूर्वकाले ७/१
3.4.22	34022	3343	vidhi			आभीक्ष्ण्ये णमुल् च	आभीक्ष्ण्ये ७/१ णमुल् १/१ च ०/०
3.4.23	34023	3344	vidhi			न यद्यनाकाङ्क्षे	न ०/० यदि ७/१ अनाकाङ्क्षे ७/१
3.4.24	34024	3345	vidhi			विभाषाऽग्रेप्रथमपूर्वेषु	विभाषा १/१ अग्रे-प्रथम-पूर्वेषु ७/३
3.4.25	34025	3346	vidhi			कर्मण्याक्रोशे कृञः खमुञ्	कर्मणि ७/१ आक्रोशे ७/१ कृञः ५/१ खमुञ् १/१
3.4.26	34026	3347	vidhi			स्वादुमि णमुल्	स्वादुमि ७/१ णमुल् १/१
3.4.27	34027	3348	vidhi			अन्यथैवंकथमित्थंसु सिद्धाप्रयोगश्चेत्	अन्यथा-एवम्-कथम्-इत्थम्-सु ७/३ सिद्धाप्रयोगः १/१ चेत् ०/०
3.4.28	34028	3349	vidhi			यथातथयोरसूयाप्रतिवचने	यथा-तथयोः ७/२ असूयाप्रतिवचने ७/१
3.4.29	34029	3350	vidhi			कर्मणि दृशिविदोः साकल्ये	कर्मणि ७/१ दृशिविदोः ६/२ साकल्ये ७/१
3.4.30	34030	3351	vidhi			यावति विन्दजीवोः	यावति ७/१ विन्द-जीवोः ६/२
3.4.31	34031	3352	vidhi			चर्मोदरयोः पूरेः	चर्म-उदरयोः ७/२ पूरेः ५/१
3.4.32	34032	3353	vidhi			वर्षप्रमाण ऊलोपश्चास्यान्यतरस्याम्	वर्षप्रमाणे ७/१ ऊलोपः १/१ च ०/० अस्य ६/१ अन्यतरस्याम् ७/१
3.4.33	34033	3354	vidhi			चेले क्नोपेः	चेले ७/१ क्नोपेः ५/१
3.4.34	34034	3355	vidhi			निमूलसमूलयोः कषः	निमूल-समूलयोः ७/२ कषः ५/१
3.4.35	34035	3356	vidhi			शुष्कचूर्णरूक्षेषु पिषः	शुष्क-चूर्ण-रूक्षेषु ७/३ पिषः ५/१
3.4.36	34036	3357	vidhi			समूलाकृतजीवेषु हन्कृञ्ग्रहः	समूल-अकृत-जीवेषु ७/३ हन्-कृञ्-ग्रहः ५/१
3.4.37	34037	3358	vidhi			करणे हनः	करणे ७/१ हनः ५/१
3.4.38	34038	3359	vidhi			स्नेहने पिषः	स्नेहने ७/१ पिषः ५/१
3.4.39	34039	3360	vidhi			हस्ते वर्त्तिग्रहोः	हस्ते ७/१ वर्त्ति-ग्रहोः ६/२
3.4.40	34040	3361	vidhi			स्वे पुषः	स्वे ७/१ पुषः ५/१
3.4.41	34041	3362	vidhi			अधिकरणे बन्धः	अधिकरणे ७/१ बन्धः ५/१
3.4.42	34042	3363	vidhi			संज्ञायाम्	संज्ञायाम् ७/१
3.4.43	34043	3364	vidhi			कर्त्रोर्जीवपुरुषयोर्नशिवहोः	कर्त्रोः ७/२ जीव-पुरुषयोः ७/२ नशि-वहोः ६/२
3.4.44	34044	3365	vidhi			ऊर्ध्वे शुषिपूरोः	ऊर्ध्वे ७/१ शुषि-पूरोः ६/२
3.4.45	34045	3366	vidhi			उपमाने कर्मणि च	उपमाने ७/१ कर्मणि ७/१ च ०/०
3.4.46	34046	3367	vidhi			कषादिषु यथाविध्यनुप्रयोगः	कषादिषु ७/३ यथाविधि ०/० अनुप्रयोगः १/१
3.4.47	34047	3368	vidhi			उपदंशस्तृतीयायाम्	उपदंशः ५/१ तृतीयायाम् ७/१
3.4.48	34048	3369	vidhi			हिंसार्थानां च समानकर्मकाणाम्	हिंसार्थानाम् ६/३ च ०/० समानकर्मकाणाम् ६/३
3.4.49	34049	3370	vidhi			सप्तम्यां चोपपीडरुधकर्षः	सप्तम्याम् ७/१ च ०/० उप-पीड-रुध-कर्षः १/१
3.4.50	34050	3371	vidhi			समासत्तौ	समासत्तौ ७/१
3.4.51	34051	3372	vidhi			प्रमाणे च	प्रमाणे ७/१ च ०/०
3.4.52	34052	3373	vidhi			अपादाने परीप्सायाम्	अपादाने ७/१ परीप्सायाम् ७/१
3.4.53	34053	3374	vidhi			द्वितीयायां च	द्वितीयायाम् ७/१ च ०/०
3.4.54	34054	3376	vidhi			स्वाङ्गेऽध्रुवे	स्वाङ्गे ७/१ अध्रुवे ७/१
3.4.55	34055	3377	vidhi			परिक्लिश्यमाने च	परिक्लिश्यमाने ७/१ च ०/०
3.4.56	34056	3378	vidhi			विशिपतिपदिस्कन्दां व्याप्यमानासेव्यमानयोः	विशि-पति-पदि-स्कन्दाम् ६/३ व्याप्यमान-आसेव्यमानयोः ७/२
3.4.57	34057	3379	vidhi			अस्यतितृषोः क्रियाऽन्तरे कालेषु	अस्यति-तृषोः ६/२ क्रियान्तरे ७/१ कालेषु ७/३
3.4.58	34058	3380	vidhi			नाम्न्यादिशिग्रहोः	नाम्नि ७/१ आदिशि-ग्रहोः ६/२
3.4.59	34059	3381	vidhi			अव्ययेऽयथाभिप्रेताख्याने कृञः क्त्वाणमुलौ	अव्यये ७/१ अयथाभिप्रेताख्याने ७/१ कृञः ५/१ क्त्वा-णमुलौ १/२
3.4.60	34060	3382	vidhi			तिर्यच्यपवर्गे	तिर्यचि ७/१ अपवर्गे ७/१
3.4.61	34061	3383	vidhi			स्वाङ्गे तस्प्रत्यये कृभ्वोः	स्वाङ्गे ७/१ तस्-प्रत्यये ७/१ कृ-भ्वोः ६/२
3.4.62	34062	3384	vidhi			नाधाऽर्थप्रत्यये च्व्यर्थे	ना-धा-अर्थप्रत्यये ७/१ च्व्यर्थे ७/१
3.4.63	34063	3385	vidhi			तूष्णीमि भुवः	तूष्णीमि ७/१ भुवः ५/१
3.4.64	34064	3386	vidhi			अन्वच्यानुलोम्ये	अन्वचि ७/१ आनुलोम्ये ७/१
3.4.65	34065	3177	vidhi			शकधृषज्ञाग्लाघटरभलभक्रमसहार्हास्त्यर्थेषु तुमुन्	शक-धृष-ज्ञा-ग्ला-घट-रभ-लभ-क्रम-सह-अर्ह-अस्ति-अर्थेषु ७/३ तुमुन् १/१
3.4.66	34066	3178	vidhi			पर्याप्तिवचनेष्वलमर्थेषु	पर्याप्तिवचनेषु ७/३ अलम्-अर्थेषु ७/३
3.4.67	34067	2832	vidhi			कर्तरि कृत्	कर्तरि ७/१ कृत् १/१
3.4.68	34068	2894	vidhi			भव्यगेयप्रवचनीयोपस्थानीयजन्याप्लाव्यापात्या वा	भव्य-गेय-प्रवचनीय-उपस्थानीय-जन्य-आप्लाव्य-आपात्याः १/३ वा ०/०
3.4.69	34069	2152	vidhi			लः कर्मणि च भावे चाकर्मकेभ्यः	लः १/३ कर्मणि ७/१ च ०/० भावे ७/१ च ०/० अकर्मकेभ्यः ५/३
3.4.70	34070	2833	vidhi			तयोरेव कृत्यक्तखलर्थाः	तयोः ७/२ एव ०/० कृत्य-क्त-खलर्थाः १/३
3.4.71	34071	3053	vidhi			आदिकर्मणि क्तः कर्तरि च	आदिकर्मणि ७/१ क्तः १/१ कर्तरि ७/१ च ०/०
3.4.72	34072	3086	vidhi			गत्यर्थाकर्मकश्लिषशीङ्स्थाऽऽसवसजनरुहजीर्यतिभ्यश्च	गत्यर्थ-अकर्मक-श्लिष-शीङ्-स्था-आस-वस-जन-रुह-जीर्यतिभ्यः ५/३ च ०/०
3.4.73	34073	3172	vidhi			दाशगोघ्नौ सम्प्रदाने	दाश-गोघ्नौ १/२ सम्प्रदाने ७/१
3.4.74	34074	3173	vidhi			भीमादयोऽपादाने	भीमादयः १/३ अपादाने ७/१
3.4.75	34075	3174	vidhi			ताभ्यामन्यत्रोणादयः	ताभ्याम् ५/२ अन्यत्र ०/० उणादयः १/३
3.4.76	34076	3087	vidhi			क्तोऽधिकरणे च ध्रौव्यगतिप्रत्यवसानार्थेभ्यः	क्तः १/१ अधिकरणे ७/१ च ०/० ध्रौव्य-गति-प्रत्यवसानार्थेभ्यः ५/३
3.4.77	34077	2153	adhikara		लाधिकारः	लस्य	लस्य ६/१
3.4.78	34078	2154	vidhi			तिप्तस्झिसिप्थस्थमिब्वस्मस् तातांझथासाथांध्वमिड्वहिमहिङ्	तिप्-तस्-झि-सिप्-थस्-थ-मिप्-वस्-मस्-त-आताम्-झ-थास्-आथाम्-ध्वम्-इड्-वहि-महिङ् १/१
3.4.79	34079	2233	vidhi			टित आत्मनेपदानां टेरे	टितः ६/१ आत्मनेपदानाम् ६/३ टेः ६/१ ए
3.4.80	34080	2236	vidhi			थासस्से	थासः ६/१ से
3.4.81	34081	2241	vidhi			लिटस्तझयोरेशिरेच्	लिटः ६/१ त-झयोः ६/२ एश्-इरेच् १/१
3.4.82	34082	2173	vidhi			परस्मैपदानां णलतुसुस्थलथुसणल्वमाः	परस्मैपदानाम् ६/३ णल्-अतुस्-उस्-थल्-अथुस्-अ-णल्-व-माः १/३
3.4.83	34083	2464	vidhi			विदो लटो वा	विदः ५/१ लटः ६/१ वा ०/०
3.4.84	34084	2450	vidhi			ब्रुवः पञ्चानामादित आहो ब्रुवः	ब्रुवः ५/१ पञ्चानाम् ६/३ आदितः ०/० आहः १/१ ब्रुवः ६/१
3.4.85	34085	2198	atidesha		लकारप्रत्ययातिदेशः	लोटो लङ्वत्	लोटः ६/१ लङ्वत् ०/०
3.4.86	34086	2196	vidhi			एरुः	एः ६/१ उः १/१
3.4.87	34087	2201	atidesha		अपित्त्वातिदेशः	सेर्ह्यपिच्च	सेः ६/१ हि अपित् १/१ च ०/०
3.4.88	34088	3552	vidhi			वा छन्दसि	वा ०/० छन्दसि ७/१
3.4.89	34089	2203	vidhi			मेर्निः	मेः ६/१ निः १/१
3.4.90	34090	2251	vidhi			आमेतः	आम् १/१ एतः ६/१
3.4.91	34091	2252	vidhi			सवाभ्यां वामौ	स-वाभ्याम् ५/२ व-अमौ १/२
3.4.92	34092	2204	atidesha		पित्त्वातिदेशः	आडुत्तमस्य पिच्च	आट् १/१ उत्तमस्य ६/१ पित् १/१ च ०/०
3.4.93	34093	2253	vidhi			एत ऐ	एतः ६/१ ऐ
3.4.94	34094	3427	vidhi			लेटोऽडाटौ	लेटः ६/१ अट्-आटौ १/२
3.4.95	34095	3429	vidhi			आत ऐ	आतः ६/१ ऐ
3.4.96	34096	3430	vidhi			वैतोऽन्यत्र	वा ०/० एतः ६/१ अन्यत्र ०/०
3.4.97	34097	3426	vidhi			इतश्च लोपः परस्मैपदेषु	इतः ६/१ च ०/० लोपः १/१ परस्मैपदेषु ७/३
3.4.98	34098	3428	vidhi			स उत्तमस्य	सः ६/१ उत्तमस्य ६/१
3.4.99	34099	2200	vidhi			नित्यं ङितः	नित्यम् १/१ ङितः ६/१
3.4.100	34100	2207	vidhi			इतश्च	इतः ६/१ च ०/०
3.4.101	34101	2199	vidhi			तस्थस्थमिपां तांतंतामः	तस्-थस्-थ-मिपाम् ६/३ ताम्-तम्-त-अमः १/३
3.4.102	34102	2255	vidhi			लिङस्सीयुट्	लिङः ६/१ सीयुट् १/१
3.4.103	34103	2209	vidhi			यासुट् परस्मैपदेषूदात्तो ङिच्च	यासुट् १/१ परस्मैपदेषु ७/३ उदात्तः १/१ ङित् १/१ च ०/०
3.4.104	34104	2216	vidhi			किदाशिषि	कित् १/१ आशिषि ७/१
3.4.105	34105	2256	vidhi			झस्य रन्	झस्य ६/१ रन् १/१
3.4.106	34106	2257	vidhi			इटोऽत्	इटः ६/१ अत् १/१
3.4.107	34107	2210	vidhi			सुट् तिथोः	सुट् १/१ तिथोः ६/२
3.4.108	34108	2213	vidhi			झेर्जुस्	झेः ६/१ जुस् १/१
3.4.109	34109	2226	vidhi			सिजभ्यस्तविदिभ्यश्च	सिच्-अभ्यस्त-विदिभ्यः ५/३ च ०/०
3.4.110	34110	2227	vidhi			आतः	आतः ५/१
3.4.111	34111	2463	vidhi			लङः शाकटायनस्यैव	लङः ६/१ शाकटायनस्य ६/१ एव ०/०
3.4.112	34112	2435	vidhi			द्विषश्च	द्विषः ५/१ च ०/०
3.4.113	34113	2166	samjna	सार्वधातुक	सार्वधातुकसंज्ञा	तिङ्शित्सार्वधातुकम्	तिङ्-शित् १/१ सार्वधातुकम् १/१
3.4.114	34114	2187	samjna	आर्धधातुक	आर्धधातुकसंज्ञा	आर्धधातुकं शेषः	आर्धधातुकम् १/१ शेषः १/१
3.4.115	34115	2172	samjna	आर्धधातुक	आर्धधातुकसंज्ञा	लिट् च	लिट् १/१ च ०/०
3.4.116	34116	2215	samjna	आर्धधातुक	आर्धधातुकसंज्ञा	लिङाशिषि	लिङ् १/१ आशिषि ७/१
3.4.117	34117	3435	samjna	आर्धधातुक	आर्धधातुकसंज्ञा	छन्दस्युभयथा	छन्दसि ७/१ उभयथा ०/०
4.1.1	41001	182	adhikara		प्रातिपदिकाधिकारः	ङ्याप्प्रातिपदिकात्	ङी-आप्-प्रातिपदिकात् ५/१
4.1.2	41002	183	vidhi			स्वौजसमौट्छष्टाभ्याम्भिस्ङेभ्याम्भ्यस्ङसिभ्याम्भ्यस्ङसोसाङ्ङ्योस्सुप्	सुँ-औ-जस्-अम्-औट्-शस्-टा-भ्याम्-भिस्-ङे-भ्याम्-भ्यस्-ङसिँ-भ्याम्-भ्यस्-ङस्-ओस्-आम्-ङि-ओस्-सुप् १/१
4.1.3	41003	453	adhikara		स्त्र्यधिकारः (द्वितीयः)	स्त्रियाम्	स्त्रियाम् ७/१
4.1.4	41004	454	vidhi			अजाद्यतष्टाप्	अजादि-अतः ५/१ टाप् १/१
4.1.5	41005	306	vidhi			ऋन्नेभ्यो ङीप्	ऋत्-नेभ्यः ५/३ ङीप् १/१
4.1.6	41006	455	vidhi			उगितश्च	उगितः ५/१ च ०/०
4.1.7	41007	456	vidhi			वनो र च	वनः ६/१ र च ०/०
4.1.8	41008	457	vidhi			पादोऽन्यतरस्याम्	पादः ५/१ अन्यतरस्याम् ७/१
4.1.9	41009	458	vidhi			टाबृचि	टाप् १/१ ऋचि ७/१
4.1.10	41010	308	vidhi			न षट्स्वस्रादिभ्यः	न ०/० षट्-स्वसृ-आदिभ्यः ५/३
4.1.11	41011	459	vidhi			मनः	मनः ५/१
4.1.12	41012	460	vidhi			अनो बहुव्रीहेः	अनः ५/१ बहुव्रीहेः ५/१
4.1.13	41013	461	vidhi			डाबुभाभ्यामन्यतरस्याम्	डाप् १/१ उभाभ्याम् ५/२ अन्यतरस्याम् ७/१
4.1.14	41014	469	adhikara		अनुपसर्जनाधिकारः	अनुपसर्जनात्	अनुपसर्जनात् ५/१
4.1.15	41015	470	vidhi			टिड्ढाणञ्द्वयसज्दघ्नञ्मात्रच्तयप्ठक्ठञ्कञ्क्वरपः	टित्-ढ-अण्-अञ्-द्वयसच्-दघ्नच्-मात्रच्-तयप्-ठक्-ठञ्-कञ्-क्वरपः ५/१
4.1.16	41016	471	vidhi			यञश्च	यञः ५/१ च ०/०
4.1.17	41017	473	vidhi			प्राचां ष्फ तद्धितः	प्राचाम् ६/३ ष्फः १/१ तद्धितः १/१
4.1.18	41018	476	vidhi			सर्वत्र लोहितादिकतन्तेभ्यः	सर्वत्र ०/० लोहितादि-कतन्तेभ्यः ५/३
4.1.19	41019	477	vidhi			कौरव्यमाण्डूकाभ्यां च	कौरव्य-माण्डूकाभ्याम् ५/२ च ०/०
4.1.20	41020	478	vidhi			वयसि प्रथमे	वयसि ७/१ प्रथमे ७/१
4.1.21	41021	479	vidhi			द्विगोः	द्विगोः ५/१
4.1.22	41022	480	vidhi			अपरिमाणबिस्ताचितकम्बल्येभ्यो न तद्धितलुकि	अ-परिमाण-बिस्त-आचित-कम्बल्येभ्यः ५/३ न ०/० तद्धित-लुकि ७/१
4.1.23	41023	481	vidhi			काण्डान्तात् क्षेत्रे	काण्ड-अन्तात् ५/१ क्षेत्रे ७/१
4.1.24	41024	482	vidhi			पुरुषात् प्रमाणेऽन्यतरस्याम्	पुरुषात् ५/१ प्रमाणे ७/१ अन्यतरस्याम् ७/१
4.1.25	41025	484	vidhi			बहुव्रीहेरूधसो ङीष्	बहुव्रीहेः ५/१ ऊधसः ५/१ ङीष् १/१
4.1.26	41026	485	vidhi			संख्याव्ययादेर्ङीप्	संख्या-अव्ययादेः ५/१ ङीप् १/१
4.1.27	41027	486	vidhi			दामहायनान्ताच्च	दाम-हायन-अन्तात् ५/१ च ०/०
4.1.28	41028	462	vidhi			अन उपधालोपिनोन्यतरस्याम्	अनः ५/१ उपधा-लोपिनः ५/१ अन्यतरस्याम् ७/१
4.1.29	41029	487	vidhi			नित्यं संज्ञाछन्दसोः	नित्यम् १/१ संज्ञा-छन्दसोः ७/२
4.1.30	41030	488	vidhi			केवलमामकभागधेयपापापरसमानार्यकृत-सुमङ्गलभेषजाच्च	केवल-मामक-भागधेय-पाप-अपर-समान-आर्यकृत-सुमङ्गल-भेषजात् ५/१ च ०/०
4.1.31	41031	3445	vidhi			रात्रेश्चाजसौ	रात्रेः ५/१ च ०/० अ-जसौ ७/१
4.1.32	41032	489	vidhi			अन्तर्वत्पतिवतोर्नुक्	अन्तर्वत्-पतिवतोः ६/२ नुक् १/१
4.1.33	41033	490	vidhi			पत्युर्नो यज्ञसंयोगे	पत्युः ६/१ नः १/१ यज्ञ-संयोगे ७/१
4.1.34	41034	491	vidhi			विभाषा सपूर्वस्य	विभाषा १/१ स-पूर्वस्य ६/१
4.1.35	41035	492	vidhi			नित्यं सपत्न्यादिषु	नित्यम् १/१ सपत्नी-आदिषु ७/३
4.1.36	41036	493	vidhi			पूतक्रतोरै च	पूतक्रतोः ६/१ ऐ च ०/०
4.1.37	41037	494	vidhi			वृषाकप्यग्निकुसितकुसिदानामुदात्तः	वृषाकपि-अग्नि-कुसित-कुसिदानाम् ६/३ उदात्तः १/१
4.1.38	41038	495	vidhi			मनोरौ वा	मनोः ६/१ औ वा ०/०
4.1.39	41039	496	vidhi			वर्णादनुदात्तात्तोपधात्तो नः	वर्णात् ५/१ अनुदात्तात् ५/१ त-उपधात् ५/१ तः ६/१ नः १/१
4.1.40	41040	497	vidhi			अन्यतो ङीष्	अन्यतः ०/० ङीष् १/१
4.1.41	41041	498	vidhi			षिद्गौरादिभ्यश्च	षित्-गौर-आदिभ्यः ५/३ च ०/०
4.1.42	41042	500	vidhi			जानपदकुण्डगोणस्थलभाजनागकालनीलकुशकामुककबराद्वृत्त्यमत्रावपनाकृत्रिमाश्राणास्थौल्यवर्णानाच्छादनायोविकारमैथुनेच्छाकेशवेशेषु	जानपद-कुण्ड-गोण-स्थल-भाज-नाग-काल-नील-कुश-कामुक-कबरात् ५/१ वृत्ति-अमत्र-अवपन-अकृत्रिम-अश्राणा-अस्थौल्य-वर्ण-अनाच्छादन-अयोविकार-मैथुनेच्छा-केशवेशेषु ७/३
4.1.43	41043	501	vidhi			शोणात् प्राचाम्	शोणात् ५/१ प्राचाम् ६/३
4.1.44	41044	502	vidhi			वोतो गुणवचनात्	वा ०/० उतः ५/१ गुण-वचनात् ५/१
4.1.45	41045	503	vidhi			बह्वादिभ्यश्च	बह्व-आदिभ्यः ५/३ च ०/०
4.1.46	41046	3446	vidhi			नित्यं छन्दसि	नित्यम् १/१ छन्दसि ७/१
4.1.47	41047	3447	vidhi			भुवश्च	भुवः ५/१ च ०/०
4.1.48	41048	504	vidhi			पुंयोगादाख्यायाम्	पुम्-योगात् ५/१ आख्यायाम् ७/१
4.1.49	41049	505	vidhi			इन्द्रवरुणभवशर्वरुद्रमृडहिमारण्ययवयवनमातुलाचार्याणामानुक्	इन्द्र-वरुण-भव-शर्व-रुद्र-मृड-हिम-अरण्य-यव-यवन-मातुल-आचार्याणाम् ६/३ आनुक् १/१
4.1.50	41050	506	vidhi			क्रीतात् करणपूर्वात्	क्रीतात् ५/१ करण-पूर्वात् ५/१
4.1.51	41051	507	vidhi			क्तादल्पाख्यायाम्	क्तात् ५/१ अल्प-आख्यायाम् ७/१
4.1.52	41052	508	vidhi			बहुव्रीहेश्चान्तोदात्तात्	बहुव्रीहेः ५/१ च ०/० अन्तोदात्तात् ५/१
4.1.53	41053	509	vidhi			अस्वाङ्गपूर्वपदाद्वा	अ-स्व-अङ्ग-पूर्व-पदात् ५/१ वा ०/०
4.1.54	41054	510	vidhi			स्वाङ्गाच्चोपसर्जनादसंयोगोपधात्	स्व-अङ्गात् ५/१ च ०/० उपसर्जनात् ५/१ अ-संयोग-उपधात् ५/१
4.1.55	41055	511	vidhi			नासिकोदरौष्ठजङ्घादन्तकर्णशृङ्गाच्च	नासिक-उदर-ओष्ठ-जङ्घा-दन्त-कर्ण-शृङ्गात् ५/१ च ०/०
4.1.56	41056	512	vidhi			न क्रोडादिबह्वचः	न ०/० क्रोड-आदि-बह्वचः ५/१
4.1.57	41057	513	vidhi			सहनञ्विद्यमानपूर्वाच्च	सह-नञ्-विद्यमान-पूर्वात् ५/१ च ०/०
4.1.58	41058	514	vidhi			नखमुखात् संज्ञायाम्	नख-मुखात् ५/१ संज्ञायाम् ७/१
4.1.59	41059	3448	vidhi			दीर्घजिह्वी च च्छन्दसि	दीर्घ-जिह्वी १/१ च ०/० छन्दसि ७/१
4.1.60	41060	515	vidhi			दिक्पूर्वपदान्ङीप्	दिक्-पूर्वपदात् ५/१ ङीप् १/१
4.1.61	41061	516	vidhi			वाहः	वाहः ५/१
4.1.62	41062	517	vidhi			सख्यशिश्वीति भाषायाम्	सखी १/१ अशिश्वी १/१ इति ०/० भाषायाम् ७/१
4.1.63	41063	518	vidhi			जातेरस्त्रीविषयादयोपधात्	जातेः ५/१ अ-स्त्री-विषयात् ५/१ अ-य-उपधात् ५/१
4.1.64	41064	519	vidhi			पाककर्णपर्णपुष्पफलमूलवालोत्तरपदाच्च	पाक-कर्ण-पर्ण-पुष्प-फल-मूल-वाल-उत्तरपदात् १/१ च ०/०
4.1.65	41065	520	vidhi			इतो मनुष्यजातेः	इतः ५/१ मनुष्य-जातेः ५/१
4.1.66	41066	521	vidhi			ऊङुतः	ऊङ् १/१ उतः ५/१
4.1.67	41067	522	vidhi			बाह्वन्तात् संज्ञायाम्	बाह्व-अन्तात् ५/१ संज्ञायाम् ७/१
4.1.68	41068	523	vidhi			पङ्गोश्च	पङ्गोः ५/१ च ०/०
4.1.69	41069	524	vidhi			ऊरूत्तरपदादौपम्ये	ऊरू-उत्तरपदात् ५/१ औपम्ये ७/१
4.1.70	41070	525	vidhi			संहितशफलक्षणवामादेश्च	संहित-शफलक्षण-वामादेः ५/१ च ०/०
4.1.71	41071	3449	vidhi			कद्रुकमण्डल्वोश्छन्दसि	कद्रु-कमण्डल्वोः ६/२ छन्दसि ७/१
4.1.72	41072	526	vidhi			संज्ञायाम्	संज्ञायाम् ७/१
4.1.73	41073	527	vidhi			शार्ङ्गरवाद्यञो ङीन्	शार्ङ्गरवात् ५/१ अञः ५/१ ङीन् १/१
4.1.74	41074	528	vidhi			यङश्चाप्	यङः ५/१ चाप् १/१
4.1.75	41075	529	vidhi			आवट्याच्च	आवट्यात् ५/१ च ०/०
4.1.76	41076	530	samjna	तद्धित	तद्धितसंज्ञा	तद्धिताः	तद्धिताः १/३
4.1.77	41077	531	vidhi			यूनस्तिः	यूनः ५/१ तिः १/१
4.1.78	41078	1198	vidhi			अणिञोरनार्षयोर्गुरूपोत्तमयोः ष्यङ् गोत्रे	अण-इञोः ६/२ अनार्षयोः ६/२ गुरु-उपोत्तमयोः ६/२ ष्यङ् १/१ गोत्रे ७/१
4.1.79	41079	1199	vidhi			गोत्रावयवात्	गोत्र-अवयवात् ५/१
4.1.80	41080	1200	vidhi			क्रौड्यादिभ्यश्च	क्रौड्य-आदिभ्यः ५/३ च ०/०
4.1.81	41081	1201	vidhi			दैवयज्ञिशौचिवृक्षिसात्यमुग्रिकाण्ठेविद्धिभ्योऽन्यतरस्याम्	दैवयज्ञि-शौचिवृक्षि-सात्यमुग्रि-काण्ठेविद्धिभ्यः ५/३ अन्यतरस्याम् ७/१
4.1.82	41082	1072	adhikara		समर्थाधिकारः	समर्थानां प्रथमाद्वा	समर्थानाम् ६/३ प्रथमात् ५/१ वा ०/०
4.1.83	41083	1073	adhikara		प्राग्दीव्यतीयः अणधिकारः	प्राग्दीव्यतोऽण्	प्राक् ०/० दीव्यतः ५/१ अण् १/१
4.1.84	41084	1074	vidhi			अश्वपत्यादिभ्यश्च	अश्वपति-आदिभ्यः ५/३ च ०/०
4.1.85	41085	1077	vidhi			दित्यदित्यादित्यपत्युत्तरपदाण्ण्यः	दिति-अदिति-आदित्य-पति-उत्तरपदात् ५/१ ण्यः १/१
4.1.86	41086	1078	vidhi			उत्सादिभ्योऽञ्	उत्स-आदिभ्यः ५/१ अञ् १/१
4.1.87	41087	1079	vidhi			स्त्रीपुंसाभ्यां नञ्स्नञौ भवनात्	स्त्री-पुंसाभ्याम् ५/२ नञ्-स्नञौ १/२ भवनात् ५/१
4.1.88	41088	1080	vidhi			द्विगोर्लुगनपत्ये	द्विगोः ६/१ लुक् १/१ अनपत्ये ७/१
4.1.89	41089	1081	vidhi			गोत्रेऽलुगचि	गोत्रे ७/१ अलुक् १/१ अचि ७/१
4.1.90	41090	1083	vidhi			यूनि लुक्	यूनि ७/१ लुक् १/१
4.1.91	41091	1087	vidhi			फक्फिञोरन्यतरस्याम्	फक्-फिञोः ६/२ अन्यतरस्याम् ७/१
4.1.92	41092	1088	adhikara		प्राग्दीव्यतीयः शेषाधिकारः	तस्यापत्यम्	तस्य ६/१ अपत्यम् १/१
4.1.93	41093	1093	vidhi			एको गोत्रे	एकः १/१ गोत्रे ७/१
4.1.94	41094	1094	vidhi			गोत्राद्यून्यस्त्रियाम्	गोत्रात् ५/१ यूनि ७/१ अ-स्त्रियाम् ७/१
4.1.95	41095	1095	vidhi			अत इञ्	अतः ५/१ इञ् १/१
4.1.96	41096	1096	vidhi			बाह्वादिभ्यश्च	बाहु-आदिभ्यः ५/३ च ०/०
4.1.97	41097	1097	vidhi			सुधातुरकङ् च	सुधातुः ६/१ अकङ् १/१ च ०/०
4.1.98	41098	1099	vidhi			गोत्रे कुञ्जादिभ्यश्च्फञ्	गोत्रे ७/१ कुञ्ज-आदिभ्यः ५/३ च्फञ् १/१
4.1.99	41099	1101	vidhi			नडादिभ्यः फक्	नड-आदिभ्यः ५/३ फक् १/१
4.1.100	41100	1102	vidhi			हरितादिभ्योऽञः	हरित-आदिभ्यः ५/३ अञः ५/१
4.1.101	41101	1103	vidhi			यञिञोश्च	यञ्-इञोः ६/२ च ०/०
4.1.102	41102	1104	vidhi			शरद्वच्छुनकदर्भाद्भृगुवत्साग्रायणेषु	शरद्वत्-शुनक-दर्भात् ५/१ भृगु-वत्स-आग्रायणेषु ७/३
4.1.103	41103	1105	vidhi			द्रोणपर्वतजीवन्तादन्यतरस्याम्	द्रोण-पर्वत-जीवन्तात् ५/१ अन्यतरस्याम् ७/१
4.1.104	41104	1106	vidhi			अनृष्यानन्तर्ये बिदादिभ्योऽञ्	अनृषि आनन्तर्ये ७/१ बिदादिभ्यः ५/३ अञ् १/१
4.1.105	41105	1107	vidhi			गर्गादिभ्यो यञ्	गर्ग-आदिभ्यः ५/३ यञ् १/१
4.1.106	41106	1109	vidhi			मधुबभ्र्वोर्ब्राह्मणकौशिकयोः	मधु-बभ्र्वोः ६/२ ब्राह्मण-कौशिकयोः ७/२
4.1.107	41107	1110	vidhi			कपिबोधादाङ्गिरसे	कपि-बोधात् ५/१ आङ्गिरसे ७/१
4.1.108	41108	1111	vidhi			वतण्डाच्च	वतण्डात् ५/१ च ०/०
4.1.109	41109	1112	vidhi			लुक् स्त्रियाम्	लुक् १/१ स्त्रियाम् ७/१
4.1.110	41110	1113	vidhi			अश्वादिभ्यः फञ्	अश्व-आदिभ्यः ५/३ फञ् १/१
4.1.111	41111	1114	vidhi			भर्गात् त्रैगर्ते	भर्गात् ५/१ त्रैगर्ते ७/१
4.1.112	41112	1115	vidhi			शिवादिभ्योऽण्	शिव-आदिभ्यः ५/३ अण् १/१
4.1.113	41113	1116	vidhi			अवृद्धाभ्यो नदीमानुषीभ्यस्तन्नामिकाभ्यः	अ-वृद्धाभ्यः ५/३ नदी-मानुषीभ्यः ५/३ तत्-नामिकाभ्यः ५/३
4.1.114	41114	1117	vidhi			ऋष्यन्धकवृष्णिकुरुभ्यश्च	ऋषि-अन्धक-वृष्णि-कुरुभ्यः ५/३ च ०/०
4.1.115	41115	1118	vidhi			मातुरुत् संख्यासम्भद्रपूर्वायाः	मातुः ६/१ उत् १/१ संख्या-सम्-भद्र-पूर्वायाः ६/१
4.1.116	41116	1119	vidhi			कन्यायाः कनीन च	कन्यायाः ६/१ कनीन च ०/०
4.1.117	41117	1120	vidhi			विकर्णशुङ्गच्छगलाद्वत्सभरद्वाजात्रिषु	विकर्ण-शुङ्ग-छगलात् ५/१ वत्स-भरद्वाज-अत्रिषु ७/३
4.1.118	41118	1121	vidhi			पीलाया वा	पीलायाः ५/१ वा ०/०
4.1.119	41119	1122	vidhi			ढक् च मण्डूकात्	ढक् १/१ च ०/० मण्डूकात् ५/१
4.1.120	41120	1123	vidhi			स्त्रीभ्यो ढक्	स्त्रीभ्यः ५/३ ढक् १/१
4.1.121	41121	1124	vidhi			द्व्यचः	द्व्यचः ५/१
4.1.122	41122	1125	vidhi			इतश्चानिञः	इतः ५/१ च ०/० अनिञः ५/१
4.1.123	41123	1126	vidhi			शुभ्रादिभ्यश्च	शुभ्रा-आदिभ्यः ५/३ च ०/०
4.1.124	41124	1127	vidhi			विकर्णकुषीतकात् काश्यपे	विकर्ण-कुषीतकात् ५/१ काश्यपे ७/१
4.1.125	41125	1128	vidhi			भ्रुवो वुक् च	भ्रुवः ६/१ वुक् १/१ च ०/०
4.1.126	41126	1131	vidhi			कल्याण्यादीनामिनङ्	कल्याणी-आदीनाम् ६/३ इनङ् १/१
4.1.127	41127	1132	vidhi			कुलटाया वा	कुलटायाः ६/१ वा ०/०
4.1.128	41128	1134	vidhi			चटकाया ऐरक्	चटकायाः ५/१ ऐरक् १/१
4.1.129	41129	1135	vidhi			गोधाया ढ्रक्	गोधायाः ५/१ ढ्रक् १/१
4.1.130	41130	1136	vidhi			आरगुदीचाम्	आरक् १/१ उदीचाम् ६/३
4.1.131	41131	1137	vidhi			क्षुद्राभ्यो वा	क्षुद्राभ्यः ५/३ वा ०/०
4.1.132	41132	1138	vidhi			पितृष्वसुश्छण्	पितृष्वसुः ५/१ छण् १/१
4.1.133	41133	1139	vidhi			ढकि लोपः	ढकि ७/१ लोपः १/१
4.1.134	41134	1140	vidhi			मातृष्वसुश्च	मातृष्वसुः ५/१ च ०/०
4.1.135	41135	1141	vidhi			चतुष्पाद्भ्यो ढञ्	चतुष्पाद्भ्यः ५/३ ढञ् १/१
4.1.136	41136	1143	vidhi			गृष्ट्यादिभ्यश्च	गृष्ट्य-आदिभ्यः ५/३ च ०/०
4.1.137	41137	1153	vidhi			राजश्वशुराद्यत्	राज-श्वशुरात् ५/१ यत् १/१
4.1.138	41138	1161	vidhi			क्षत्राद्घः	क्षत्रात् ५/१ घः १/१
4.1.139	41139	1162	vidhi			कुलात् खः	कुलात् ५/१ खः १/१
4.1.140	41140	1163	vidhi			अपूर्वपदादन्यतरस्यां यड्ढकञौ	अ-पूर्वपदात् ५/१ अन्यतरस्याम् ७/१ यत्-ढकञौ १/२
4.1.141	41141	1164	vidhi			महाकुलादञ्खञौ	महाकुलात् ५/१ अञ्-खञौ १/२
4.1.142	41142	1165	vidhi			दुष्कुलाड्ढक्	दुष्कुलात् ५/१ ढक् १/१
4.1.143	41143	1166	vidhi			स्वसुश्छः	स्वसुः ५/१ छः १/१
4.1.144	41144	1167	vidhi			भ्रातुर्व्यच्च	भ्रातुः ५/१ व्यत् १/१ च ०/०
4.1.145	41145	1168	vidhi			व्यन् सपत्ने	व्यन् १/१ सपत्ने ७/१
4.1.146	41146	1169	vidhi			रेवत्यादिभ्यष्ठक्	रेवती-आदिभ्यः ५/३ ठक् १/१
4.1.147	41147	1171	vidhi			गोत्रस्त्रियाः कुत्सने ण च	गोत्र-स्त्रियाः ५/१ कुत्सने ७/१ ण च ०/०
4.1.148	41148	1172	vidhi			वृद्धाट्ठक् सौवीरेषु बहुलम्	वृद्धात् ५/१ ठक् १/१ सौवीरेषु ७/३ बहुलम् १/१
4.1.149	41149	1173	vidhi			फेश्छ च	फेः ५/१ छ च ०/०
4.1.150	41150	1174	vidhi			फाण्टाहृतिमिमताभ्यां णफिञौ	फाण्टाहृति-मिमताभ्याम् ५/२ ण-फिञौ १/२
4.1.151	41151	1175	vidhi			कुर्वादिभ्यो ण्यः	कुरु-आदिभ्यः ५/३ ण्यः १/१
4.1.152	41152	1176	vidhi			सेनान्तलक्षणकारिभ्यश्च	सेनान्त-लक्षण-कारिभ्यः ५/३ च ०/०
4.1.153	41153	1177	vidhi			उदीचामिञ्	उदीचाम् ६/३ इञ् १/१
4.1.154	41154	1178	vidhi			तिकादिभ्यः फिञ्	तिक-आदिभ्यः ५/३ फिञ् १/१
4.1.155	41155	1179	vidhi			कौसल्यकार्मार्याभ्यां च	कौसल्य-कार्मार्याभ्याम् ५/२ च ०/०
4.1.156	41156	1180	vidhi			अणो द्व्यचः	अणः ५/१ द्व्यचः ५/१
4.1.157	41157	1181	vidhi			उदीचां वृद्धादगोत्रात्	उदीचाम् ६/३ वृद्धात् ५/१ अगोत्रात् ५/१
4.1.158	41158	1182	vidhi			वाकिनादीनां कुक् च	वाकिन-आदीनाम् ६/३ कुक् १/१ च ०/०
4.1.159	41159	1183	vidhi			पुत्रान्तादन्यतरस्याम्	पुत्र-अन्तात् ५/१ अन्यतरस्याम् ७/१
4.1.160	41160	1184	vidhi			प्राचामवृद्धात् फिन् बहुलम्	प्राचाम् ६/३ अ-वृद्धात् ५/१ फिन् १/१ बहुलम् १/१
4.1.161	41161	1185	vidhi			मनोर्जातावञ्यतौ षुक् च	मनोः ५/१ जातौ ७/१ अञ्-यतौ १/२ षुक् १/१ च ०/०
4.1.162	41162	1089	samjna	गोत्र	गोत्रसंज्ञा	अपत्यं पौत्रप्रभृति गोत्रम्	अपत्यम् १/१ पौत्र-प्रभृति १/१ गोत्रम् १/१
4.1.163	41163	1090	samjna	युव	युवसंज्ञा	जीवति तु वंश्ये युवा	जीवति ७/१ तु ०/० वंश्ये ७/१ युवा १/१
4.1.164	41164	1091	samjna	युव	युवसंज्ञा	भ्रातरि च ज्यायसि	भ्रातरि ७/१ च ०/० ज्यायसि ७/१
4.1.165	41165	1092	samjna	युव	युवसंज्ञा	वान्यस्मिन् सपिण्डे स्थविरतरे जीवति	वा ०/० अन्यस्मिन् ७/१ सपिण्डे ७/१ स्थविरतरे ७/१ जीवति ७/१
4.1.166	41166	0	samjna	युव	युवसंज्ञा	वृद्धस्य च पूजायाम्	वृद्धस्य ६/१ च ०/० पूजायाम् ७/१
4.1.167	41167	0	samjna	युव	युवसंज्ञा	यूनश्च कुत्सायाम्	यूनः ६/१ च ०/० कुत्सायाम् ७/१
4.1.168	41168	1186	vidhi			जनपदशब्दात् क्षत्रियादञ्	जनपद-शब्दात् ५/१ क्षत्रियात् ५/१ अञ् १/१
4.1.169	41169	1187	vidhi			साल्वेयगान्धारिभ्यां च	साल्वेय-गान्धारिभ्याम् ५/२ च ०/०
4.1.170	41170	1188	vidhi			द्व्यञ्मगधकलिङ्गसूरमसादण्	द्व्यच्-मगध-कलिङ्ग-सूरमसात् ५/१ अण् १/१
4.1.171	41171	1189	vidhi			वृद्धेत्कोसलाजादाञ्ञ्यङ्	वृद्ध-इत्-कोसल-अजादात् ५/१ ञ्यङ् १/१
4.1.172	41172	1190	vidhi			कुरुनादिभ्यो ण्यः	कुरु-नादिभ्यः ५/३ ण्यः १/१
4.1.173	41173	1191	vidhi			साल्वावयवप्रत्यग्रथकलकूटाश्मकादिञ्	साल्व-अवयव-प्रत्यग्रथ-कलकूट-आश्मकात् ५/१ इञ् १/१
4.1.174	41174	1192	samjna	तद्राज	तद्राजसंज्ञा	ते तद्राजाः	ते १/३ तद्राजाः १/३
4.1.175	41175	1194	vidhi			कम्बोजाल्लुक्	कम्बोजात् ५/१ लुक् १/१
4.1.176	41176	1195	vidhi			स्त्रियामवन्तिकुन्तिकुरुभ्यश्च	स्त्रियाम् ७/१ अवन्ति-कुन्ति-कुरुभ्यः ५/३ च ०/०
4.1.177	41177	1196	vidhi			अतश्च	अतः ६/१ च ०/०
4.1.178	41178	1197	vidhi			न प्राच्यभर्गादियौधेयादिभ्यः	न ०/० प्राच्य-भर्गादि-यौधेय-आदिभ्यः ५/३
4.2.1	42001	1202	vidhi			तेन रक्तं रागात्	तेन ३/१ रक्तम् १/१ रागात् ५/१
4.2.2	42002	1203	vidhi			लाक्षारोचनाशकलकर्दमाट्ठक्	लाक्षा-रोचना-शकल-कर्दमात् ५/१ ठक् १/१
4.2.3	42003	1204	vidhi			नक्षत्रेण युक्तः कालः	नक्षत्रेण ३/१ युक्तः १/१ कालः १/१
4.2.4	42004	1205	vidhi			लुबविशेषे	लुप् १/१ अविशेषे ७/१
4.2.5	42005	1206	vidhi			संज्ञायां श्रवणाश्वत्थाभ्याम्	संज्ञायाम् ७/१ श्रवण-अश्वत्थाभ्याम् ५/२
4.2.6	42006	1207	vidhi			द्वन्द्वाच्छः	द्वन्द्वात् ५/१ छः १/१
4.2.7	42007	1208	vidhi			दृष्टं साम	दृष्टम् १/१ साम १/१
4.2.8	42008	1209	vidhi			कलेर्ढक्	कलेः ५/१ ढक् १/१
4.2.9	42009	1210	vidhi			वामदेवाड्ड्यड्ड्यौ	वामदेवात् ५/१ ड्यत्-ड्यौ १/२
4.2.10	42010	1211	vidhi			परिवृतो रथः	परिवृतः १/१ रथः १/१
4.2.11	42011	1212	vidhi			पाण्डुकम्बलादिनिः	पाण्डुकम्बलात् ५/१ इनिः १/१
4.2.12	42012	1213	vidhi			द्वैपवैयाघ्रादञ्	द्वैप-वैयाघ्रात् ५/१ अञ् १/१
4.2.13	42013	1214	vidhi			कौमारापूर्ववचने	कौमार अपूर्ववचने ७/१
4.2.14	42014	1215	vidhi			तत्रोद्धृतममत्रेभ्यः	तत्र ०/० उद्धृतम् १/१ अमत्रेभ्यः ५/३
4.2.15	42015	1216	vidhi			स्थण्डिलाच्छयितरि व्रते	स्थण्डिलात् ५/१ शयितरि ७/१ व्रते ७/१
4.2.16	42016	1217	vidhi			संस्कृतं भक्षाः	संस्कृतम् १/१ भक्षाः १/३
4.2.17	42017	1218	vidhi			शूलोखाद्यत्	शूल-ऊखात् ५/१ यत् १/१
4.2.18	42018	1219	vidhi			दध्नष्ठक्	दध्नः ५/१ ठक् १/१
4.2.19	42019	1220	vidhi			उदश्वितोऽन्यतरस्याम्	उदश्वितः ५/१ अन्यतरस्याम् ७/१
4.2.20	42020	1222	vidhi			क्षीराड्ढञ्	क्षीरात् ५/१ ढञ् १/१
4.2.21	42021	1223	vidhi			सास्मिन् पौर्णमासीति संज्ञायाम्	सा १/१ अस्मिन् ७/१ पौर्णमासी १/१ इति ०/० संज्ञायाम् ७/१
4.2.22	42022	1224	vidhi			आग्रहायण्यश्वत्थाट्ठक्	आग्रहायणी-अश्वत्थात् ५/१ ठक् १/१
4.2.23	42023	1225	vidhi			विभाषा फाल्गुनीश्रवणाकार्त्तिकीचैत्रीभ्यः	विभाषा १/१ फाल्गुनी-श्रवणा-कार्त्तिकी-चैत्रीभ्यः ५/३
4.2.24	42024	1226	vidhi			सास्य देवता	सा १/१ अस्य ६/१ देवता १/१
4.2.25	42025	1227	vidhi			कस्येत्	कस्य ६/१ इत् १/१
4.2.26	42026	1228	vidhi			शुक्राद्घन्	शुक्रात् ५/१ घन् १/१
4.2.27	42027	1229	vidhi			अपोनप्त्रपान्नप्तृभ्यां घः	अपोनप्तृ-अपान्नप्तृभ्याम् ५/२ घः १/१
4.2.28	42028	1230	vidhi			छ च	छ च ०/०
4.2.29	42029	1231	vidhi			महेन्द्राद्घाणौ च	महेन्द्रात् ५/१ घ-अणौ १/२ च ०/०
4.2.30	42030	1232	vidhi			सोमाट्ट्यण्	सोमात् ५/१ ट्यण् १/१
4.2.31	42031	1233	vidhi			वाय्वृतुपित्रुषसो यत्	वायु-ऋतु-पितृ-उषसः ५/१ यत् १/१
4.2.32	42032	1235	vidhi			द्यावापृथिवीशुनासीरमरुत्वदग्नीषोमवास्तोष्पतिगृहमेधाच्छ च	द्यावापृथिवी-शुनासीर-मरुत्वत्-अग्नीषोम-वास्तोष्पति-गृहमेधात् ५/१ छ च ०/०
4.2.33	42033	1236	vidhi			अग्नेर्ढक्	अग्नेः ५/१ ढक् १/१
4.2.34	42034	1237	atidesha		भवार्थातिदेशः	कालेभ्यो भववत्	कालेभ्यः ५/३ भववत् ०/०
4.2.35	42035	1238	vidhi			महाराजप्रोष्ठपदाट्ठञ्	महाराज-प्रोष्ठपदात् ५/१ ठञ् १/१
4.2.36	42036	1242	vidhi			पितृव्यमातुलमातामहपितामहाः	पितृव्य-मातुल-मातामह-पितामहाः १/३
4.2.37	42037	1243	vidhi			तस्य समूहः	तस्य ६/१ समूहः १/१
4.2.38	42038	1244	vidhi			भिक्षादिभ्योऽण्	भिक्षा-आदिभ्यः ५/३ अण् १/१
4.2.39	42039	1246	vidhi			गोत्रोक्षोष्ट्रोरभ्रराजराजन्यराजपुत्रवत्समनुष्याजाद्वुञ्	गोत्र-उक्षन्-उष्ट्र-उरभ्र-राजन्-राजन्य-राजपुत्र-वत्स-मनुष्य-अजात् ५/१ वुञ् १/१
4.2.40	42040	1248	vidhi			केदाराद्यञ् च	केदारात् ५/१ यञ् १/१ च ०/०
4.2.41	42041	1249	vidhi			ठञ् कवचिनश्च	ठञ् १/१ कवचिनः ५/१ च ०/०
4.2.42	42042	1250	vidhi			ब्राह्मणमाणववाडवाद्यन्	ब्राह्मण-माणव-वाडवात् ५/१ यन् १/१
4.2.43	42043	1251	vidhi			ग्रामजनबन्धुसहायेभ्यः तल्	ग्राम-जन-बन्धु-सहायेभ्यः ५/३ तल् १/१
4.2.44	42044	1253	vidhi			अनुदात्तादेरञ्	अनुदात्त-आदेः ५/१ अञ् १/१
4.2.45	42045	1254	vidhi			खण्डिकादिभ्यश्च	खण्डिका-आदिभ्यः ५/३ च ०/०
4.2.46	42046	1255	atidesha		धर्मार्थातिदेशः	चरणेभ्यो धर्मवत्	चरणेभ्यः ५/३ धर्मवत् ०/०
4.2.47	42047	1256	vidhi			अचित्तहस्तिधेनोष्ठक्	अ-चित्त-हस्ति-धेनोः ५/१ ठक् १/१
4.2.48	42048	1257	vidhi			केशाश्वाभ्यां यञ्छावन्यतरस्याम्	केश-अश्वाभ्याम् ५/२ यञ्-छौ १/२ अन्यतरस्याम् ७/१
4.2.49	42049	1258	vidhi			पाशादिभ्यो यः	पाश-आदिभ्यः ५/३ यः १/१
4.2.50	42050	1259	vidhi			खलगोरथात्	खल-गो-रथात् ५/१
4.2.51	42051	1260	vidhi			इनित्रकट्यचश्च	इनि-त्र-कट्यचः १/३ च ०/०
4.2.52	42052	1261	vidhi			विषयो देशे	विषयः १/१ देशे ७/१
4.2.53	42053	1262	vidhi			राजन्यादिभ्यो वुञ्	राजन्य-आदिभ्यः ५/३ वुञ् १/१
4.2.54	42054	1263	vidhi			भौरिक्याद्यैषुकार्यादिभ्यो विधल्भक्तलौ	भौरिक्यादि-ऐषुकार्यादिभ्यः ५/३ विधल्-भक्तलौ १/२
4.2.55	42055	1264	vidhi			सोऽस्यादिरिति च्छन्दसः प्रगाथेषु	सः १/१ अस्य ६/१ आदिः १/१ इति ०/० छन्दसः ५/१ प्रगाथेषु ७/३
4.2.56	42056	1265	vidhi			संग्रामे प्रयोजनयोद्धृभ्यः	सङ्ग्रामे ७/१ प्रयोजन-योद्धृभ्यः ५/३
4.2.57	42057	1266	vidhi			तदस्यां प्रहरणमिति क्रीडायाम् णः	तत् १/१ अस्याम् ७/१ प्रहरणम् १/१ इति ०/० क्रीडायाम् ७/१ णः १/१
4.2.58	42058	1267	vidhi			घञः साऽस्यां क्रियेति ञः	घञः ५/१ सा १/१ अस्याम् ७/१ क्रिया १/१ इति ०/० ञः १/१
4.2.59	42059	1269	vidhi			तदधीते तद्वेद	तत् २/१ अधीते तत् २/१ वेद
4.2.60	42060	1270	vidhi			क्रतूक्थादिसूत्रान्ताट्ठक्	क्रतु-उक्थ-आदि-सूत्र-अन्तात् ५/१ ठक् १/१
4.2.61	42061	1271	vidhi			क्रमादिभ्यो वुन्	क्रम-आदिभ्यः ५/३ वुन् १/१
4.2.62	42062	1272	vidhi			अनुब्राह्मणादिनिः	अनुब्राह्मणात् ५/१ इनिः १/१
4.2.63	42063	1273	vidhi			वसन्तादिभ्यष्ठक्	वसन्त-आदिभ्यः ५/३ ठक् १/१
4.2.64	42064	1274	vidhi			प्रोक्ताल्लुक्	प्रोक्तात् ५/१ लुक् १/१
4.2.65	42065	1277	vidhi			सूत्राच्च कोपधात्	सूत्रात् ५/१ च ०/० कोपधात् ५/१
4.2.66	42066	1278	vidhi			छन्दोब्राह्मणानि च तद्विषयाणि	छन्दस्-ब्राह्मणानि १/३ च ०/० तद्-विषयाणि १/३
4.2.67	42067	1279	vidhi			तदस्मिन्नस्तीति देशे तन्नाम्नि	तत् १/१ अस्मिन् ७/१ अस्ति इति ०/० देशे ७/१ तन्नाम्नि ७/१
4.2.68	42068	1280	vidhi			तेन निर्वृत्तम्	तेन ३/१ निर्वृत्तम् १/१
4.2.69	42069	1281	vidhi			तस्य निवासः	तस्य ६/१ निवासः १/१
4.2.70	42070	1282	vidhi			अदूरभवश्च	अदूरभवः १/१ च ०/०
4.2.71	42071	1283	vidhi			ओरञ्	ओः ५/१ अञ् १/१
4.2.72	42072	1284	vidhi			मतोश्च बह्वजङ्गात्	मतोः ५/१ च ०/० बहु-अच्-अङ्गात् ५/१
4.2.73	42073	1285	vidhi			बह्वचः कूपेषु	बहु-अचः ५/१ कूपेषु ७/३
4.2.74	42074	1286	vidhi			उदक् च विपाशः	उदक् १/१ च ०/० विपाशः ५/१
4.2.75	42075	1287	vidhi			संकलादिभ्यश्च	सङ्कल-आदिभ्यः ५/३ च ०/०
4.2.76	42076	1288	vidhi			स्त्रीषु सौवीरसाल्वप्राक्षु	स्त्रीषु ७/३ सौवीर-साल्व-प्राक्षु ७/३
4.2.77	42077	1289	vidhi			सुवास्त्वादिभ्योऽण्	सुवास्तु-आदिभ्यः ५/३ अण् १/१
4.2.78	42078	1290	vidhi			रोणी	रोणी १/१
4.2.79	42079	1291	vidhi			कोपधाच्च	कोपधात् ५/१ च ०/०
4.2.80	42080	1292	vidhi			वुञ्छण्कठजिलसेनिरढञ्ण्ययफक्फिञिञ्ञ्यकक्ठकोऽरीहणकृशाश्वर्श्यकुमुदकाशतृणप्रेक्षाऽश्मसखिसंकाशबलपक्षकर्णसुतंगमप्रगदिन्वराहकुमुदादिभ्यः	वुञ्-छण्-क-ठच्-इल्-स-इनि-र-ढञ्-ण्य-य-फक्-फिञ्-इञ्-ञ्य-कक्-ठकः १/३ अरीहण-कृशाश्व-ऋश्य-कुमुद-काश-तृण-प्रेक्षा-अश्म-सखि-संकाश-बल-पक्ष-कर्ण-सुतङ्गम-प्रगदिन्-वराह-कुमुदादिभ्यः ५/३
4.2.81	42081	1293	vidhi			जनपदे लुप्	जनपदे ७/१ लुप् १/१
4.2.82	42082	1301	vidhi			वरणादिभ्यश्च	वरण-आदिभ्यः ५/३ च ०/०
4.2.83	42083	1302	vidhi			शर्कराया वा	शर्करायाः ५/१ वा ०/०
4.2.84	42084	1303	vidhi			ठक्छौ च	ठक्-छौ १/२ च ०/०
4.2.85	42085	1304	vidhi			नद्यां मतुप्	नद्याम् ७/१ मतुप् १/१
4.2.86	42086	1305	vidhi			मध्वादिभ्यश्च	मधु-आदिभ्यः ५/३ च ०/०
4.2.87	42087	1306	vidhi			कुमुदनडवेतसेभ्यो ड्मतुप्	कुमुद-नड-वेतसेभ्यः ५/३ ड्मतुप् १/१
4.2.88	42088	1307	vidhi			नडशादाड्ड्वलच्	नड-शादात् ५/१ ड्वलच् १/१
4.2.89	42089	1308	vidhi			शिखाया वलच्	शिखाया ५/१ वलच् १/१
4.2.90	42090	1309	vidhi			उत्करादिभ्यश्छः	उत्कर-आदिभ्यः ५/३ छः १/१
4.2.91	42091	1310	vidhi			नडादीनां कुक् च	नड-आदीनाम् ६/३ कुक् १/१ च ०/०
4.2.92	42092	1312	vidhi			शेषे	शेषे ७/१
4.2.93	42093	1313	vidhi			राष्ट्रावारपाराद्घखौ	राष्ट्रा-आवार-पारात् ५/१ घ-खौ १/२
4.2.94	42094	1314	vidhi			ग्रामाद्यखञौ	ग्रामात् ५/१ य-खञौ १/२
4.2.95	42095	1315	vidhi			कत्र्यादिभ्यो ढकञ्	कत्रि-आदिभ्यः ५/३ ढकञ् १/१
4.2.96	42096	1316	vidhi			कुलकुक्षिग्रीवाभ्यः श्वास्यलंकारेषु	कुल-कुक्षि-ग्रीवाभ्यः ५/३ श्व-असि-अलङ्कारेषु ७/३
4.2.97	42097	1317	vidhi			नद्यादिभ्यो ढक्	नदी-आदिभ्यः ५/३ ढक् १/१
4.2.98	42098	1318	vidhi			दक्षिणापश्चात्पुरसस्त्यक्	दक्षिणा-पश्चात्-पुरसः ५/१ त्यक् १/१
4.2.99	42099	1319	vidhi			कापिश्याः ष्फक्	कापिश्याः ५/१ ष्फक् १/१
4.2.100	42100	1320	vidhi			रंकोरमनुष्येऽण् च	रङ्कोः ५/१ अ-मनुष्ये ७/१ अण् १/१ च ०/०
4.2.101	42101	1321	vidhi			द्युप्रागपागुदक्प्रतीचो यत्	द्यु-प्राक्-अपाक्-उदक्-प्रतीचः ५/१ यत् १/१
4.2.102	42102	1322	vidhi			कन्थायाष्ठक्	कन्थायाः ५/१ ठक् १/१
4.2.103	42103	1323	vidhi			वर्णौ वुक्	वर्णौ ७/१ वुक् १/१
4.2.104	42104	1324	vidhi			अव्ययात्त्यप्	अव्ययात् ५/१ त्यप् १/१
4.2.105	42105	1326	vidhi			ऐषमोह्यःश्वसोऽन्यतरस्याम्	ऐषमस्-ह्यस्-श्वसः ५/१ अन्यतरस्याम् ७/१
4.2.106	42106	1327	vidhi			तीररूप्योत्तरपदादञ्ञौ	तीर-रूप्य-उत्तरपदात् ५/१ अञ्-ञौ १/२
4.2.107	42107	1328	vidhi			दिक्पूर्वपदादसंज्ञायां ञः	दिक्-पूर्वपदात् ५/१ अ-संज्ञायाम् ७/१ ञः १/१
4.2.108	42108	1329	vidhi			मद्रेभ्योऽञ्	मद्रेभ्यः ५/३ अञ् १/१
4.2.109	42109	1330	vidhi			उदीच्यग्रामाच्च बह्वचोऽन्तोदात्तात्	उदीच्य-ग्रामात् ५/१ च ०/० बहु-अचः ५/१ अन्त-उदात्तात् ५/१
4.2.110	42110	1331	vidhi			प्रस्थोत्तरपदपलद्यादिकोपधादण्	प्रस्थ-उत्तरपद-पलदी-आदि-क-उपधात् ५/१ अण् १/१
4.2.111	42111	1332	vidhi			कण्वादिभ्यो गोत्रे	कण्व-आदिभ्यः ५/३ गोत्रे ७/१
4.2.112	42112	1333	vidhi			इञश्च	इञः ५/१ च ०/०
4.2.113	42113	1334	vidhi			न द्व्यचः प्राच्यभरतेषु	न ०/० द्वि-अचः ५/१ प्राच्य-भरतेषु ७/३
4.2.114	42114	1337	vidhi			वृद्धाच्छः	वृद्धात् ५/१ छः १/१
4.2.115	42115	1339	vidhi			भवतष्ठक्छसौ	भवतः ५/१ ठक्-छसौ १/२
4.2.116	42116	1340	vidhi			काश्यादिभ्यष्ठञ्ञिठौ	काशी-आदिभ्यः ५/३ ठञ्-ञिठौ १/२
4.2.117	42117	1341	vidhi			वाहीकग्रामेभ्यश्च	वाहीक-ग्रामेभ्यः ५/३ च ०/०
4.2.118	42118	1342	vidhi			विभाषोशीनरेषु	विभाषा १/१ उशीनरेषु ७/३
4.2.119	42119	1343	vidhi			ओर्देशे ठञ्	ओः ५/१ देशे ७/१ ठञ् १/१
4.2.120	42120	1344	vidhi			वृद्धात् प्राचाम्	वृद्धात् ५/१ प्राचाम् ६/३
4.2.121	42121	1345	vidhi			धन्वयोपधाद्वुञ्	धन्व-य-उपधात् ५/१ वुञ् १/१
4.2.122	42122	1346	vidhi			प्रस्थपुरवहान्ताच्च	प्रस्थ-पुर-वह-अन्तात् ५/१ च ०/०
4.2.123	42123	1347	vidhi			रोपधेतोः प्राचाम्	र-उपधा-इतोः ६/२ प्राचाम् ६/३
4.2.124	42124	1348	vidhi			जनपदतदवध्योश्च	जनपद-तद्-अवध्योः ६/२ च ०/०
4.2.125	42125	1349	vidhi			अवृद्धादपि बहुवचनविषयात्	अ-वृद्धात् ५/१ अपि ०/० बहुवचन-विषयात् ५/१
4.2.126	42126	1350	vidhi			कच्छाग्निवक्त्रवर्त्तोत्तरपदात्	कच्छ-अग्नि-वक्त्र-वर्त-उत्तरपदात् ५/१
4.2.127	42127	1351	vidhi			धूमादिभ्यश्च	धूम-आदिभ्यः ५/३ च ०/०
4.2.128	42128	1352	vidhi			नगरात् कुत्सनप्रावीण्ययोः	नगरात् ५/१ कुत्सन-प्रावीण्ययोः ७/२
4.2.129	42129	1353	vidhi			अरण्यान्मनुष्ये	अरण्यात् ५/१ मनुष्ये ७/१
4.2.130	42130	1354	vidhi			विभाषा कुरुयुगन्धराभ्याम्	विभाषा १/१ कुरु-युगन्धराभ्याम् ५/२
4.2.131	42131	1355	vidhi			मद्रवृज्योः कन्	मद्र-वृज्योः ६/२ कन् १/१
4.2.132	42132	1356	vidhi			कोपधादण्	क-उपधात् ५/१ अण् १/१
4.2.133	42133	1357	vidhi			कच्छादिभ्यश्च	कच्छ-आदिभ्यः ५/३ च ०/०
4.2.134	42134	1358	vidhi			मनुष्यतत्स्थयोर्वुञ्	मनुष्य-तत्-स्थयोः ७/२ वुञ् १/१
4.2.135	42135	1359	vidhi			अपदातौ साल्वात्	अ-पदातौ ७/१ साल्वात् ५/१
4.2.136	42136	1360	vidhi			गोयवाग्वोश्च	गो-यवाग्वोः ७/२ च ०/०
4.2.137	42137	1361	vidhi			गर्तोत्तरपदाच्छः	गर्त-उत्तरपदात् ५/१ छः १/१
4.2.138	42138	1362	vidhi			गहादिभ्यश्च	गह-आदिभ्यः ५/३ च ०/०
4.2.139	42139	1363	vidhi			प्राचां कटादेः	प्राचाम् ६/३ कट-आदेः ५/१
4.2.140	42140	1364	vidhi			राज्ञः क च	राज्ञः ६/१ क च ०/०
4.2.141	42141	1365	vidhi			वृद्धादकेकान्तखोपधात्	वृद्धात् ५/१ अक-इक-अन्त-ख-उपधात् ५/१
4.2.142	42142	1366	vidhi			कन्थापलदनगरग्रामहृदोत्तरपदात्	कन्था-पलद-नगर-ग्राम-हृद-उत्तरपदात् ५/१
4.2.143	42143	1367	vidhi			पर्वताच्च	पर्वतात् ५/१ च ०/०
4.2.144	42144	1368	vidhi			विभाषाऽमनुष्ये	विभाषा १/१ अ-मनुष्ये ७/१
4.2.145	42145	1369	vidhi			कृकणपर्णाद्भारद्वाजे	कृकण-पर्णात् ५/१ भारद्वाजे ७/१
4.3.1	43001	1370	vidhi			युष्मदस्मदोरन्यतरस्यां खञ् च	युष्मद्-अस्मदोः ६/२ अन्यतरस्याम् ७/१ खञ् १/१ च ०/०
4.3.2	43002	1371	vidhi			तस्मिन्नणि च युष्माकास्माकौ	तस्मिन् ७/१ अणि ७/१ च ०/० युष्माक-अस्माकौ १/२
4.3.3	43003	1372	vidhi			तवकममकावेकवचने	तवक-ममकौ १/२ एकवचने १/२
4.3.4	43004	1374	vidhi			अर्धाद्यत्	अर्धात् ५/१ यत् १/१
4.3.5	43005	1375	vidhi			परावराधमोत्तमपूर्वाच्च	पर-अवर-अधम-उत्तम-पूर्वात् ५/१ च ०/०
4.3.6	43006	1376	vidhi			दिक्पूर्वपदाट्ठञ् च	दिक्-पूर्वपदात् ५/१ ठञ् १/१ च ०/०
4.3.7	43007	1377	vidhi			ग्रामजनपदैकदेशादञ्ठञौ	ग्राम-जनपद-एकदेशात् ५/१ अञ्-ठञौ १/२
4.3.8	43008	1378	vidhi			मध्यान्मः	मध्यात् ५/१ मः १/१
4.3.9	43009	1379	vidhi			अ साम्प्रतिके	अ साम्प्रतिके ७/१
4.3.10	43010	1380	vidhi			द्वीपादनुसमुद्रं यञ्	द्वीपात् ५/१ अनु-समुद्रम् ०/० यञ् १/१
4.3.11	43011	1381	vidhi			कालाट्ठञ्	कालात् ५/१ ठञ् १/१
4.3.12	43012	1382	vidhi			श्राद्धे शरदः	श्राद्धे ७/१ शरदः ५/१
4.3.13	43013	1383	vidhi			विभाषा रोगातपयोः	विभाषा १/१ रोग-आतपयोः ७/२
4.3.14	43014	1384	vidhi			निशाप्रदोषाभ्यां च	निशा-प्रदोषाभ्याम् ५/२ च ०/०
4.3.15	43015	1385	vidhi			श्वसस्तुट् च	श्वसः ५/१ तुट् १/१ च ०/०
4.3.16	43016	1387	vidhi			संधिवेलाद्यृतुनक्षत्रेभ्योऽण्	संधिवेला-आदि-ऋतु-नक्षत्रेभ्यः ५/३ अण् १/१
4.3.17	43017	1388	vidhi			प्रावृष एण्यः	प्रावृषः ५/१ एण्यः १/१
4.3.18	43018	1389	vidhi			वर्षाभ्यष्ठक्	वर्षाभ्यः ५/१ ठक् १/१
4.3.19	43019	3450	vidhi			छन्दसि ठञ्	छन्दसि ७/१ ठञ् १/१
4.3.20	43020	3451	vidhi			वसन्ताच्च	वसन्तात् ५/१ च ०/०
4.3.21	43021	3452	vidhi			हेमन्ताच्च	हेमन्तात् ५/१ च ०/०
4.3.22	43022	1390	vidhi			सर्वत्राण् च तलोपश्च	सर्वत्र ०/० अण् १/१ च ०/० त-लोपः १/१ च ०/०
4.3.23	43023	1391	vidhi			सायंचिरम्प्राह्णेप्रगेऽव्ययेभ्यष्ट्युट्युलौ तुट् च	सायम्-चिरम्-प्राह्णे-प्रगे-अव्ययेभ्यः ५/३ ट्यु-ट्युलौ १/२ तुट् १/१ च ०/०
4.3.24	43024	1392	vidhi			विभाषा पूर्वाह्णापराह्णाभ्याम्	विभाषा १/१ पूर्वाह्ण-अपराह्णाभ्याम् ५/२
4.3.25	43025	1393	vidhi			तत्र जातः	तत्र ०/० जातः १/१
4.3.26	43026	1394	vidhi			प्रावृषष्ठप्	प्रावृषः ५/१ ठप् १/१
4.3.27	43027	1395	vidhi			संज्ञायां शरदो वुञ्	संज्ञायाम् ७/१ शरदः ५/१ वुञ् १/१
4.3.28	43028	1401	vidhi			पूर्वाह्णापराह्णार्द्रामूलप्रदोषावस्कराद्वुन्	पूर्वाह्ण-अपराह्ण-आर्द्रा-मूल-प्रदोष-अवस्करात् ५/१ वुन् १/१
4.3.29	43029	1402	vidhi			पथः पन्थ च	पथः ६/१ पन्थ च ०/०
4.3.30	43030	1403	vidhi			अमावास्याया वा	अमावास्यायाः ५/१ वा ०/०
4.3.31	43031	1404	vidhi			अ च	अ च ०/०
4.3.32	43032	1405	vidhi			सिन्ध्वपकराभ्यां कन्	सिन्धु-अपकराभ्याम् ५/२ कन् १/१
4.3.33	43033	1406	vidhi			अणञौ च	अण्-अञौ १/२ च ०/०
4.3.34	43034	1407	vidhi			श्रविष्ठाफल्गुन्यनुराधास्वातितिष्यपुनर्वसुहस्तविशाखाषाढाबहुलाल्लुक्	श्रविष्ठा-फल्गुनी-अनुराधा-स्वाति-तिष्य-पुनर्वसु-हस्त-विशाखा-आषाढा-बहुलात् ५/१ लुक् १/१
4.3.35	43035	1410	vidhi			स्थानान्तगोशालखरशालाच्च	स्थान-अन्त-गोशाल-खरशालात् ५/१ च ०/०
4.3.36	43036	1411	vidhi			वत्सशालाभिजिदश्वयुक्छतभिषजो वा	वत्सशाला-अभिजित्-अश्वयुक्-शतभिषजः ५/१ वा ०/०
4.3.37	43037	1412	vidhi			नक्षत्रेभ्यो बहुलम्	नक्षत्रेभ्यः ५/३ बहुलम् १/१
4.3.38	43038	1413	vidhi			कृतलब्धक्रीतकुशलाः	कृत-लब्ध-क्रीत-कुशलाः १/३
4.3.39	43039	1414	vidhi			प्रायभवः	प्राय-भवः १/१
4.3.40	43040	1415	vidhi			उपजानूपकर्णोपनीवेष्ठक्	उपजानु-उपकर्ण-उपनीवेः ५/१ ठक् १/१
4.3.41	43041	1416	vidhi			संभूते	संभूते ७/१
4.3.42	43042	1417	vidhi			कोशाड्ढञ्	कोशात् ५/१ ढञ् १/१
4.3.43	43043	1418	vidhi			कालात् साधुपुष्प्यत्पच्यमानेषु	कालात् ५/१ साधु-पुष्प्यत्-पच्यमानेषु ७/३
4.3.44	43044	1419	vidhi			उप्ते च	उप्ते ७/१ च ०/०
4.3.45	43045	1420	vidhi			आश्वयुज्या वुञ्	आश्वयुज्याः ५/१ वुञ् १/१
4.3.46	43046	1421	vidhi			ग्रीष्मवसन्तादन्यतरस्याम्	ग्रीष्म-वसन्तात् ५/१ अन्यतरस्याम् ७/१
4.3.47	43047	1422	vidhi			देयमृणे	देयम् १/१ ऋणे ७/१
4.3.48	43048	1423	vidhi			कलाप्यश्वत्थयवबुसाद्वुन्	कलापि-अश्वत्थ-यव-बुसात् ५/१ वुन् १/१
4.3.49	43049	1424	vidhi			ग्रीष्मावरसमाद्वुञ्	ग्रीष्म-अवर-समात् ५/१ वुञ् १/१
4.3.50	43050	1425	vidhi			संवत्सराग्रहायणीभ्यां ठञ् च	संवत्सर-आग्रहायणीभ्याम् ५/२ ठञ् १/१ च ०/०
4.3.51	43051	1426	vidhi			व्याहरति मृगः	व्याहरति मृगः १/१
4.3.52	43052	1427	vidhi			तदस्य सोढम्	तत् १/१ अस्य ६/१ सोढम् १/१
4.3.53	43053	1428	vidhi			तत्र भवः	तत्र ०/० भवः १/१
4.3.54	43054	1429	vidhi			दिगादिभ्यो यत्	दिक्-आदिभ्यः ५/३ यत् १/१
4.3.55	43055	1430	vidhi			शरीरावयवाच्च	शरीर-अवयवात् ५/१ च ०/०
4.3.56	43056	1433	vidhi			दृतिकुक्षिकलशिवस्त्यस्त्यहेर्ढञ्	दृति-कुक्षि-कलशि-वस्ति-अस्ति-अहेः ५/१ ढञ् १/१
4.3.57	43057	1434	vidhi			ग्रीवाभ्योऽण् च	ग्रीवाभ्यः ५/३ अण् १/१ च ०/०
4.3.58	43058	1435	vidhi			गम्भीराञ्ञ्यः	गम्भीरात् ५/१ ञ्यः १/१
4.3.59	43059	1436	vidhi			अव्ययीभावाच्च	अव्ययीभावात् ५/१ च ०/०
4.3.60	43060	1437	vidhi			अन्तःपूर्वपदाट्ठञ्	अन्तः-पूर्वपदात् ५/१ ठञ् १/१
4.3.61	43061	1440	vidhi			ग्रामात् पर्यनुपूर्वात्	ग्रामात् ५/१ परि-अनु-पूर्वात् ५/१
4.3.62	43062	1441	vidhi			जिह्वामूलाङ्गुलेश्छः	जिह्वामूल-अङ्गुलेः ५/१ छः १/१
4.3.63	43063	1442	vidhi			वर्गान्ताच्च	वर्ग-अन्तात् ५/१ च ०/०
4.3.64	43064	1443	vidhi			अशब्दे यत्खावन्यतरस्याम्	अ-शब्दे ७/१ यत्-खौ १/२ अन्यतरस्याम् ७/१
4.3.65	43065	1444	vidhi			कर्णललाटात् कनलंकारे	कर्ण-ललाटात् ५/१ कन् १/१ अलङ्कारे ७/१
4.3.66	43066	1445	vidhi			तस्य व्याख्यान इति च व्याख्यातव्यनाम्नः	तस्य ६/१ व्याख्याने ७/१ इति ०/० च ०/० व्याख्यातव्य-नाम्नः ५/१
4.3.67	43067	1446	vidhi			बह्वचोऽन्तोदात्ताट्ठञ्	बहु-अचः ५/१ अन्तोदात्तात् ५/१ ठञ् ५/१
4.3.68	43068	1447	vidhi			क्रतुयज्ञेभ्यश्च	क्रतु-यज्ञेभ्यः ५/३ च ०/०
4.3.69	43069	1448	vidhi			अध्यायेष्वेवर्षेः	अध्यायेषु ७/३ एव ०/० ऋषेः ५/१
4.3.70	43070	1449	vidhi			पौरोडाशपुरोडाशात् ष्ठन्	पौरोडाश-पुरोडाशात् ५/१ ष्ठन् १/१
4.3.71	43071	1450	vidhi			छन्दसो यदणौ	छन्दसः ५/१ यद्-अणौ १/२
4.3.72	43072	1451	vidhi			द्व्यजृद्ब्राह्मणर्क्प्रथमाध्वरपुरश्चरणनामाख्याताट्ठक्	द्व्यच्-ऋत्-ब्राह्मण-ऋक्-प्रथम-अध्वर-पुरश्चरण-नाम-आख्यातात् ५/१ ठक् १/१
4.3.73	43073	1452	vidhi			अणृगयनादिभ्यः	अण् १/१ ऋगयन-आदिभ्यः ५/३
4.3.74	43074	1453	vidhi			तत आगतः	तत ०/० आगतः १/१
4.3.75	43075	1454	vidhi			ठगायस्थानेभ्यः	ठक् १/१ आयस्थानेभ्यः ५/३
4.3.76	43076	1455	vidhi			शुण्डिकादिभ्योऽण्	शुण्डिका-आदिभ्यः ५/३ अण् १/१
4.3.77	43077	1456	vidhi			विद्यायोनिसंबन्धेभ्यो वुञ्	विद्या-योनि-संबन्धेभ्यः ५/३ वुञ् १/१
4.3.78	43078	1457	vidhi			ऋतष्ठञ्	ऋतः ५/१ ठञ् १/१
4.3.79	43079	1458	vidhi			पितुर्यच्च	पितुः ५/१ यत् १/१ च ०/०
4.3.80	43080	1459	vidhi			गोत्रादङ्कवत्	गोत्रात् ५/१ अङ्कवत् ०/०
4.3.81	43081	1461	vidhi			हेतुमनुष्येभ्योऽन्यतरस्यां रूप्यः	हेतु-मनुष्येभ्यः ५/३ अन्यतरस्याम् ७/१ रूप्यः १/१
4.3.82	43082	1462	vidhi			मयट् च	मयट् ५/१ च ०/०
4.3.83	43083	1463	vidhi			प्रभवति	प्रभवति
4.3.84	43084	1464	vidhi			विदूराञ्ञ्यः	विदूरात् ५/१ ञ्यः १/१
4.3.85	43085	1465	vidhi			तद्गच्छति पथिदूतयोः	तत् १/१ गच्छति पथिदूतयोः ७/२
4.3.86	43086	1466	vidhi			अभिनिष्क्रामति द्वारम्	अभिनिष्क्रामति द्वारम् १/१
4.3.87	43087	1467	vidhi			अधिकृत्य कृते ग्रन्थे	अधिकृत्य ०/० कृते ७/१ ग्रन्थे ७/१
4.3.88	43088	1468	vidhi			शिशुक्रन्दयमसभद्वन्द्वेन्द्रजननादिभ्यश्छः	शिशुक्रन्द-यमसभ-द्वन्द्व-इन्द्रजनन-आदिभ्यः ५/३ छः १/१
4.3.89	43089	1469	vidhi			सोऽस्य निवासः	सः १/१ अस्य ६/१ निवासः १/१
4.3.90	43090	1470	vidhi			अभिजनश्च	अभिजनः १/१ च ०/०
4.3.91	43091	1471	vidhi			आयुधजीविभ्यश्छः पर्वते	आयुधजीविभ्यः ५/३ छः १/१ पर्वते ७/१
4.3.92	43092	1472	vidhi			शण्डिकादिभ्यो ञ्यः	शण्डिका-आदिभ्यः ५/३ ञ्यः १/१
4.3.93	43093	1473	vidhi			सिन्धुतक्षशिलादिभ्योऽणञौ	सिन्धु-तक्षशिला-आदिभ्यः ५/३ अण्-अञौ १/२
4.3.94	43094	1474	vidhi			तूदीशलातुरवर्मतीकूचवाराड्ढक्छण्ढञ्यकः	तूदी-शलातुर-वर्मती-कूचवारात् ५/१ ढक्-छण्-ढञ्-यकः १/३
4.3.95	43095	1475	vidhi			भक्तिः	भक्तिः १/१
4.3.96	43096	1476	vidhi			अचित्ताददेशकालाट्ठक्	अ-चित्तात् ५/१ अ-देश-कालात् ५/१ ठक् १/१
4.3.97	43097	1477	vidhi			महाराजाट्ठञ्	महाराजात् ५/१ ठञ् १/१
4.3.98	43098	1478	vidhi			वासुदेवार्जुनाभ्यां वुन्	वासुदेव-अर्जुनाभ्याम् ५/२ वुन् १/१
4.3.99	43099	1479	vidhi			गोत्रक्षत्रियाख्येभ्यो बहुलं वुञ्	गोत्र-क्षत्रिय-आख्येभ्यः ५/३ बहुलम् १/१ वुञ् १/१
4.3.100	43100	1480	vidhi			जनपदिनां जनपदवत् सर्वं जनपदेन समानशब्दानां बहुवचने	जनपदिनाम् ६/३ जनपदवत् ०/० सर्वम् १/१ जनपदेन ३/१ समान-शब्दानाम् ६/३ बहुवचने ७/१
4.3.101	43101	1481	vidhi			तेन प्रोक्तम्	तेन ३/१ प्रोक्तम् १/१
4.3.102	43102	1482	vidhi			तित्तिरिवरतन्तुखण्डिकोखाच्छण्	तित्तिरि-वरतन्तु-खण्डिका-उखात् ५/१ छण् १/१
4.3.103	43103	1483	vidhi			काश्यपकौशिकाभ्यामृषिभ्यां णिनिः	काश्यप-कौशिकाभ्याम् ५/२ ऋषिभ्याम् ५/२ णिनिः १/१
4.3.104	43104	1484	vidhi			कलापिवैशम्पायनान्तेवासिभ्यश्च	कलापि-वैशम्पायन-अन्तेवासिभ्यः ५/३ च ०/०
4.3.105	43105	1485	vidhi			पुराणप्रोक्तेषु ब्राह्मणकल्पेषु	पुराण-प्रोक्तेषु ७/३ ब्राह्मण-कल्पेषु ७/३
4.3.106	43106	1486	vidhi			शौनकादिभ्यश्छन्दसि	शौनक-आदिभ्यः ५/३ छन्दसि ७/१
4.3.107	43107	1487	vidhi			कठचरकाल्लुक्	कठ-चरकात् ५/१ लुक् १/१
4.3.108	43108	1488	vidhi			कलापिनोऽण्	कलापिनः ५/१ अण् १/१
4.3.109	43109	1489	vidhi			छगलिनो ढिनुक्	छगलिनः ५/३ ढिनुक् १/१
4.3.110	43110	1490	vidhi			पाराशर्यशिलालिभ्यां भिक्षुनटसूत्रयोः	पाराशर्य-शिलालिभ्याम् ५/२ भिक्षु-नटसूत्रयोः ७/२
4.3.111	43111	1491	vidhi			कर्मन्दकृशाश्वादिनिः	कर्मन्द-कृशाश्वात् ५/१ इनिः १/१
4.3.112	43112	1492	vidhi			तेनैकदिक्	तेन ३/१ एकदिक् १/१
4.3.113	43113	1493	vidhi			तसिश्च	तसिः १/१ च ०/०
4.3.114	43114	1494	vidhi			उरसो यच्च	उरसः ५/१ यत् १/१ च ०/०
4.3.115	43115	1495	vidhi			उपज्ञाते	उपज्ञाते ७/१
4.3.116	43116	1496	vidhi			कृते ग्रन्थे	कृते ७/१ ग्रन्थे ७/१
4.3.117	43117	1497	vidhi			संज्ञायाम्	संज्ञायाम् ७/१
4.3.118	43118	1498	vidhi			कुलालादिभ्यो वुञ्	कुलाल-आदिभ्यः ५/३ वुञ् १/१
4.3.119	43119	1499	vidhi			क्षुद्राभ्रमरवटरपादपादञ्	क्षुद्रा-भ्रमर-वटर-पादपात् ५/१ अञ् १/१
4.3.120	43120	1500	vidhi			तस्येदम्	तस्य ६/१ इदम् १/१
4.3.121	43121	1501	vidhi			रथाद्यत्	रथात् ५/१ यत् १/१
4.3.122	43122	1502	vidhi			पत्रपूर्वादञ्	पत्र-पूर्वात् ५/१ अञ् १/१
4.3.123	43123	1503	vidhi			पत्राध्वर्युपरिषदश्च	पत्र-अध्वर्यु-परिषदः ५/१ च ०/०
4.3.124	43124	1504	vidhi			हलसीराट्ठक्	हल-सीरात् ५/१ ठक् १/१
4.3.125	43125	1505	vidhi			द्वन्द्वाद्वुन् वैरमैथुनिकयोः	द्वन्द्वात् ५/१ वुन् १/१ वैर-मैथुनिकयोः ७/२
4.3.126	43126	1506	vidhi			गोत्रचरणाद्वुञ्	गोत्र-चरणात् ५/१ वुञ् १/१
4.3.127	43127	1507	vidhi			संघाङ्कलक्षणेष्वञ्यञिञामण्	संघ-अङ्क-लक्षणेषु ७/३ अञ्-यञ्-इञाम् ६/३ अण् १/१
4.3.128	43128	1508	vidhi			शाकलाद्वा	शाकलात् ५/१ वा ०/०
4.3.129	43129	1509	vidhi			छन्दोगौक्थिकयाज्ञिकबह्वृचनटाञ्ञ्यः	छन्दोग-औक्थिक-याज्ञिक-बह्वृच-नटात् ५/१ ञ्यः १/१
4.3.130	43130	1510	vidhi			न दण्डमाणवान्तेवासिषु	न ०/० दण्ड-माणव-अन्तेवासिषु ७/३
4.3.131	43131	1511	vidhi			रैवतिकादिभ्यश्छः	रैवतिक-आदिभ्यः ५/३ छः १/१
4.3.132	43132	1512	vidhi			कौपिञ्जलहास्तिपदादण्	कौपिञ्जल-हास्तिपदात् ५/१ अण् १/१
4.3.133	43133	1513	vidhi			आथर्वणिकस्येकलोपश्च	आथर्वणिकस्य ६/१ इक लोपः १/१ च ०/०
4.3.134	43134	1514	vidhi			तस्य विकारः	तस्य ६/१ विकारः १/१
4.3.135	43135	1515	vidhi			अवयवे च प्राण्योषधिवृक्षेभ्यः	अवयवे ७/१ च ०/० प्राणि-ओषधि-वृक्षेभ्यः ५/३
4.3.136	43136	1516	vidhi			बिल्वादिभ्योऽण्	बिल्व-आदिभ्यः ५/३ अण् १/१
4.3.137	43137	1517	vidhi			कोपधाच्च	क-उपधात् ५/१ च ०/०
4.3.138	43138	1518	vidhi			त्रपुजतुनोः षुक्	त्रपु-जतुनोः ६/२ षुक् १/१
4.3.139	43139	1519	vidhi			ओरञ्	ओः ५/१ अञ् १/१
4.3.140	43140	1520	vidhi			अनुदात्तादेश्च	अनुदात्त-आदेः ५/१ च ०/०
4.3.141	43141	1521	vidhi			पलाशादिभ्यो वा	पलाश-आदिभ्यः ५/३ वा ०/०
4.3.142	43142	1522	vidhi			शम्याष्ट्लञ्	शम्याः ५/१ ट्लञ् १/१
4.3.143	43143	1523	vidhi			मयड्वैतयोर्भाषायामभक्ष्याच्छादनयोः	मयट् १/१ वा ०/० एतयोः ७/२ भाषायाम् ७/१ अ-भक्ष्य-आच्छादनयोः ७/२
4.3.144	43144	1524	vidhi			नित्यं वृद्धशरादिभ्यः	नित्यम् १/१ वृद्ध-शर-आदिभ्यः ५/३
4.3.145	43145	1525	vidhi			गोश्च पुरीषे	गोः ५/१ च ०/० पुरीषे ७/१
4.3.146	43146	1526	vidhi			पिष्टाच्च	पिष्टात् ५/१ च ०/०
4.3.147	43147	1527	vidhi			संज्ञायां कन्	संज्ञायाम् ७/१ कन् १/१
4.3.148	43148	1528	vidhi			व्रीहेः पुरोडाशे	व्रीहेः ५/१ पुरोडाशे ७/१
4.3.149	43149	1529	vidhi			असंज्ञायां तिलयवाभ्याम्	अ-संज्ञायाम् ७/१ तिल-यवाभ्याम् ५/२
4.3.150	43150	3453	vidhi			द्व्यचश्छन्दसि	द्वि-अचः ५/१ छन्दसि ७/१
4.3.151	43151	3454	vidhi			नोत्वद्वर्ध्रबिल्वात्	न ०/० उत्वत्-वर्ध्र-बिल्वात् ५/१
4.3.152	43152	1530	vidhi			तालादिभ्योऽण्	ताल-आदिभ्यः ५/३ अण् १/१
4.3.153	43153	1531	vidhi			जातरूपेभ्यः परिमाणे	जात-रूपेभ्यः ५/३ परिमाणे ७/१
4.3.154	43154	1532	vidhi			प्राणिरजतादिभ्योऽञ्	प्राणि-रजत-आदिभ्यः ५/३ अञ् १/१
4.3.155	43155	1533	vidhi			ञितश्च तत्प्रत्ययात्	ञितः ५/१ च ०/० तत्-प्रत्ययात् ५/१
4.3.156	43156	1534	vidhi			क्रीतवत् परिमाणात्	क्रीतवत् ०/० परिमाणात् ५/१
4.3.157	43157	1535	vidhi			उष्ट्राद्वुञ्	उष्ट्रात् ५/१ वुञ् १/१
4.3.158	43158	1536	vidhi			उमोर्णयोर्वा	उमा-ऊर्णयोः ६/२ वा ०/०
4.3.159	43159	1537	vidhi			एण्या ढञ्	एण्याः ५/१ ढञ् १/१
4.3.160	43160	1538	vidhi			गोपयसोर्यत्	गोपयसोः ५/२ यत् १/१
4.3.161	43161	1539	vidhi			द्रोश्च	द्रोः ५/१ च ०/०
4.3.162	43162	1540	vidhi			माने वयः	माने ७/१ वयः १/१
4.3.163	43163	1541	vidhi			फले लुक्	फले ७/१ लुक् १/१
4.3.164	43164	1542	vidhi			प्लक्षादिभ्योऽण्	प्लक्ष-आदिभ्यः ५/३ अण् १/१
4.3.165	43165	1544	vidhi			जम्ब्वा वा	जम्ब्वाः ५/१ वा ०/०
4.3.166	43166	1545	vidhi			लुप् च	लुप् १/१ च ०/०
4.3.167	43167	1546	vidhi			हरीतक्यादिभ्यश्च	हरीतक्य-आदिभ्यः ५/३ च ०/०
4.3.168	43168	1547	vidhi			कंसीयपरशव्ययोर्यञञौ लुक् च	कंसीय-परशव्ययोः ६/२ यञ्-अञौ १/२ लुक् १/१ च ०/०
4.4.1	44001	1548	adhikara		प्राग्वहतीयः ठगधिकारः	प्राग्वहतेष्ठक्	प्राक् ०/० वहतेः ५/१ ठक् १/१
4.4.2	44002	1550	vidhi			तेन दीव्यति खनति जयति जितम्	तेन ३/१ दीव्यति खनति जयति जितम् १/१
4.4.3	44003	1551	vidhi			संस्कृतम्	संस्कृतम् १/१
4.4.4	44004	1552	vidhi			कुलत्थकोपधादण्	कुलत्थ-क-उपधात् ५/१ अण् १/१
4.4.5	44005	1553	vidhi			तरति	तरति
4.4.6	44006	1554	vidhi			गोपुच्छाट्ठञ्	गोपुच्छात् ५/१ ठञ् १/१
4.4.7	44007	1555	vidhi			नौद्व्यचष्ठन्	नौ-द्व्यचः ५/१ ठन् १/१
4.4.8	44008	1556	vidhi			चरति	चरति
4.4.9	44009	1557	vidhi			आकर्षात् ष्ठल्	आकर्षात् ५/१ ष्ठल् १/१
4.4.10	44010	1558	vidhi			पर्पादिभ्यः ष्ठन्	पर्प-आदिभ्यः ५/३ ष्ठन् १/१
4.4.11	44011	1559	vidhi			श्वगणाट्ठञ्च	श्वगणात् ५/१ ठञ् १/१ च ०/०
4.4.12	44012	1562	vidhi			वेतनादिभ्यो जीवति	वेतन-आदिभ्यः ५/३ जीवति
4.4.13	44013	1563	vidhi			वस्नक्रयविक्रयाट्ठन्	वस्न-क्रय-विक्रयात् ५/१ ठन् १/१
4.4.14	44014	1564	vidhi			आयुधाच्छ च	आयुधात् ५/१ छ च ०/०
4.4.15	44015	1565	vidhi			हरत्युत्सङ्गादिभ्यः	हरति उत्सङ्गादिभ्यः ५/३
4.4.16	44016	1566	vidhi			भस्त्रादिभ्यः ष्ठन्	भस्त्रा-आदिभ्यः ५/३ ष्ठन् १/१
4.4.17	44017	1567	vidhi			विभाषा विवधवीवधात्	विभाषा १/१ विवध-वीवधात् ५/१
4.4.18	44018	1568	vidhi			अण् कुटिलिकायाः	अण् १/१ कुटिलिकायाः ५/१
4.4.19	44019	1569	vidhi			निर्वृत्तेऽक्षद्यूतादिभ्यः	निर्वृत्ते ७/१ अक्ष-द्यूत-आदिभ्यः ५/३
4.4.20	44020	1570	vidhi			क्त्रेर्मम् नित्यम्	क्त्रेः ५/१ मप् १/१ नित्यम् १/१
4.4.21	44021	1571	vidhi			अपमित्ययाचिताभ्यां कक्कनौ	अपमित्य-याचिताभ्याम् ५/२ कक्-कनौ १/२
4.4.22	44022	1572	vidhi			संसृष्टे	संसृष्टे ७/१
4.4.23	44023	1573	vidhi			चूर्णादिनिः	चूर्णात् ५/१ इनिः १/१
4.4.24	44024	1574	vidhi			लवणाल्लुक्	लवणात् ५/१ लुक् १/१
4.4.25	44025	1575	vidhi			मुद्गादण्	मुद्गात् ५/१ अण् १/१
4.4.26	44026	1576	vidhi			व्यञ्जनैरुपसिक्ते	व्यञ्जनैः ३/३ उपसिक्ते ७/१
4.4.27	44027	1577	vidhi			ओजस्सहोऽम्भसा वर्तते	ओजः-सहः-अम्भसा ३/१ वर्तते
4.4.28	44028	1578	vidhi			तत् प्रत्यनुपूर्वमीपलोमकूलम्	तत् २/१ प्रति-अनुपूर्वम् २/१ ईप-लोम-कूलम् २/१
4.4.29	44029	1579	vidhi			परिमुखं च	परिमुखम् २/१ च ०/०
4.4.30	44030	1580	vidhi			प्रयच्छति गर्ह्यम्	प्रयच्छति गर्ह्यम् २/१
4.4.31	44031	1581	vidhi			कुसीददशैकादशात् ष्ठन्ष्ठचौ	कुसीद-दशैकादशात् ५/१ ष्ठन्-ष्ठचौ १/२
4.4.32	44032	1582	vidhi			उञ्छति	उञ्छति
4.4.33	44033	1583	vidhi			रक्षति	रक्षति
4.4.34	44034	1584	vidhi			शब्ददर्दुरं करोति	शब्द-दर्दुरम् २/१ करोति
4.4.35	44035	1585	vidhi			पक्षिमत्स्यमृगान् हन्ति	पक्षि-मत्स्य-मृगान् २/३ हन्ति
4.4.36	44036	1586	vidhi			परिपन्थं च तिष्ठति	परिपन्थम् २/१ च ०/० तिष्ठति
4.4.37	44037	1587	vidhi			माथोत्तरपदपदव्यनुपदं धावति	माथ-उत्तरपद-पदवी-अनुपदम् २/१ धावति
4.4.38	44038	1588	vidhi			आक्रन्दाट्ठञ्च	आक्रन्दात् ५/१ ठञ् १/१ च ०/०
4.4.39	44039	1589	vidhi			पदोत्तरपदं गृह्णाति	पद-उत्तरपदम् २/१ गृह्णाति
4.4.40	44040	1590	vidhi			प्रतिकण्ठार्थललामं च	प्रतिकण्ठ-अर्थ-ललामम् २/१ च ०/०
4.4.41	44041	1591	vidhi			धर्मं चरति	धर्मम् २/१ चरति
4.4.42	44042	1592	vidhi			प्रतिपथमेति ठंश्च	प्रतिपथम् २/१ एति ठन् १/१ च ०/०
4.4.43	44043	1593	vidhi			समवायान् समवैति	समवायान् २/३ समवैति
4.4.44	44044	1594	vidhi			परिषदो ण्यः	परिषदः ५/१ ण्यः १/१
4.4.45	44045	1595	vidhi			सेनाया वा	सेनायाः ५/१ वा ०/०
4.4.46	44046	1596	vidhi			संज्ञायां ललाटकुक्कुट्यौ पश्यति	संज्ञायाम् ७/१ ललाट-कुक्कुट्यौ २/२ पश्यति
4.4.47	44047	1597	vidhi			तस्य धर्म्यम्	तस्य ६/१ धर्म्यम् १/१
4.4.48	44048	1598	vidhi			अण् महिष्यादिभ्यः	अण् १/१ महिषी-आदिभ्यः ५/३
4.4.49	44049	1599	vidhi			ऋतोऽञ्	ऋतः ५/१ अञ् १/१
4.4.50	44050	1600	vidhi			अवक्रयः	अवक्रयः १/१
4.4.51	44051	1601	vidhi			तदस्य पण्यम्	तत् १/१ अस्य ६/१ पण्यम् १/१
4.4.52	44052	1602	vidhi			लवणाट्ठञ्	लवणात् ५/१ ठञ् १/१
4.4.53	44053	1603	vidhi			किशरादिभ्यः ष्ठन्	किशर-आदिभ्यः ५/३ ष्ठन् १/१
4.4.54	44054	1604	vidhi			शलालुनोऽन्यतरस्याम्	शलालुनः ५/१ अन्यतरस्याम् ७/१
4.4.55	44055	1605	vidhi			शिल्पम्	शिल्पम् १/१
4.4.56	44056	1606	vidhi			मड्डुकझर्झरादणन्यतरस्याम्	मड्डुक-झर्झरात् ५/१ अण् १/१ अन्यतरस्याम् ७/१
4.4.57	44057	1607	vidhi			प्रहरणम्	प्रहरणम् १/१
4.4.58	44058	1608	vidhi			परश्वधाट्ठञ्च	परश्वधात् ५/१ ठञ् १/१ च ०/०
4.4.59	44059	1609	vidhi			शक्तियष्ट्योरीकक्	शक्ति-यष्ट्योः ६/२ ईकक् १/१
4.4.60	44060	1610	vidhi			अस्तिनास्तिदिष्टं मतिः	अस्ति-नास्ति-दिष्टम् १/१ मतिः १/१
4.4.61	44061	1611	vidhi			शीलम्	शीलम् १/१
4.4.62	44062	1612	vidhi			छत्रादिभ्यो णः	छत्र-आदिभ्यः ५/३ णः १/१
4.4.63	44063	1614	vidhi			कर्माध्ययने वृत्तम्	कर्म १/१ अध्ययने ७/१ वृत्तम् १/१
4.4.64	44064	1615	vidhi			बह्वच्पूर्वपदाट्ठच्	बहु-अच्-पूर्वपदात् ५/१ ठच् १/१
4.4.65	44065	1616	vidhi			हितं भक्षाः	हितम् १/१ भक्षाः १/३
4.4.66	44066	1617	vidhi			तदस्मै दीयते नियुक्तम्	तत् १/१ अस्मै ४/१ दीयते नियुक्तम् १/१
4.4.67	44067	1618	vidhi			श्राणामांसौदनाट्टिठन्	श्राणा-मांस-ओदनात् ५/१ टिठन् १/१
4.4.68	44068	1619	vidhi			भक्तादणन्यतरस्याम्	भक्तात् ५/१ अण् १/१ अन्यतरस्याम् ७/१
4.4.69	44069	1620	vidhi			तत्र नियुक्तः	तत्र ०/० नियुक्तः १/१
4.4.70	44070	1621	vidhi			अगारान्ताट्ठन्	अगार-अन्तात् ५/१ ठन् १/१
4.4.71	44071	1622	vidhi			अध्यायिन्यदेशकालात्	अध्यायिनि ७/१ अ-देश-कालात् ५/१
4.4.72	44072	1623	vidhi			कठिनान्तप्रस्तारसंस्थानेषु व्यवहरति	कठिन-अन्त-प्रस्तार-संस्थानेषु ७/३ व्यवहरति
4.4.73	44073	1624	vidhi			निकटे वसति	निकटे ७/१ वसति
4.4.74	44074	1625	vidhi			आवसथात् ष्ठल्	आवसथात् ५/१ ष्ठल् १/१
4.4.75	44075	1626	adhikara		यदधिकारः प्राग्घितीयः	प्राग्घिताद्यत्	प्राक् ०/० हितात् ५/१ यत् १/१
4.4.76	44076	1627	vidhi			तद्वहति रथयुगप्रासङ्गम्	तत् २/१ वहति रथ-युग-प्रासङ्गम् २/१
4.4.77	44077	1628	vidhi			धुरो यड्ढकौ	धुरः ५/१ यत्-ढकौ १/२
4.4.78	44078	1630	vidhi			खः सर्वधुरात्	खः १/१ सर्वधुरात् ५/१
4.4.79	44079	1631	vidhi			एकधुराल्लुक् च	एकधुरात् ५/१ लुक् १/१ च ०/०
4.4.80	44080	1632	vidhi			शकटादण्	शकटात् ५/१ अण् १/१
4.4.81	44081	1633	vidhi			हलसीराट्ठक्	हल-सीरात् ५/१ ठक् १/१
4.4.82	44082	1634	vidhi			संज्ञायां जन्याः	संज्ञायाम् ७/१ जन्याः ५/१
4.4.83	44083	1635	vidhi			विध्यत्यधनुषा	विध्यति अ-धनुषा ३/१
4.4.84	44084	1636	vidhi			धनगणं लब्धा	धन-गणम् २/१ लब्धा १/१
4.4.85	44085	1637	vidhi			अन्नाण्णः	अन्नात् ५/१ णः १/१
4.4.86	44086	1638	vidhi			वशं गतः	वशम् २/१ गतः १/१
4.4.87	44087	1639	vidhi			पदमस्मिन् दृश्यम्	पदम् १/१ अस्मिन् ७/१ दृश्यम् १/१
4.4.88	44088	1640	vidhi			मूलमस्याबर्हि	मूलम् १/१ अस्य ६/१ आबर्हि १/१
4.4.89	44089	1641	vidhi			संज्ञायां धेनुष्या	संज्ञायाम् ७/१ धेनुष्या १/१
4.4.90	44090	1642	vidhi			गृहपतिना संयुक्ते ञ्यः	गृहपतिना ३/१ संयुक्ते ७/१ ञ्यः १/१
4.4.91	44091	1643	vidhi			नौवयोधर्मविषमूलमूलसीतातुलाभ्यस्तार्यतुल्यप्राप्यवध्यानाम्यसमसमितसम्मितेषु	नौ-वयो-धर्म-विष-मूल-मूल-सीता-तुलाभ्यः ५/३ तार्य-तुल्य-प्राप्य-वध्य-आनाम्य-सम-समित-सम्मितेषु ७/३
4.4.92	44092	1644	vidhi			धर्मपथ्यर्थन्यायादनपेते	धर्म-पथि-अर्थ-न्यायात् ५/१ अनपेते ७/१
4.4.93	44093	1645	vidhi			छन्दसो निर्मिते	छन्दसः ५/१ निर्मिते ७/१
4.4.94	44094	1646	vidhi			उरसोऽण् च	उरसः ५/१ अण् १/१ च ०/०
4.4.95	44095	1647	vidhi			हृदयस्य प्रियः	हृदयस्य ६/१ प्रियः १/१
4.4.96	44096	1648	vidhi			बन्धने चर्षौ	बन्धने ७/१ च ०/० ऋषौ ७/१
4.4.97	44097	1649	vidhi			मतजनहलात् करणजल्पकर्षेषु	मत-जन-हलात् ५/१ करण-जल्प-कर्षेषु ७/३
4.4.98	44098	1650	vidhi			तत्र साधुः	तत्र ०/० साधुः १/१
4.4.99	44099	1651	vidhi			प्रतिजनादिभ्यः खञ्	प्रतिजन-आदिभ्यः ५/३ खञ् १/१
4.4.100	44100	1652	vidhi			भक्ताण्णः	भक्तात् ५/१ णः १/१
4.4.101	44101	1653	vidhi			परिषदो ण्यः	परिषदः ५/१ ण्यः १/१
4.4.102	44102	1654	vidhi			कथादिभ्यष्ठक्	कथा-आदिभ्यः ५/३ ठक् १/१
4.4.103	44103	1655	vidhi			गुडादिभ्यष्ठञ्	गुड-आदिभ्यः ५/३ ठञ् १/१
4.4.104	44104	1656	vidhi			पथ्यतिथिवसतिस्वपतेर्ढञ्	पथि-अतिथि-वसति-स्वपतेः ५/१ ढञ् १/१
4.4.105	44105	1657	vidhi			सभाया यः	सभायाः ५/१ यः १/१
4.4.106	44106	3455	vidhi			ढश्छन्दसि	ढः १/१ छन्दसि ७/१
4.4.107	44107	1658	vidhi			समानतीर्थे वासी	समानतीर्थे ७/१ वासी १/१
4.4.108	44108	1659	vidhi			समानोदरे शयित ओ चोदात्तः	समान-उदरे ७/१ शयितः १/१ ओ च ०/० उदात्तः १/१
4.4.109	44109	1660	vidhi			सोदराद्यः	सोदरात् ५/१ यः १/१
4.4.110	44110	3456	vidhi			भवे छन्दसि	भवे ७/१ छन्दसि ७/१
4.4.111	44111	3457	vidhi			पाथोनदीभ्यां ड्यण्	पाथस्-नदीभ्याम् ५/२ ड्यण् १/१
4.4.112	44112	3458	vidhi			वेशन्तहिमवद्भ्यामण्	वेशन्त-हिमवद्भ्याम् ५/२ अण् १/१
4.4.113	44113	3459	vidhi			स्रोतसो विभाषा ड्यड्ड्यौ	स्रोतसः ५/१ विभाषा १/१ ड्यत्-ड्यौ १/२
4.4.114	44114	3460	vidhi			सगर्भसयूथसनुताद्यन्	सगर्भ-सयूथ-सनुतात् ५/१ यन् १/१
4.4.115	44115	3461	vidhi			तुग्राद्घन्	तुग्रात् ५/१ घन् १/१
4.4.116	44116	3462	vidhi			अग्राद्यत्	अग्रात् ५/१ यत् १/१
4.4.117	44117	3463	vidhi			घच्छौ च	घ-छौ १/२ च ०/०
4.4.118	44118	3464	vidhi			समुद्राभ्राद्घः	समुद्र-अभ्रात् ५/१ घः १/१
4.4.119	44119	3465	vidhi			बर्हिषि दत्तम्	बर्हिषि ७/१ दत्तम् १/१
4.4.120	44120	3466	vidhi			दूतस्य भागकर्मणी	दूतस्य ६/१ भाग-कर्मणी १/२
4.4.121	44121	3467	vidhi			रक्षोयातूनां हननी	रक्षस्-यातूनाम् ६/३ हननी १/१
4.4.122	44122	3468	vidhi			रेवतीजगतीहविष्याभ्यः प्रशस्ये	रेवती-जगती-हविष्याभ्यः ५/३ प्रशस्ये ७/१
4.4.123	44123	3469	vidhi			असुरस्य स्वम्	असुरस्य ६/१ स्वम् १/१
4.4.124	44124	3470	vidhi			मायायामण्	मायायाम् ७/१ अण् १/१
4.4.125	44125	3471	vidhi			तद्वानासामुपधानो मन्त्र इतीष्टकासु लुक् च मतोः	तद्वान् १/१ आसाम् ६/३ उपधानः १/१ मन्त्रः १/१ इति ०/० इष्टकासु ७/३ लुक् १/१ च ०/० मतोः ६/१
4.4.126	44126	3472	vidhi			अश्विमानण्	अश्विमान् १/१ अण् १/१
4.4.127	44127	3473	vidhi			वयस्यासु मूर्ध्नो मतुप्	वयस्यासु ७/३ मूर्ध्नः ५/१ मतुप् १/१
4.4.128	44128	3474	vidhi			मत्वर्थे मासतन्वोः	मत्वर्थे ७/१ मास-तन्वोः ७/२
4.4.129	44129	3475	vidhi			मधोर्ञ च	मधोः ५/१ ञ च ०/०
4.4.130	44130	3476	vidhi			ओजसोऽहनि यत्खौ	ओजसः ५/१ अहनि ७/१ यत्-खौ १/२
4.4.131	44131	3477	vidhi			वेशोयशआदेर्भगाद्यल्	वेशस्-यशस्-आदेः ५/१ भगात् ५/१ यल् १/१
4.4.132	44132	3478	vidhi			ख च	ख च ०/०
4.4.133	44133	3479	vidhi			पूर्वैः कृतमिनयौ च	पूर्वैः ३/३ कृतम् १/१ इन-यौ २/१ च ०/०
4.4.134	44134	3480	vidhi			अद्भिः संस्कृतम्	अद्भिः ३/३ संस्कृतम् १/१
4.4.135	44135	3481	vidhi			सहस्रेण संमितौ घः	सहस्रेण ३/१ संमितौ ७/१ घः १/१
4.4.136	44136	3482	vidhi			मतौ च	मतौ ७/१ च ०/०
4.4.137	44137	3483	vidhi			सोममर्हति यः	सोमम् २/१ अर्हति यः १/१
4.4.138	44138	3484	vidhi			मये च	मये ७/१ च ०/०
4.4.139	44139	3485	vidhi			मधोः	मधोः ५/१
4.4.140	44140	3486	vidhi			वसोः समूहे च	वसोः ५/१ समूहे ७/१ च ०/०
4.4.141	44141	3487	vidhi			नक्षत्राद्घः	नक्षत्रात् ५/१ घः १/१
4.4.142	44142	3488	vidhi			सर्वदेवात् तातिल्	सर्व-देवात् ५/१ तातिल् १/१
4.4.143	44143	3489	vidhi			शिवशमरिष्टस्य करे	शिव-शम्-अरिष्टस्य ६/१ करे ७/१
4.4.144	44144	3490	vidhi			भावे च	भावे ७/१ च ०/०
5.1.1	51001	1661	adhikara		प्राक्क्रीतीयः छाधिकारः	प्राक् क्रीताच्छः	प्राक् ०/० क्रीतात् ५/१ छः १/१
5.1.2	51002	1662	vidhi			उगवादिभ्यो यत्	उ-गो-आदिभ्यः ५/३ यत् १/१
5.1.3	51003	1663	vidhi			कम्बलाच्च संज्ञायाम्	कम्बलात् ५/१ च ०/० संज्ञायाम् ७/१
5.1.4	51004	1664	vidhi			विभाषा हविरपूपादिभ्यः	विभाषा १/१ हविर्-अपूप-आदिभ्यः ५/३
5.1.5	51005	1665	vidhi			तस्मै हितम्	तस्मै ४/१ हितम् १/१
5.1.6	51006	1666	vidhi			शरीरावयवाद्यत्	शरीर-अवयवात् ५/१ यत् १/१
5.1.7	51007	1668	vidhi			खलयवमाषतिलवृषब्रह्मणश्च	खल-यव-माष-तिल-वृष-ब्रह्मणः ५/१ च ०/०
5.1.8	51008	1669	vidhi			अजाविभ्यां थ्यन्	अज-अविभ्याम् ७/१ थ्यन् १/१
5.1.9	51009	1670	vidhi			आत्मन्विश्वजनभोगोत्तरपदात् खः	आत्मन्-विश्वजन-भोग-उत्तरपदात् ५/१ खः १/१
5.1.10	51010	1672	vidhi			सर्वपुरुषाभ्यां णढञौ	सर्व-पुरुषाभ्याम् ५/२ ण-ढञौ १/२
5.1.11	51011	1673	vidhi			माणवचरकाभ्यां खञ्	माणव-चरकाभ्याम् ५/२ खञ् १/१
5.1.12	51012	1674	vidhi			तदर्थं विकृतेः प्रकृतौ	तदर्थम् १/१ विकृतेः ५/१ प्रकृतौ ७/१
5.1.13	51013	1675	vidhi			छदिरुपधिबलेर्ढञ्	छदिर्-उपधि-बलेः ५/१ ढञ् १/१
5.1.14	51014	1676	vidhi			ऋषभोपानहोर्ञ्यः	ऋषभ-उपानहोः ६/२ ञ्यः १/१
5.1.15	51015	1677	vidhi			चर्मणोऽञ्	चर्मणः ६/१ अञ् १/१
5.1.16	51016	1678	vidhi			तदस्य तदस्मिन् स्यादिति	तत् १/१ अस्य ६/१ तत् १/१ अस्मिन् ७/१ स्यात् इति ०/०
5.1.17	51017	1679	vidhi			परिखाया ढञ्	परिखायाः ५/१ ढञ् १/१
5.1.18	51018	1680	adhikara		प्राग्वतीयः ठञधिकारः	प्राग्वतेष्ठञ्	प्राक् ०/० वतेः ५/१ ठञ् १/१
5.1.19	51019	1681	adhikara		प्रागार्हीयः ठगधिकारः	आर्हादगोपुच्छसंख्यापरिमाणाट्ठक्	आ ०/० अर्हात् ५/१ अ-गोपुच्छ-संख्या-परिमाणात् ५/१ ठक् १/१
5.1.20	51020	1682	vidhi			असमासे निष्कादिभ्यः	अ-समासे ७/१ निष्क-आदिभ्यः ५/३
5.1.21	51021	1686	vidhi			शताच्च ठन्यतावशते	शतात् ५/१ च ०/० ठन्-यतौ १/२ अशते ७/१
5.1.22	51022	1687	vidhi			संख्याया अतिशदन्तायाः कन्	संख्याया ५/१ अ-ति-शद्-अन्तायाः ५/१ कन् १/१
5.1.23	51023	1688	vidhi			वतोरिड्वा	वतोः ५/१ इट् १/१ वा ०/०
5.1.24	51024	1689	vidhi			विंशतित्रिंशद्भ्यां ड्वुन्नसंज्ञायाम्	विंशति-त्रिंशद्भ्याम् ५/२ ड्वुन् १/१ असंज्ञायाम् ७/१
5.1.25	51025	1690	vidhi			कंसाट्टिठन्	कंसात् ५/१ टिठन् १/१
5.1.26	51026	1691	vidhi			शूर्पादञन्यतरस्याम्	शूर्पात् ५/१ अञ् १/१ अन्यतरस्याम् ७/१
5.1.27	51027	1692	vidhi			शतमानविंशतिकसहस्रवसनादण्	शतमान-विंशतिक-सहस्र-वसनात् ५/१ अण् १/१
5.1.28	51028	1693	vidhi			अध्यर्धपूर्वद्विगोर्लुगसंज्ञायाम्	अध्यर्धपूर्व-द्विगोः ६/१ लुक् १/१ असंज्ञायाम् ७/१
5.1.29	51029	1694	vidhi			विभाषा कार्षापणसहस्राभ्याम्	विभाषा १/१ कार्षापण-सहस्राभ्याम् ५/२
5.1.30	51030	1695	vidhi			द्वित्रिपूर्वान्निष्कात्	द्वि-त्रि-पूर्वात् ५/१ निष्कात् ५/१
5.1.31	51031	1696	vidhi			बिस्ताच्च	बिस्तात् ५/१ च ०/०
5.1.32	51032	1697	vidhi			विंशतिकात् खः	विंशतिकात् ५/१ खः १/१
5.1.33	51033	1698	vidhi			खार्या ईकन्	खार्याः ५/१ ईकन् १/१
5.1.34	51034	1699	vidhi			पणपादमाषशताद्यत्	पण-पाद-माष-शतात् ५/१ यत् १/१
5.1.35	51035	1700	vidhi			शाणाद्वा	शाणात् ५/१ वा ०/०
5.1.36	51036	1701	vidhi			द्वित्रिपूर्वादण् च	द्वित्रिपूर्वात् ५/१ अण् १/१ च ०/०
5.1.37	51037	1702	vidhi			तेन क्रीतम्	तेन ३/१ क्रीतम् १/१
5.1.38	51038	1704	vidhi			तस्य निमित्तं संयोगोत्पातौ	तस्य ६/१ निमित्तम् १/१ संयोग-उत्पातौ १/२
5.1.39	51039	1705	vidhi			गोद्व्यचोऽसंख्यापरिमाणाश्वादेर्यत्	गो-द्व्यचः ५/१ अ-संख्या-परिमाण-अश्वादेः ५/१ यत् १/१
5.1.40	51040	1706	vidhi			पुत्राच्छ च	पुत्रात् ५/१ छ च ०/०
5.1.41	51041	1707	vidhi			सर्वभूमिपृथिवीभ्यामणञौ	सर्वभूमि-पृथिवीभ्याम् ५/२ अण्-अञौ १/२
5.1.42	51042	1708	vidhi			तस्येश्वरः	तस्य ६/१ ईश्वरः १/१
5.1.43	51043	1709	vidhi			तत्र विदित इति च	तत्र ०/० विदितः १/१ इति ०/० च ०/०
5.1.44	51044	1710	vidhi			लोकसर्वलोकाट्ठञ्	लोक-सर्वलोकात् ५/१ ठञ् १/१
5.1.45	51045	1711	vidhi			तस्य वापः	तस्य ६/१ वापः १/१
5.1.46	51046	1712	vidhi			पात्रात् ष्ठन्	पात्रात् ५/१ ष्ठन् १/१
5.1.47	51047	1713	vidhi			तदस्मिन् वृद्ध्यायलाभशुल्कोपदा दीयते	तत् १/१ अस्मिन् ७/१ वृद्धि-आय-लाभ-शुल्क-उपदाः १/३ दीयते
5.1.48	51048	1714	vidhi			पूरणार्धाट्ठन्	पूरण-अर्धात् ५/१ ठन् १/१
5.1.49	51049	1715	vidhi			भागाद्यच्च	भागात् ५/१ यत् १/१ च ०/०
5.1.50	51050	1716	vidhi			तद्धरति वहत्यावहति भाराद्वंशादिभ्यः	तद् २/१ हरति वहति आवहति भारात् ५/१ वंशादिभ्यः ५/३
5.1.51	51051	1717	vidhi			वस्नद्रव्याभ्यां ठन्कनौ	वस्न-द्रव्याभ्याम् ५/२ ठन्कनौ १/२
5.1.52	51052	1718	vidhi			सम्भवत्यवहरति पचति	सम्भवति अवहरति पचति
5.1.53	51053	1719	vidhi			आढकाचितपात्रात् खोऽन्यतरस्याम्	आढक-आचित-पात्रात् ५/१ खः १/१ अन्यतरस्याम् ७/१
5.1.54	51054	1720	vidhi			द्विगोः ष्ठंश्च	द्विगोः ५/१ ष्ठन् १/१ च ०/०
5.1.55	51055	1721	vidhi			कुलिजाल्लुक्खौ च	कुलिजात् ५/१ लुक्-खौ १/२ च ०/०
5.1.56	51056	1722	vidhi			सोऽस्यांशवस्नभृतयः	सः १/१ अस्य ६/१ अंश-वस्न-भृतयः १/३
5.1.57	51057	1723	vidhi			तदस्य परिमाणम्	तत् १/१ अस्य ६/१ परिमाणम् १/१
5.1.58	51058	1724	vidhi			संख्यायाः संज्ञासंघसूत्राध्ययनेषु	संख्यायाः ५/१ संज्ञासङ्घसूत्राध्ययनेषु ७/३
5.1.59	51059	1725	vidhi			पङ्क्तिविंशतित्रिंशत्चत्वारिंशत्पञ्चाशत्षष्टिसप्तत्यशीतिनवतिशतम्	पङ्क्ति-विंशति-त्रिंशत्-चत्वारिंशत्-पञ्चाशत्-षष्टि-सप्तति-अशीति-नवति-शतम् १/१
5.1.60	51060	1726	vidhi			पञ्चद्दशतौ वर्गे वा	पञ्चद्दशतौ १/२ वर्गे ७/१ वा ०/०
5.1.61	51061	3491	vidhi			सप्तनोऽञ् छन्दसि	सप्तनः ५/१ अञ् १/१ छन्दसि ७/१
5.1.62	51062	1727	vidhi			त्रिंशच्चत्वारिंशतोर्ब्राह्मणे संज्ञायां डण्	त्रिंशत्-चत्वारिंशतोः ६/२ ब्राह्मणे ७/१ संज्ञायाम् ७/१ डण् १/१
5.1.63	51063	1728	vidhi			तद् अर्हति	तत् २/१ अर्हति
5.1.64	51064	1729	vidhi			छेदादिभ्यो नित्यम्	छेदादिभ्यः ५/३ नित्यम् १/१
5.1.65	51065	1730	vidhi			शीर्षच्छेदाद्यच्च	शीर्षच्छेदात् ५/१ यत् १/१ च ०/०
5.1.66	51066	1731	vidhi			दण्डादिभ्यः	दण्डादिभ्यः ५/३
5.1.67	51067	3492	vidhi			छन्दसि च	छन्दसि ७/१ च ०/०
5.1.68	51068	1732	vidhi			पात्राद्घंश्च	पात्रात् ५/१ घन् १/१ च ०/०
5.1.69	51069	1733	vidhi			कडङ्करदक्षिणाच्छ च	कडङ्कर-दक्षिणात् ५/१ छ च ०/०
5.1.70	51070	1734	vidhi			स्थालीबिलात्	स्थालीबिलात् ५/१
5.1.71	51071	1735	vidhi			यज्ञर्त्विग्भ्यां घखञौ	यज्ञ-ऋत्विग्भ्याम् ५/२ घ-खञौ १/२
5.1.72	51072	1736	vidhi			पारायणतुरायणचान्द्रायणं वर्तयति	पारायण-तुरायण-चान्द्रायणम् २/१ वर्तयति
5.1.73	51073	1737	vidhi			संशयमापन्नः	संशयम् २/१ आपन्नः १/१
5.1.74	51074	1738	vidhi			योजनं गच्छति	योजनम् २/१ गच्छति
5.1.75	51075	1739	vidhi			पथः ष्कन्	पथः ५/१ ष्कन् १/१
5.1.76	51076	1740	vidhi			पन्थो ण नित्यम्	पन्थः १/१ ण नित्यम् १/१
5.1.77	51077	1741	vidhi			उत्तरपथेनाहृतं च	उत्तरपथेन ३/१ आहृतम् १/१ च ०/०
5.1.78	51078	1742	adhikara		कालाधिकारः	कालात्	कालात् ५/१
5.1.79	51079	1743	vidhi			तेन निर्वृत्तम्	तेन ३/१ निर्वृत्तम् १/१
5.1.80	51080	1744	vidhi			तमधीष्टो भृतो भूतो भावी	तम् २/१ अधीष्टः १/१ भृतः १/१ भूतः १/१ भावी १/१
5.1.81	51081	1745	vidhi			मासाद्वयसि यत्खञौ	मासात् ५/१ वयसि ७/१ यत्खञौ १/२
5.1.82	51082	1746	vidhi			द्विगोर्यप्	द्विगोः ५/१ यप् १/१
5.1.83	51083	1747	vidhi			षण्मासाण्ण्यच्च	षण्मासात् ५/१ ण्यत् १/१ च ०/०
5.1.84	51084	1748	vidhi			अवयसि ठंश्च	अवयसि ७/१ ठन् १/१ च ०/०
5.1.85	51085	1749	vidhi			समायाः खः	समायाः ५/१ खः १/१
5.1.86	51086	1750	vidhi			द्विगोर्वा	द्विगोः ५/१ वा ०/०
5.1.87	51087	1751	vidhi			रात्र्यहस्संवत्सराच्च	रात्रि-अहः-संवत्सरात् ५/१ च ०/०
5.1.88	51088	1753	vidhi			वर्षाल्लुक् च	वर्षात् ५/१ लुक् १/१ च ०/०
5.1.89	51089	1755	vidhi			चित्तवति नित्यम्	चित्तवति ७/१ नित्यम् १/१
5.1.90	51090	1756	vidhi			षष्टिकाः षष्टिरात्रेण पच्यन्ते	षष्टिकाः १/३ षष्टिरात्रेण ३/१ पच्यन्ते
5.1.91	51091	3493	vidhi			वत्सरान्ताच्छश्छन्दसि	वत्सरान्तात् ५/१ छः १/१ छन्दसि ७/१
5.1.92	51092	3494	vidhi			सम्परिपूर्वात् ख च	सम्-परि-पूर्वात् ५/१ ख च ०/०
5.1.93	51093	1757	vidhi			तेन परिजय्यलभ्यकार्यसुकरम्	तेन ३/१ परिजय्य-लभ्य-कार्य-सुकरम् १/१
5.1.94	51094	1758	vidhi			तदस्य ब्रह्मचर्यम्	तत् १/१ अस्य ६/१ ब्रह्मचर्यम् १/१
5.1.95	51095	1759	vidhi			तस्य च दक्षिणा यज्ञाख्येभ्यः	तस्य ६/१ च ०/० दक्षिणा १/१ यज्ञाख्येभ्यः ५/३
5.1.96	51096	1760	vidhi			तत्र च दीयते कार्यं भववत्	तत्र ०/० च ०/० दीयते कार्यम् १/१ भववत् ०/०
5.1.97	51097	1761	vidhi			व्युष्टादिभ्योऽण्	व्युष्टादिभ्यः ५/३ अण् १/१
5.1.98	51098	1762	vidhi			तेन यथाकथाचहस्ताभ्यां णयतौ	तेन ३/१ यथाकथाच-हस्ताभ्याम् ५/२ ण-यतौ १/२
5.1.99	51099	1763	vidhi			सम्पादिनि	सम्पादिनि ७/१
5.1.100	51100	1764	vidhi			कर्मवेषाद्यत्	कर्म-वेषात् ५/१ यत् ५/१
5.1.101	51101	1765	vidhi			तस्मै प्रभवति संतापादिभ्यः	तस्मै ४/१ प्रभवति संतापादिभ्यः ५/३
5.1.102	51102	1766	vidhi			योगाद्यच्च	योगात् ५/१ यत् १/१ च ०/०
5.1.103	51103	1767	vidhi			कर्मण उकञ्	कर्मणः ५/१ उकञ् १/१
5.1.104	51104	1768	vidhi			समयस्तदस्य प्राप्तम्	समयः १/१ तत् १/१ अस्य ६/१ प्राप्तम् १/१
5.1.105	51105	1769	vidhi			ऋतोरण्	ऋतोः ५/१ अण् १/१
5.1.106	51106	3495	vidhi			छन्दसि घस्	छन्दसि ७/१ घस् १/१
5.1.107	51107	1770	vidhi			कालाद्यत्	कालात् ५/१ यत् १/१
5.1.108	51108	1771	vidhi			प्रकृष्टे ठञ्	प्रकृष्टे ७/१ ठञ् १/१
5.1.109	51109	1772	vidhi			प्रयोजनम्	प्रयोजनम् १/१
5.1.110	51110	1773	vidhi			विशाखाषाढादण् मन्थदण्डयोः	विशाखा-आषाढात् ५/१ अण् १/१ मन्थ-दण्डयोः ७/२
5.1.111	51111	1774	vidhi			अनुप्रवचनादिभ्यश्छः	अनुप्रवचनादिभ्यः ५/३ छः १/१
5.1.112	51112	1775	vidhi			समापनात् सपूर्वपदात्	समापनात् ५/१ सपूर्वपदात् ५/१
5.1.113	51113	1776	vidhi			ऐकागारिकट् चौरे	ऐकागारिकट् १/१ चौरे ७/१
5.1.114	51114	1777	vidhi			आकालिकडाद्यन्तवचने	आकालिकट् १/१ आद्यन्तवचने ७/१
5.1.115	51115	1778	vidhi			तेन तुल्यं क्रिया चेद्वतिः	तेन ३/१ तुल्यम् १/१ क्रिया १/१ चेत् ०/० वतिः १/१
5.1.116	51116	1779	vidhi			तत्र तस्येव	तत्र ०/० तस्य ६/१ इव ०/०
5.1.117	51117	1780	vidhi			तदर्हम्	तत् २/१ अर्हम् १/१
5.1.118	51118	3496	vidhi			उपसर्गाच्छन्दसि धात्वर्थे	उपसर्गात् ५/१ छन्दसि ७/१ धात्वर्थे ७/१
5.1.119	51119	1781	vidhi			तस्य भावस्त्वतलौ	तस्य ६/१ भावः १/१ त्वतलौ १/२
5.1.120	51120	1782	adhikara		त्वतलोरधिकारः	आ च त्वात्	आ ०/० च ०/० त्वात् ५/१
5.1.121	51121	1783	vidhi			न नञ्पूर्वात्तत्पुरुषादचतुरसंगतलवणवटयुधकतरसलसेभ्यः	न ०/० नञ्पूर्वात् ५/१ तत्पुरुषात् ५/१ अ-चतुर-संगत-लवण-वट-युध-कत-रस-लसेभ्यः ५/३
5.1.122	51122	1784	vidhi			पृथ्वादिभ्य इमनिज्वा	पृथ्वादिभ्यः ५/३ इमनिच् १/१ वा ०/०
5.1.123	51123	1787	vidhi			वर्णदृढादिभ्यः ष्यञ् च	वर्णदृढादिभ्यः ५/३ ष्यञ् १/१ च ०/०
5.1.124	51124	1788	vidhi			गुणवचनब्राह्मणादिभ्यः कर्मणि च	गुणवचन-ब्राह्मणादिभ्यः ५/३ कर्मणि ७/१ च ०/०
5.1.125	51125	1790	vidhi			स्तेनाद्यन्नलोपश्च	स्तेनात् ५/१ यत् १/१ नलोपः १/१ च ०/०
5.1.126	51126	1791	vidhi			सख्युर्यः	सख्युः ५/१ यः १/१
5.1.127	51127	1792	vidhi			कपिज्ञात्योर्ढक्	कपि-ज्ञात्योः ६/२ ढक् १/१
5.1.128	51128	1793	vidhi			पत्यन्तपुरोहितादिभ्यो यक्	पत्यन्तपुरोहितादिभ्यः ५/३ यक् १/१
5.1.129	51129	1794	vidhi			प्राणभृज्जातिवयोवचनोद्गात्रादिभ्योऽञ्	प्राणभृज्जाति-वयोवचन-उद्गात्रादिभ्यः ५/३ अञ् १/१
5.1.130	51130	1795	vidhi			हायनान्तयुवादिभ्योऽण्	हायनान्त-युवादिभ्यः ५/३ अण् १/१
5.1.131	51131	1796	vidhi			इगन्ताच्च लघुपूर्वात्	इगन्तात् ५/१ च ०/० लघुपूर्वात् ५/१
5.1.132	51132	1797	vidhi			योपधाद्गुरूपोत्तमाद्वुञ्	य-उपधात् ५/१ गुरु-उपोत्तमात् ५/१ वुञ् १/१
5.1.133	51133	1798	vidhi			द्वन्द्वमनोज्ञादिभ्यश्च	द्वन्द्वमनोज्ञादिभ्यः ५/३ च ०/०
5.1.134	51134	1799	vidhi			गोत्रचरणाच्श्लाघात्याकारतदवेतेषु	गोत्र-चरणात् ५/१ श्लाघा-अत्याकार-तदवेतेषु ७/३
5.1.135	51135	1800	vidhi			होत्राभ्यश्छः	होत्राभ्यः ५/३ छः १/१
5.1.136	51136	1801	vidhi			ब्रह्मणस्त्वः	ब्रह्मणः ५/१ त्वः १/१
5.2.1	52001	1802	vidhi			धान्यानां भवने क्षेत्रे खञ्	धान्यानाम् ६/३ भवने ७/१ क्षेत्रे ७/१ खञ् १/१
5.2.2	52002	1803	vidhi			व्रीहिशाल्योर्ढक्	व्रीहि-शाल्योः ६/२ ढक् १/१
5.2.3	52003	1804	vidhi			यवयवकषष्टिकाद्यत्	यव-यवक-षष्टिकात् ५/१ यत् १/१
5.2.4	52004	1805	vidhi			विभाषा तिलमाषोमाभङ्गाऽणुभ्यः	विभाषा १/१ तिल-माष-उमा-भङ्गा-अणुभ्यः ५/३
5.2.5	52005	1806	vidhi			सर्वचर्मणः कृतः खखञौ	सर्व-चर्मणः ५/१ कृतः १/१ ख-खञौ १/२
5.2.6	52006	1807	vidhi			यथामुखसंमुखस्य दर्शनः खः	यथामुख-सम्मुखस्य ६/१ दर्शनः १/१ खः १/१
5.2.7	52007	1808	vidhi			तत्सर्वादेः पथ्यङ्गकर्मपत्रपात्रं व्याप्नोति	तत् २/१ सर्वादेः ५/१ पथि-अङ्ग-कर्म-पत्र-पात्रम् २/१ व्याप्नोति
5.2.8	52008	1809	vidhi			आप्रपदं प्राप्नोति	आप्रपदम् ०/० प्राप्नोति
5.2.9	52009	1810	vidhi			अनुपदसर्वान्नायानयं बद्धाभक्षयतिनेयेषु	अनुपद-सर्वान्न-अयानयम् २/१ बद्धा-भक्षयति-नेयेषु ७/३
5.2.10	52010	1811	vidhi			परोवरपरम्परपुत्रपौत्रमनुभवति	परोवर-परम्पर-पुत्रपौत्रम् २/१ अनुभवति
5.2.11	52011	1812	vidhi			अवारपारात्यन्तानुकामं गामी	अवारपार-अत्यन्त-अनुकामम् २/१ गामी १/१
5.2.12	52012	1813	vidhi			समांसमां विजायते	समाम् २/१ समाम् २/१ विजायते ७/१
5.2.13	52013	1814	vidhi			अद्यश्वीनाऽवष्टब्धे	अद्यश्वीन अवष्टब्धे ७/१
5.2.14	52014	1815	vidhi			आगवीनः	आगवीनः १/१
5.2.15	52015	1816	vidhi			अनुग्वलंगामी	अनुगु ०/० अलंगामी १/१
5.2.16	52016	1817	vidhi			अध्वनो यत्खौ	अध्वनः ५/१ यत्-खौ १/२
5.2.17	52017	1818	vidhi			अभ्यमित्राच्छ च	अभ्यमित्रात् ५/१ छ च ०/०
5.2.18	52018	1819	vidhi			गोष्ठात् खञ् भूतपूर्वे	गोष्ठात् ५/१ खञ् १/१ भूतपूर्वे ७/१
5.2.19	52019	1820	vidhi			अश्वस्यैकाहगमः	अश्वस्य ६/१ एकाहगमः १/१
5.2.20	52020	1821	vidhi			शालीनकौपीने अधृष्टाकार्ययोः	शालीन-कौपीने १/२ अधृष्ट-अकार्ययोः ७/२
5.2.21	52021	1822	vidhi			व्रातेन जीवति	व्रातेन ३/१ जीवति
5.2.22	52022	1823	vidhi			साप्तपदीनं सख्यम्	साप्तपदीनम् १/१ सख्यम् १/१
5.2.23	52023	1824	vidhi			हैयंगवीनं संज्ञायाम्	हैयङ्गवीनम् १/१ संज्ञायाम् ७/१
5.2.24	52024	1825	vidhi			तस्य पाकमूले पील्वादिकर्णादिभ्यः कुणब्जाहचौ	तस्य ६/१ पाकमूले ७/१ पील्वादि-कर्णादिभ्यः ५/३ कुणप्-जाहचौ १/२
5.2.25	52025	1826	vidhi			पक्षात्तिः	पक्षात् ५/१ तिः १/१
5.2.26	52026	1827	vidhi			तेन वित्तश्चुञ्चुप्चणपौ	तेन ३/१ वित्तः १/१ चुञ्चुप्-चणपौ १/२
5.2.27	52027	1828	vidhi			विनञ्भ्यां नानाञौ नसह	वि-नञ्भ्याम् ५/२ ना-नाञौ १/२ नसह ०/०
5.2.28	52028	1829	vidhi			वेः शालच्छङ्कटचौ	वेः ५/१ शालच्-शङ्कटचौ १/२
5.2.29	52029	1830	vidhi			सम्प्रोदश्च कटच्	सम्-प्र-उदः ५/१ च ०/० कटच् १/१
5.2.30	52030	1831	vidhi			अवात् कुटारच्च	अवात् ५/१ कुटारच् १/१ च ०/०
5.2.31	52031	1832	vidhi			नते नासिकायाः संज्ञायां टीटञ्नाटज्भ्रटचः	नते ७/१ नासिकायाः ६/१ संज्ञायाम् ७/१ टीटच्-नाटच्-भ्रटचः १/३
5.2.32	52032	1833	vidhi			नेर्बिडज्बिरीसचौ	नेः ५/१ बिडच्-बिरीसचौ १/२
5.2.33	52033	1834	vidhi			इनच्पिटच्चिकचि च	इनच्-पिटच् १/१ चिक-चि च ०/०
5.2.34	52034	1835	vidhi			उपाधिभ्यां त्यकन्नासन्नारूढयोः	उप-अधिभ्याम् ५/२ त्यकन् १/१ आसन्न-आरूढयोः ७/२
5.2.35	52035	1836	vidhi			कर्मणि घटोऽठच्	कर्मणि ७/१ घटः १/१ अठच् १/१
5.2.36	52036	1837	vidhi			तदस्य संजातं तारकादिभ्य इतच्	तत् १/१ अस्य ६/१ संजातम् १/१ तारकादिभ्यः ५/३ इतच् १/१
5.2.37	52037	1838	vidhi			प्रमाणे द्वयसज्दघ्नञ्मात्रचः	प्रमाणे ७/१ द्वयसच्-दघ्नच्-मात्रचः १/३
5.2.38	52038	1839	vidhi			पुरुषहस्तिभ्यामण् च	पुरुषहस्तिभ्याम् ५/२ अण् १/१ च ०/०
5.2.39	52039	1840	vidhi			यद्तदेतेभ्यः परिमाणे वतुप्	यद्-तद्-एतेभ्यः ५/३ परिमाणे ७/१ वतुप् १/१
5.2.40	52040	1841	vidhi			किमिदंभ्यां वो घः	किमिदम्भ्याम् ५/२ वः ६/१ घः १/१
5.2.41	52041	1842	vidhi			किमः संख्यापरिमाणे डति च	किमः ५/१ संख्यापरिमाणे ७/१ डति च ०/०
5.2.42	52042	1843	vidhi			संख्याया अवयवे तयप्	संख्यायाः ५/१ अवयवे ७/१ तयप् १/१
5.2.43	52043	1844	vidhi			द्वित्रिभ्यां तयस्यायज्वा	द्वित्रिभ्याम् ५/२ तयस्य ६/१ अयच् १/१ वा ०/०
5.2.44	52044	1845	vidhi			उभादुदात्तो नित्यम्	उभात् ५/१ उदात्तः १/१ नित्यम् १/१
5.2.45	52045	1846	vidhi			तदस्मिन्नधिकमिति दशान्ताड्डः	तद् १/१ अस्मिन् ७/१ अधिकम् १/१ इति ०/० दशान्तात् ५/१ डः १/१
5.2.46	52046	1847	vidhi			शदन्तविंशतेश्च	शदन्तविंशतेः ५/१ च ०/०
5.2.47	52047	1848	vidhi			संख्याया गुणस्य निमाने मयट्	संख्यायाः ५/१ गुणस्य ६/१ निमाने ७/१ मयट् १/१
5.2.48	52048	1849	vidhi			तस्य पूरणे डट्	तस्य ६/१ पूरणे ७/१ डट् १/१
5.2.49	52049	1850	vidhi			नान्तादसंख्यादेर्मट्	नान्तात् ५/१ असङ्ख्यादेः ५/१ मट् १/१
5.2.50	52050	3497	vidhi			थट् चच्छन्दसि	थट् १/१ च ०/० छन्दसि ७/१
5.2.51	52051	1851	vidhi			षट्कतिकतिपयचतुरां थुक्	षट्-कति-कतिपय-चतुराम् ६/३ थुक् १/१
5.2.52	52052	1852	vidhi			बहुपूगगणसंघस्य तिथुक्	बहु-पूग-गण-सङ्घस्य ६/१ तिथुक् १/१
5.2.53	52053	1853	vidhi			वतोरिथुक्	वतोः ६/१ इथुक् १/१
5.2.54	52054	1854	vidhi			द्वेस्तीयः	द्वेः ५/१ तीयः १/१
5.2.55	52055	1855	vidhi			त्रेः सम्प्रसारणं च	त्रेः ५/१ सम्प्रसारणम् १/१ च ०/०
5.2.56	52056	1856	vidhi			विंशत्यादिभ्यस्तमडन्यतरस्याम्	विंशति-आदिभ्यः ५/३ तमट् १/१ अन्यतरस्याम् ७/१
5.2.57	52057	1857	vidhi			नित्यं शतादिमासार्धमाससंवत्सराच्च	नित्यम् १/१ शतादि-मास-अर्धमास-संवत्सरात् ५/१ च ०/०
5.2.58	52058	1858	vidhi			षष्ट्यादेश्चासंख्यादेः	षष्टि-आदेः ५/१ च ०/० असङ्ख्या-आदेः ५/१
5.2.59	52059	1859	vidhi			मतौ छः सूक्तसाम्नोः	मतौ ७/१ छः १/१ सूक्त-साम्नोः ७/२
5.2.60	52060	1860	vidhi			अध्यायानुवाकयोर्लुक्	अध्याय-अनुवाकयोः ७/२ लुक् १/१
5.2.61	52061	1861	vidhi			विमुक्तादिभ्योऽण्	विमुक्तादिभ्यः ५/३ अण् १/१
5.2.62	52062	1862	vidhi			गोषदादिभ्यो वुन्	गोषदादिभ्यः ५/३ वुन् १/१
5.2.63	52063	1863	vidhi			तत्र कुशलः पथः	तत्र ०/० कुशलः १/१ पथः ५/१
5.2.64	52064	1864	vidhi			आकर्षादिभ्यः कन्	आकर्षादिभ्यः ५/१ कन् १/१
5.2.65	52065	1865	vidhi			धनहिरण्यात् कामे	धन-हिरण्यात् ५/१ कामे ७/१
5.2.66	52066	1866	vidhi			स्वाङ्गेभ्यः प्रसिते	स्वाङ्गेभ्यः ५/१ प्रसिते ७/१
5.2.67	52067	1867	vidhi			उदराट्ठगाद्यूने	उदरात् ५/१ ठक् १/१ आद्यूने ७/१
5.2.68	52068	1868	vidhi			सस्येन परिजातः	सस्येन ३/१ परिजातः १/१
5.2.69	52069	1869	vidhi			अंशं हारी	अंशम् २/१ हारी १/१
5.2.70	52070	1870	vidhi			तन्त्रादचिरापहृते	तन्त्रात् ५/१ अचिर-अपहृते ७/१
5.2.71	52071	1871	vidhi			ब्राह्मणकोष्णिके संज्ञायाम्	ब्राह्मणक-उष्णिके १/२ संज्ञायाम् ७/१
5.2.72	52072	1872	vidhi			शीतोष्णाभ्यां कारिणि	शीत-उष्णाभ्याम् ५/२ कारिणि ७/१
5.2.73	52073	1873	vidhi			अधिकम्	अधिकम् १/१
5.2.74	52074	1874	vidhi			अनुकाभिकाभीकः कमिता	अनुक-अभिक-अभीकः १/१ कमिता १/१
5.2.75	52075	1875	vidhi			पार्श्वेनान्विच्छति	पार्श्वेन ३/१ अन्विच्छति
5.2.76	52076	1876	vidhi			अयःशूलदण्डाजिनाभ्यां ठक्ठञौ	अयःशूल-दण्डाजिनाभ्याम् ३/२ ठक्ठञौ १/२
5.2.77	52077	1877	vidhi			तावतिथं ग्रहणमिति लुग्वा	तावतिथम् १/१ ग्रहणम् १/१ इति ०/० लुक् १/१ वा ०/०
5.2.78	52078	1878	vidhi			स एषां ग्रामणीः	सः १/१ एषाम् ६/३ ग्रामणीः १/१
5.2.79	52079	1879	vidhi			शृङ्खलमस्य बन्धनं करभे	शृङ्खलम् १/१ अस्य ६/१ बन्धनम् १/१ करभे ७/१
5.2.80	52080	1880	vidhi			उत्क उन्मनाः	उत्कः १/१ उन्मनाः १/१
5.2.81	52081	1881	vidhi			कालप्रयोजनाद्रोगे	काल-प्रयोजनात् ५/१ रोगे ७/१
5.2.82	52082	1882	vidhi			तदस्मिन्नन्नं प्राये संज्ञायाम्	तत् १/१ अस्मिन् ७/१ अन्नम् १/१ प्राये ७/१ संज्ञायाम् ७/१
5.2.83	52083	1883	vidhi			कुल्माषादञ्	कुल्माषात् ५/१ अञ् १/१
5.2.84	52084	1884	vidhi			श्रोत्रियंश्छन्दोऽधीते	श्रोत्रियन् १/१ छन्दः २/१ अधीते
5.2.85	52085	1885	vidhi			श्राद्धमनेन भुक्तमिनिठनौ	श्राद्धम् १/१ अनेन ३/१ भुक्तम् २/१ इनिठनौ १/२
5.2.86	52086	1886	vidhi			पूर्वादिनिः	पूर्वात् ५/१ इनिः १/१
5.2.87	52087	1887	vidhi			सपूर्वाच्च	सपूर्वात् ५/१ च ०/०
5.2.88	52088	1888	vidhi			इष्टादिभ्यश्च	इष्टादिभ्यः ५/३ च ०/०
5.2.89	52089	1889	vidhi			छन्दसि परिपन्थिपरिपरिणौ पर्यवस्थातरि	छन्दसि ७/१ परिपन्थि-परिपरिणौ १/२ पर्यवस्थातरि ७/१
5.2.90	52090	1890	vidhi			अनुपद्यन्वेष्टा	अनुपदी १/१ अन्वेष्टा १/१
5.2.91	52091	1891	vidhi			साक्षाद्द्रष्टरि संज्ञायाम्	साक्षात् ०/० द्रष्टरि ७/१ संज्ञायाम् ७/१
5.2.92	52092	1892	vidhi			क्षेत्रियच् परक्षेत्रे चिकित्स्यः	क्षेत्रियच् १/१ परक्षेत्रे ७/१ चिकित्स्यः १/१
5.2.93	52093	1893	vidhi			इन्द्रियमिन्द्रलिंगमिन्द्रदृष्टमिन्द्रसृष्टमिन्द्रजुष्टमिन्द्रदत्तमिति वा	इन्द्रियम् १/१ इन्द्रलिङ्गम् १/१ इन्द्रदृष्टम् १/१ इन्द्रसृष्टम् १/१ इन्द्रजुष्टम् १/१ इन्द्रदत्तम् १/१ इति ०/० वा ०/०
5.2.94	52094	1894	vidhi			तदस्यास्त्यस्मिन्निति मतुप्	तत् १/१ अस्य ६/१ अस्ति अस्मिन् ७/१ इति ०/० मतुप् १/१
5.2.95	52095	1895	vidhi			रसादिभ्यश्च	रसादिभ्यः ५/३ च ०/०
5.2.96	52096	1903	vidhi			प्राणिस्थादातो लजन्यतरस्याम्	प्राणिस्थात् ५/१ आतः ५/१ लच् १/१ अन्यतरस्याम् ७/१
5.2.97	52097	1904	vidhi			सिध्मादिभ्यश्च	सिध्मादिभ्यः ५/३ च ०/०
5.2.98	52098	1905	vidhi			वत्सांसाभ्यां कामबले	वत्स-अंसाभ्याम् ५/२ काम-बले ७/१
5.2.99	52099	1906	vidhi			फेनादिलच् च	फेनात् ५/१ इलच् १/१ च ०/०
5.2.100	52100	1907	vidhi			लोमादिपामादिपिच्छादिभ्यः शनेलचः	लोमादि-पामादि-पिच्छादिभ्यः ५/३ श-न-इलचः १/३
5.2.101	52101	1908	vidhi			प्रज्ञाश्रद्धार्चाभ्यो णः	प्रज्ञा-श्रद्धा-अर्चाभ्यः ५/३ णः १/१
5.2.102	52102	1909	vidhi			तपःसहस्राभ्यां विनीनी	तपः-सहस्राभ्याम् ५/२ विनि-इनी १/२
5.2.103	52103	1910	vidhi			अण् च	अण् १/१ च ०/०
5.2.104	52104	1911	vidhi			सिकताशर्कराभ्यां च	सिकताशर्कराभ्याम् ५/२ च ०/०
5.2.105	52105	1912	vidhi			देशे लुबिलचौ च	देशे ७/१ लुबिलचौ १/२ च ०/०
5.2.106	52106	1913	vidhi			दन्त उन्नत उरच्	दन्तः १/१ उन्नतः १/१ उरच् १/१
5.2.107	52107	1914	vidhi			ऊषसुषिमुष्कमधो रः	ऊष-सुषि-मुष्क-मधः ५/१ रः १/१
5.2.108	52108	1915	vidhi			द्युद्रुभ्यां मः	द्यु-द्रुभ्याम् ५/२ मः १/१
5.2.109	52109	1916	vidhi			केशाद्वोऽन्यतरस्याम्	केशात् ५/१ वः १/१ अन्यतरस्याम् ७/१
5.2.110	52110	1917	vidhi			गाण्ड्यजगात् संज्ञायाम्	गाण्डी-अजगात् ५/१ संज्ञायाम् ७/१
5.2.111	52111	1918	vidhi			काण्डाण्डादीरन्नीरचौ	काण्ड-अण्डात् ५/१ ईरन्-ईरचौ १/२
5.2.112	52112	1919	vidhi			रजःकृष्यासुतिपरिषदो वलच्	रजस्-कृषि-आसुति-परिषदः ५/१ वलच् १/१
5.2.113	52113	1920	vidhi			दन्तशिखात् संज्ञायाम्	दन्त-शिखात् ५/१ संज्ञायाम् ७/१
5.2.114	52114	1921	vidhi			ज्योत्स्नातमिस्राशृङ्गिणोर्जस्विन्नूर्जस्वलगोमिन्मलिनमलीमसाः	ज्योत्स्ना-तमिस्रा-शृङ्गिण-ऊर्जस्विन्-ऊर्जस्वल-गोमिन्-मलिन-मलीमसाः १/३
5.2.115	52115	1922	vidhi			अत इनिठनौ	अतः ५/१ इनिठनौ १/२
5.2.116	52116	1923	vidhi			व्रीह्यादिभ्यश्च	व्रीह्यादिभ्यः ५/३ च ०/०
5.2.117	52117	1924	vidhi			तुन्दादिभ्य इलच् च	तुन्दादिभ्यः ५/३ इलच् १/१ च ०/०
5.2.118	52118	1925	vidhi			एकगोपूर्वाट्ठञ् नित्यम्	एक-गो-पूर्वात् ५/१ ठञ् १/१ नित्यम् १/१
5.2.119	52119	1926	vidhi			शतसहस्रान्ताच्च निष्कात्	शत-सहस्रान्तात् ५/१ च ०/० निष्कात् ५/१
5.2.120	52120	1927	vidhi			रूपादाहतप्रशंसयोर्यप्	रूपात् ५/१ आहत-प्रशंसयोः ७/२ यप् १/१
5.2.121	52121	1928	vidhi			अस्मायामेधास्रजो विनिः	अस्-माया-मेधा-स्रजः ५/१ विनिः १/१
5.2.122	52122	3498	vidhi			बहुलं छन्दसि	बहुलम् १/१ छन्दसि ७/१
5.2.123	52123	1929	vidhi			ऊर्णाया युस्	ऊर्णायाः ५/१ युस् १/१
5.2.124	52124	1930	vidhi			वाचो ग्मिनिः	वाचः ५/१ ग्मिनिः १/१
5.2.125	52125	1931	vidhi			आलजाटचौ बहुभाषिणि	आलच्-आटचौ १/२ बहुभाषिणि ७/१
5.2.126	52126	1932	vidhi			स्वामिन्नैश्वर्ये	स्वामिन् १/१ ऐश्वर्ये ७/१
5.2.127	52127	1933	vidhi			अर्शआदिभ्योऽच्	अर्श-आदिभ्यः ५/३ अच् १/१
5.2.128	52128	1934	vidhi			द्वन्द्वोपतापगर्ह्यात् प्राणिस्थादिनिः	द्वन्द्व-उपताप-गर्ह्यात् ५/१ प्राणिस्थात् ५/१ इनिः १/१
5.2.129	52129	1935	vidhi			वातातिसाराभ्यां कुक् च	वात-अतिसाराभ्याम् ५/२ कुक् १/१ च ०/०
5.2.130	52130	1936	vidhi			वयसि पूरणात्	वयसि ७/१ पूरणात् ५/१
5.2.131	52131	1937	vidhi			सुखादिभ्यश्च	सुखादिभ्यः ५/३ च ०/०
5.2.132	52132	1938	vidhi			धर्मशीलवर्णान्ताच्च	धर्मशीलवर्णान्तात् ५/१ च ०/०
5.2.133	52133	1939	vidhi			हस्ताज्जातौ	हस्तात् ५/१ जातौ ७/१
5.2.134	52134	1940	vidhi			वर्णाद्ब्रह्मचारिणि	वर्णात् ५/१ ब्रह्मचारिणि ७/१
5.2.135	52135	1941	vidhi			पुष्करादिभ्यो देशे	पुष्करादिभ्यः ५/३ देशे ७/१
5.2.136	52136	1942	vidhi			बलादिभ्यो मतुबन्यतरस्याम्	बलादिभ्यः ५/३ मतुप् १/१ अन्यतरस्याम् ७/१
5.2.137	52137	1943	vidhi			संज्ञायां मन्माभ्याम्	संज्ञायाम् ७/१ मन्-माभ्याम् ७/१
5.2.138	52138	1944	vidhi			कंशंभ्यां बभयुस्तितुतयसः	कम्-शंभ्याम् ५/२ ब-भ-युस्-ति-तु-त-यसः १/३
5.2.139	52139	1945	vidhi			तुन्दिवलिवटेर्भः	तुन्दिवलिवटेः ५/१ भः १/१
5.2.140	52140	1946	vidhi			अहंशुभमोर्युस्	अहं-शुभमोः ६/२ युस् १/१
5.3.1	53001	1947	samjna	विभक्ति	विभक्तिसंज्ञा	प्राग्दिशो विभक्तिः	प्राक् ०/० दिशः ५/१ विभक्तिः १/१
5.3.2	53002	1948	adhikara		किंसर्वनामादिप्रकृत्यधिकारः	किंसर्वनामबहुभ्योऽद्व्यादिभ्यः	किं-सर्वनाम-बहुभ्यः ५/३ अद्व्यादिभ्यः ५/३
5.3.3	53003	1949	vidhi			इदम इश्	इदमः ६/१ इश् १/१
5.3.4	53004	1950	vidhi			एतेतौ रथोः	एत-इतौ १/२ र-थोः ७/२
5.3.5	53005	1951	vidhi			एतदोऽन्	एतदः ६/१ अन् १/१
5.3.6	53006	1952	vidhi			सर्वस्य सोऽन्यतरस्यां दि	सर्वस्य ६/१ सः १/१ अन्यतरस्याम् ७/१ दि ७/१
5.3.7	53007	1953	vidhi			पञ्चम्यास्तसिल्	पञ्चम्याः ५/१ तसिल् १/१
5.3.8	53008	1955	vidhi			तसेश्च	तसेः ६/१ च ०/०
5.3.9	53009	1956	vidhi			पर्यभिभ्यां च	परि-अभिभ्याम् ५/२ च ०/०
5.3.10	53010	1957	vidhi			सप्तम्यास्त्रल्	सप्तम्याः ५/१ त्रल् १/१
5.3.11	53011	1958	vidhi			इदमो हः	इदमः ५/१ हः १/१
5.3.12	53012	1959	vidhi			किमोऽत्	किमः ५/१ अत् १/१
5.3.13	53013	1961	vidhi			वा ह च च्छन्दसि	वा ०/० ह च ०/० छन्दसि ७/१
5.3.14	53014	1963	vidhi			इतराभ्योऽपि दृश्यन्ते	इतराभ्यः ५/३ अपि ०/० दृश्यन्ते
5.3.15	53015	1964	vidhi			सर्वैकान्यकिंयत्तदः काले दा	सर्व-एक-अन्य-किम्-यत्-तदः ५/१ काले ७/१ दा १/१
5.3.16	53016	1965	vidhi			इदमो र्हिल्	इदमः ५/१ र्हिल् १/१
5.3.17	53017	1966	vidhi			अधुना	अधुना १/१
5.3.18	53018	1967	vidhi			दानीं च	दानीम् १/१ च ०/०
5.3.19	53019	1968	vidhi			तदो दा च	तदः ५/१ दा १/१ च ०/०
5.3.20	53020	3499	vidhi			तयोर्दार्हिलौ च च्छन्दसि	तयोः ६/२ दा-र्हिलौ १/२ च ०/० छन्दसि ७/१
5.3.21	53021	1969	vidhi			अनद्यतने र्हिलन्यतरस्याम्	अनद्यतने ७/१ र्हिल् १/१ अन्यतरस्याम् ७/१
5.3.22	53022	1970	vidhi			सद्यःपरुत्परार्यैषमःपरेद्यव्यद्यपूर्वेद्युरन्येद्युरन्यतरेद्युरितरेद्युरपरेद्युरधरेद्युरुभयेद्युरुत्तरेद्युः	सद्यः ०/० परुत् ०/० परारि ०/० ऐषमस् ०/० परेद्यवि ०/० अद्य ०/० पूर्वेद्युः ०/० अन्येद्युः ०/० अन्यतरेद्युः ०/० इतरेद्युः ०/० अपरेद्युः ०/० अधरेद्युः ०/० उभयेद्युः ०/० उत्तरेद्युः ०/०
5.3.23	53023	1971	vidhi			प्रकारवचने थाल्	प्रकारवचने ७/१ थाल् १/१
5.3.24	53024	1972	vidhi			इदमस्थमुः	इदमः ५/१ थमुः १/१
5.3.25	53025	1973	vidhi			किमश्च	किमः ५/१ च ०/०
5.3.26	53026	3500	vidhi			था हेतौ च च्छन्दसि	था १/१ हेतौ ७/१ च ०/० छन्दसि ७/१
5.3.27	53027	1974	vidhi			दिक्शब्देभ्यः सप्तमीपञ्चमीप्रथमाभ्यो दिग्देशकालेष्वस्तातिः	दिक्शब्देभ्यः ५/३ सप्तमी-पञ्चमी-प्रथमाभ्यः ५/३ दिग्-देश-कालेषु ७/३ अस्तातिः १/१
5.3.28	53028	1978	vidhi			दक्षिणोत्तराभ्यामतसुच्	दक्षिण-उत्तराभ्याम् ५/२ अतसुच् १/१
5.3.29	53029	1979	vidhi			विभाषा परावराभ्याम्	विभाषा १/१ पर-अवराभ्याम् ५/२
5.3.30	53030	1980	vidhi			अञ्चेर्लुक्	अञ्चेः ५/१ लुक् १/१
5.3.31	53031	1981	vidhi			उपर्युपरिष्टात्	उपरि-उपरिष्टात् ०/०
5.3.32	53032	1982	vidhi			पश्चात्	पश्चात् ०/०
5.3.33	53033	3501	vidhi			पश्च पश्चा च च्छन्दसि	पश्च ०/० पश्चा ०/० च ०/० छन्दसि ७/१
5.3.34	53034	1983	vidhi			उत्तराधरदक्षिणादातिः	उत्तर-अधर-दक्षिणात् ५/१ आतिः १/१
5.3.35	53035	1984	vidhi			एनबन्यतरस्यामदूरेऽपञ्चम्याः	एनप् १/१ अन्यतरस्याम् ७/१ अदूरे ७/१ अपञ्चम्याः ५/१
5.3.36	53036	1985	vidhi			दक्षिणादाच्	दक्षिणात् ५/१ आच् १/१
5.3.37	53037	1986	vidhi			आहि च दूरे	आहि च ०/० दूरे ७/१
5.3.38	53038	1987	vidhi			उत्तराच्च	उत्तरात् ५/१ च ०/०
5.3.39	53039	1975	vidhi			पूर्वाधरावराणामसि पुरधवश्चैषाम्	पूर्व-अधर-अवराणाम् ६/३ असि पुर्-अध्-अवः १/३ च ०/० एषाम् ६/३
5.3.40	53040	1976	vidhi			अस्ताति च	अस्ताति ७/१ च ०/०
5.3.41	53041	1977	vidhi			विभाषावरस्य	विभाषा १/१ अवरस्य ६/१
5.3.42	53042	1988	vidhi			संख्याया विधार्थे धा	संख्यायाः ५/१ विधार्थे ७/१ धा १/१
5.3.43	53043	1989	vidhi			अधिकरणविचाले च	अधिकरणविचाले ७/१ च ०/०
5.3.44	53044	1990	vidhi			एकाद्धो ध्यमुञन्यतरस्याम्	एकात् ५/१ धः ६/१ ध्यमुञ् १/१ अन्यतरस्याम् ७/१
5.3.45	53045	1991	vidhi			द्वित्र्योश्च धमुञ्	द्वि-त्र्योः ६/२ च ०/० धमुञ् १/१
5.3.46	53046	1992	vidhi			एधाच्च	एधाच् १/१ च ०/०
5.3.47	53047	1993	vidhi			याप्ये पाशप्	याप्ये ७/१ पाशप् १/१
5.3.48	53048	1994	vidhi			पूरणाद्भागे तीयादन्	पूरणात् ५/१ भागे ७/१ तीयात् ५/१ अन् १/१
5.3.49	53049	1995	vidhi			प्रागेकादशभ्योऽच्छन्दसि	प्राक् ०/० एकादशभ्यः ५/३ अच्छन्दसि ७/१
5.3.50	53050	1996	vidhi			षष्ठाष्टमाभ्यां ञ च	षष्ठ-अष्टमाभ्याम् ५/२ ञ च ०/०
5.3.51	53051	1997	vidhi			मानपश्वङ्गयोः कन्लुकौ च	मान-पश्वङ्गयोः ७/२ कन्लुकौ १/२ च ०/०
5.3.52	53052	1998	vidhi			एकादाकिनिच्चासहाये	एकात् ५/१ आकिनिच् १/१ च ०/० असहाये ७/१
5.3.53	53053	1999	vidhi			भूतपूर्वे चरट्	भूतपूर्वे ७/१ चरट् १/१
5.3.54	53054	2000	vidhi			षष्ठ्या रूप्य च	षष्ठ्या ५/१ रूप्य च ०/०
5.3.55	53055	2001	vidhi			अतिशायने तमबिष्ठनौ	अतिशायने ७/१ तमप्-इष्ठनौ १/२
5.3.56	53056	2002	vidhi			तिङश्च	तिङः ५/१ च ०/०
5.3.57	53057	2005	vidhi			द्विवचनविभज्योपपदे तरबीयसुनौ	द्विवचन-विभज्य-उपपदे ७/१ तरप्-ईयसुनौ १/२
5.3.58	53058	2006	vidhi			अजादी गुणवचनादेव	अजादी १/२ गुणवचनात् ५/१ एव ०/०
5.3.59	53059	2007	vidhi			तुश्छन्दसि	तुः ५/१ छन्दसि ७/१
5.3.60	53060	2009	vidhi			प्रशस्यस्य श्रः	प्रशस्यस्य ६/१ श्रः १/१
5.3.61	53061	2011	vidhi			ज्य च	ज्य च ०/०
5.3.62	53062	2013	vidhi			वृद्धस्य च	वृद्धस्य ६/१ च ०/०
5.3.63	53063	2014	vidhi			अन्तिकबाढयोर्नेदसाधौ	अन्तिक-बाढयोः ६/२ नेद-साधौ १/२
5.3.64	53064	2019	vidhi			युवाल्पयोः कनन्यतरस्याम्	युव-अल्पयोः ६/२ कन् १/१ अन्यतरस्याम् ७/१
5.3.65	53065	2020	vidhi			विन्मतोर्लुक्	विन्-मतोः ६/२ लुक् १/१
5.3.66	53066	2021	vidhi			प्रशंसायां रूपप्	प्रशंसायाम् ७/१ रूपप् १/१
5.3.67	53067	2022	vidhi			ईषदसमाप्तौ कल्पब्देश्यदेशीयरः	ईषद्-असमाप्तौ ७/१ कल्पप्-देश्य-देशीयरः १/३
5.3.68	53068	2023	vidhi			विभाषा सुपो बहुच् पुरस्तात्तु	विभाषा १/१ सुपः ५/१ बहुच् १/१ पुरस्तात् ०/० तु ०/०
5.3.69	53069	2024	vidhi			प्रकारवचने जातीयर्	प्रकारवचने ७/१ जातीयर् १/१
5.3.70	53070	2025	adhikara		काधिकारः	प्रागिवात्कः	प्राक् ०/० इवात् ५/१ कः १/१
5.3.71	53071	2026	vidhi			अव्ययसर्वनाम्नामकच् प्राक् टेः	अव्ययसर्वनाम्नाम् ६/३ अकच् १/१ प्राक् ०/० टेः ५/१
5.3.72	53072	2027	vidhi			कस्य च दः	कस्य ६/१ च ०/० दः १/१
5.3.73	53073	2028	vidhi			अज्ञाते	अज्ञाते ७/१
5.3.74	53074	2029	vidhi			कुत्सिते	कुत्सिते ७/१
5.3.75	53075	2030	vidhi			संज्ञायां कन्	संज्ञायाम् ७/१ कन् १/१
5.3.76	53076	2031	vidhi			अनुकम्पायाम्	अनुकम्पायाम् ७/१
5.3.77	53077	2032	vidhi			नीतौ च तद्युक्तात्	नीतौ ७/१ च ०/० तद्युक्तात् ५/१
5.3.78	53078	2033	vidhi			बह्वचो मनुष्यनाम्नष्ठज्वा	बह्वचः ५/१ मनुष्यनाम्नः ५/१ ठच् १/१ वा ०/०
5.3.79	53079	2034	vidhi			घनिलचौ च	घन्-इलचौ १/२ च ०/०
5.3.80	53080	2036	vidhi			प्राचामुपादेरडज्वुचौ च	प्राचाम् ६/३ उपादेः ५/१ अडच्-वुचौ १/२ च ०/०
5.3.81	53081	2037	vidhi			जातिनाम्नः कन्	जातिनाम्नः ५/१ कन् १/१
5.3.82	53082	2039	vidhi			अजिनान्तस्योत्तरपदलोपश्च	अजिन-अन्तस्य ६/१ उत्तरपदलोपः १/१ च ०/०
5.3.83	53083	2035	vidhi			ठाजादावूर्ध्वं द्वितीयादचः	ठ-अजादौ ७/१ ऊर्ध्वम् १/१ द्वितीयात् ५/१ अचः ५/१
5.3.84	53084	2038	vidhi			शेवलसुपरिविशालवरुणार्यमादीनां तृतीयात्	शेवल-सुपरि-विशाल-वरुण-अर्यमा-आदीनाम् ६/३ तृतीयात् ५/१
5.3.85	53085	2040	vidhi			अल्पे	अल्पे ७/१
5.3.86	53086	2041	vidhi			ह्रस्वे	ह्रस्वे ७/१
5.3.87	53087	2042	vidhi			संज्ञायां कन्	संज्ञायाम् ७/१ कन् १/१
5.3.88	53088	2043	vidhi			कुटीशमीशुण्डाभ्यो रः	कुटी-शमी-शुण्डाभ्यः ५/३ रः १/१
5.3.89	53089	2044	vidhi			कुत्वा डुपच्	कुत्वा ५/१ डुपच् १/१
5.3.90	53090	2045	vidhi			कासूगोणीभ्यां ष्टरच्	कासू-गोणीभ्याम् ५/२ ष्टरच् १/१
5.3.91	53091	2046	vidhi			वत्सोक्षाश्वर्षभेभ्यश्च तनुत्वे	वत्स-उक्ष-अश्व-ऋषभेभ्यः ५/३ च ०/० तनुत्वे ७/१
5.3.92	53092	2047	vidhi			किंयत्तदो निर्द्धारणे द्वयोरेकस्य डतरच्	किम्-यत्-तदः ५/१ निर्द्धारणे ७/१ द्वयोः ७/२ एकस्य ६/१ डतरच् १/१
5.3.93	53093	2048	vidhi			वा बहूनां जातिपरिप्रश्ने डतमच्	वा ०/० बहूनाम् ६/३ जातिपरिप्रश्ने ७/१ डतमच् १/१
5.3.94	53094	2049	vidhi			एकाच्च प्राचाम्	एकात् ५/१ च ०/० प्राचाम् ६/३
5.3.95	53095	2050	vidhi			अवक्षेपणे कन्	अवक्षेपणे ७/१ कन् १/१
5.3.96	53096	2051	vidhi			इवे प्रतिकृतौ	इवे ७/१ प्रतिकृतौ ७/१
5.3.97	53097	2052	vidhi			संज्ञायां च	संज्ञायाम् ७/१ च ०/०
5.3.98	53098	2053	vidhi			लुम्मनुष्ये	लुप् १/१ मनुष्ये ७/१
5.3.99	53099	2054	vidhi			जीविकार्थे चापण्ये	जीविकार्थे ७/१ च ०/० अपण्ये ७/१
5.3.100	53100	2055	vidhi			देवपथादिभ्यश्च	देवपथादिभ्यः ५/३ च ०/०
5.3.101	53101	2056	vidhi			वस्तेर्ढञ्	वस्तेः ५/१ ढञ् १/१
5.3.102	53102	2057	vidhi			शिलाया ढः	शिलायाः ५/१ ढः १/१
5.3.103	53103	2058	vidhi			शाखादिभ्यो यत्	शाखादिभ्यः ५/३ यत् १/१
5.3.104	53104	2059	vidhi			द्रव्यं च भव्ये	द्रव्यम् १/१ च ०/० भव्ये ७/१
5.3.105	53105	2060	vidhi			कुशाग्राच्छः	कुशाग्रात् ५/१ छः १/१
5.3.106	53106	2061	vidhi			समासाच्च तद्विषयात्	समासात् ५/१ च ०/० तद्विषयात् ५/१
5.3.107	53107	2062	vidhi			शर्करादिभ्योऽण्	शर्करादिभ्यः ५/३ अण् १/१
5.3.108	53108	2063	vidhi			अङ्गुल्यादिभ्यष्ठक्	अङ्गुल्यादिभ्यः ५/३ ठक् १/१
5.3.109	53109	2064	vidhi			एकशालायाष्ठजन्यतरस्याम्	एकशालायाः ५/१ ठच् १/१ अन्यतरस्याम् ७/१
5.3.110	53110	2065	vidhi			कर्कलोहितादीकक्	कर्क-लोहितात् ५/१ ईकक् १/१
5.3.111	53111	3502	vidhi			प्रत्नपूर्वविश्वेमात्थाल् छन्दसि	प्रत्न-पूर्व-विश्व-इमात् ५/१ थाल् १/१ छन्दसि ७/१
5.3.112	53112	2066	vidhi			पूगाञ्ञ्योऽग्रामणीपूर्वात्	पूगात् ५/१ ञ्यः १/१ अग्रामणीपूर्वात् ५/१
5.3.113	53113	1100	vidhi			व्रातच्फञोरस्त्रियाम्	व्रात-च्फञोः ६/२ अस्त्रियाम् ७/१
5.3.114	53114	2067	vidhi			आयुधजीविसंघाञ्ञ्यड्वाहीकेष्वब्राह्मणराजन्यात्	आयुधजीविसङ्घात् ५/१ ञ्यट् १/१ वाहीकेषु ७/३ अब्राह्मण-राजन्यात् ५/१
5.3.115	53115	2068	vidhi			वृकाट्टेण्यण्	वृकात् ५/१ टेण्यण् १/१
5.3.116	53116	2069	vidhi			दामन्यादित्रिगर्तषष्ठाच्छः	दामन्यादि-त्रिगर्तषष्ठात् ५/१ छः १/१
5.3.117	53117	2070	vidhi			पर्श्वादियौधेयादिभ्यामणञौ	पर्श्वादि-यौधेयादिभ्याम् ५/२ अण्-अञौ १/२
5.3.118	53118	2071	vidhi			अभिजिद्विदभृच्छालावच्छिखावच्छमीवदूर्णावच्छ्रुमदणो यञ्	अभिजित्-विदभृत्-शालावत्-शिखावत्-शमीवत्-ऊर्णावत्-श्रुमत्-अणः ५/१ यञ् १/१
5.3.119	53119	2072	samjna	तद्राज	तद्राजसंज्ञा	ञ्यादयस्तद्राजाः	ञ्य-आदयः १/३ तद्राजाः १/१
5.4.1	54001	2073	vidhi			पादशतस्य संख्यादेर्वीप्सायां वुन् लोपश्च	पाद-शतस्य ६/१ संख्यादेः ६/१ वीप्सायाम् ७/१ वुन् १/१ लोपः १/१ च ०/०
5.4.2	54002	2074	vidhi			दण्डव्यवसर्गयोश्च	दण्ड-व्यवसर्गयोः ७/२ च ०/०
5.4.3	54003	2075	vidhi			स्थूलादिभ्यः प्रकारवचने कन्	स्थूलादिभ्यः ५/३ प्रकारवचने ७/१ कन् १/१
5.4.4	54004	2076	vidhi			अनत्यन्तगतौ क्तात्	अनत्यन्तगतौ ७/१ क्तात् ५/१
5.4.5	54005	2077	vidhi			न सामिवचने	न ०/० सामिवचने ७/१
5.4.6	54006	2078	vidhi			बृहत्या आच्छादने	बृहत्याः ५/१ आच्छादने ७/१
5.4.7	54007	2079	vidhi			अषडक्षाशितङ्ग्वलंकर्मालम्पुरुषाध्युत्तरपदात् खः	अषडक्ष-आशितङ्गु-अलंकर्म-अलम्पुरुष-अध्युत्तरपदात् ५/१ खः १/१
5.4.8	54008	2080	vidhi			विभाषा अञ्चेरदिक्स्त्रियाम्	विभाषा १/१ अञ्चेः ५/१ अदिक्-स्त्रियाम् ७/१
5.4.9	54009	2081	vidhi			जात्यन्ताच्छ बन्धुनि	जात्यन्तात् ५/१ छ बन्धुनि ७/१
5.4.10	54010	2082	vidhi			स्थानान्ताद्विभाषा सस्थानेनेति चेत्	स्थानान्तात् ५/१ विभाषा १/१ सस्थानेन ३/१ इति ०/० चेत् ०/०
5.4.11	54011	2004	vidhi			किमेत्तिङव्ययघादाम्वद्रव्यप्रकर्षे	किम्-एत्-तिङ्-अव्यय-घात् ५/१ आमु अद्रव्यप्रकर्षे ७/१
5.4.12	54012	3503	vidhi			अमु च च्छन्दसि	अमु च ०/० छन्दसि ७/१
5.4.13	54013	2083	vidhi			अनुगादिनष्ठक्	अनुगादिनः ५/१ ठक् १/१
5.4.14	54014	3216	vidhi			णचः स्त्रियामञ्	णचः ५/१ स्त्रियाम् ७/१ अञ् १/१
5.4.15	54015	3219	vidhi			अणिनुणः	अण् १/१ इनुणः ५/१
5.4.16	54016	2084	vidhi			विसारिणो मत्स्ये	विसारिणः ५/१ मत्स्ये ७/१
5.4.17	54017	2085	vidhi			संख्यायाः क्रियाभ्यावृत्तिगणने कृत्वसुच्	संख्यायाः ५/१ क्रिया-अभ्यावृत्तिगणने ७/१ कृत्वसुच् १/१
5.4.18	54018	2086	vidhi			द्वित्रिचतुर्भ्यः सुच्	द्वि-त्रि-चतुर्भ्यः ५/३ सुच् १/१
5.4.19	54019	2087	vidhi			एकस्य सकृच्च	एकस्य ६/१ सकृत् १/१ च ०/०
5.4.20	54020	2088	vidhi			विभाषा बहोर्धाविप्रकृष्टकाले	विभाषा १/१ बहोः ५/१ धा १/१ अविप्रकृष्टकाले ७/१
5.4.21	54021	2089	vidhi			तत्प्रकृतवचने मयट्	तत् १/१ प्रकृतवचने ७/१ मयट् १/१
5.4.22	54022	2090	atidesha		समूहातिदेशः	समूहवच्च बहुषु	समूहवत् ०/० च ०/० बहुषु ७/३
5.4.23	54023	2091	vidhi			अनन्तावसथेतिहभेषजाञ्ञ्यः	अनन्त-आवसथ-इतिह-भेषजात् ५/१ ञ्यः १/१
5.4.24	54024	2092	vidhi			देवतान्तात्तादर्थ्ये यत्	देवतान्तात् ५/१ तादर्थ्ये ७/१ यत् १/१
5.4.25	54025	2093	vidhi			पादार्घाभ्यां च	पाद-अर्घाभ्याम् ५/२ च ०/०
5.4.26	54026	2094	vidhi			अतिथेर्ञ्यः	अतिथेः ५/१ ञ्यः १/१
5.4.27	54027	2095	vidhi			देवात्तल्	देवात् ५/१ तल् १/१
5.4.28	54028	2096	vidhi			अवेः कः	अवेः ५/१ कः १/१
5.4.29	54029	2097	vidhi			यावादिभ्यः कन्	यावादिभ्यः ५/३ कन् १/१
5.4.30	54030	2098	vidhi			लोहितान्मणौ	लोहितात् ५/१ मणौ ७/१
5.4.31	54031	2099	vidhi			वर्णे चानित्ये	वर्णे ७/१ च ०/० अनित्ये ७/१
5.4.32	54032	2100	vidhi			रक्ते	रक्ते ७/१
5.4.33	54033	2101	vidhi			कालाच्च	कालात् ५/१ च ०/०
5.4.34	54034	2102	vidhi			विनयादिभ्यष्ठक्	विनयादिभ्यः ५/३ ठक् १/१
5.4.35	54035	2103	vidhi			वाचो व्याहृतार्थायाम्	वाचः ५/३ व्याहृता-अर्थायाम् ७/१
5.4.36	54036	2104	vidhi			तद्युक्तात् कर्मणोऽण्	तद्युक्तात् ५/१ कर्मणः ५/१ अण् १/१
5.4.37	54037	2105	vidhi			ओषधेरजातौ	ओषधेः ५/१ अजातौ ७/१
5.4.38	54038	2106	vidhi			प्रज्ञादिभ्यश्च	प्रज्ञादिभ्यः ५/३ च ०/०
5.4.39	54039	2107	vidhi			मृदस्तिकन्	मृदः ५/१ तिकन् १/१
5.4.40	54040	2108	vidhi			सस्नौ प्रशंसायाम्	स-स्नौ १/२ प्रशंसायाम् ७/१
5.4.41	54041	3504	vidhi			वृकज्येष्ठाभ्यां तिल्तातिलौ च च्छन्दसि	वृक-ज्येष्ठाभ्याम् ५/२ तिल्-तातिलौ १/२ च ०/० छन्दसि ७/१
5.4.42	54042	2109	vidhi			बह्वल्पार्थाच्छस् कारकादन्यतरस्याम्	बहु-अल्पार्थात् ५/१ शस् १/१ कारकात् ५/१ अन्यतरस्याम् ७/१
5.4.43	54043	2110	vidhi			संख्यैकवचनाच्च वीप्सायाम्	सङ्ख्या-एकवचनात् ५/१ च ०/० वीप्सायाम् ७/१
5.4.44	54044	2111	vidhi			प्रतियोगे पञ्चम्यास्तसिः	प्रतियोगे ७/१ पञ्चम्याः ५/१ तसिः १/१
5.4.45	54045	2112	vidhi			अपादाने चाहीयरुहोः	अपादाने ७/१ च ०/० अ-हीय-रुहोः ६/२
5.4.46	54046	2113	vidhi			अतिग्रहाव्यथनक्षेपेष्वकर्तरि तृतीयायाः	अतिग्रह-अव्यथन-क्षेपेषु ७/३ अकर्तरि ७/१ तृतीयायाः ५/१
5.4.47	54047	2114	vidhi			हीयमानपापयोगाच्च	हीयमान-पापयोगात् ५/१ च ०/०
5.4.48	54048	2115	vidhi			षष्ठ्या व्याश्रये	षष्ठ्याः ५/१ व्याश्रये ७/१
5.4.49	54049	2116	vidhi			रोगाच्चापनयने	रोगात् ५/१ च ०/० अपनयने ७/१
5.4.50	54050	2117	vidhi			अभूततद्भावे कृभ्वस्तियोगे सम्पद्यकर्तरि च्विः	अभूत-तद्भावे ७/१ कृ-भू-अस्ति-योगे ७/१ सम्पद्यकर्तरि ७/१ च्विः १/१
5.4.51	54051	2121	vidhi			अरुर्मनश्चक्षुश्चेतोरहोरजसां लोपश्च	अरुस्-मनस्-चक्षुस्-चेतस्-रहस्-रजसाम् ६/३ लोपः १/१ च ०/०
5.4.52	54052	2122	vidhi			विभाषा साति कार्त्स्न्ये	विभाषा १/१ साति कार्त्स्न्ये ७/१
5.4.53	54053	2124	vidhi			अभिविधौ सम्पदा च	अभिविधौ ७/१ सम्पदा ३/१ च ०/०
5.4.54	54054	2125	vidhi			तदधीनवचने	तद्-अधीन-वचने ७/१
5.4.55	54055	2126	vidhi			देये त्रा च	देये ७/१ त्रा १/१ च ०/०
5.4.56	54056	2127	vidhi			देवमनुष्यपुरुषपुरुमर्त्येभ्यो द्वितीयासप्तम्योर्बहुलम्	देव-मनुष्य-पुरुष-पुरु-मर्त्येभ्यः ५/३ द्वितीया-सप्तम्योः ६/२ बहुलम् १/१
5.4.57	54057	2128	vidhi			अव्यक्तानुकरणाद्द्व्यजवरार्धादनितौ डाच्	अव्यक्त-अनुकरणात् ५/१ द्व्यच्-अवरार्धात् ५/१ अनितौ ७/१ डाच् १/१
5.4.58	54058	2129	vidhi			कृञो द्वितीयतृतीयशम्बबीजात् कृषौ	कृञः ५/१ द्वितीय-तृतीय-शम्ब-बीजात् ५/१ कृषौ ७/१
5.4.59	54059	2130	vidhi			संख्यायाश्च गुणान्तायाः	सङ्ख्यायाः ५/१ च ०/० गुणान्तायाः ५/१
5.4.60	54060	2131	vidhi			समयाच्च यापनायाम्	समयात् ५/१ च ०/० यापनायाम् ७/१
5.4.61	54061	2132	vidhi			सपत्त्रनिष्पत्रादतिव्यथने	सपत्र-निष्पत्रात् ५/१ अतिव्यथने ७/१
5.4.62	54062	2133	vidhi			निष्कुलान्निष्कोषणे	निष्कुलात् ५/१ निष्कोषणे ७/१
5.4.63	54063	2134	vidhi			सुखप्रियादानुलोम्ये	सुख-प्रियात् ५/१ आनुलोम्ये ७/१
5.4.64	54064	2135	vidhi			दुःखात् प्रातिलोम्ये	दुःखात् ५/१ प्रातिलोम्ये ७/१
5.4.65	54065	2136	vidhi			शूलात् पाके	शूलात् ५/१ पाके ७/१
5.4.66	54066	2137	vidhi			सत्यादशपथे	सत्यात् ५/१ अशपथे ७/१
5.4.67	54067	2138	vidhi			मद्रात् परिवापणे	मद्रात् ५/१ परिवापणे ७/१
5.4.68	54068	676	adhikara		समासान्ताधिकारः	समासान्ताः	समासान्ताः १/३
5.4.69	54069	954	vidhi			न पूजनात्	न ०/० पूजनात् ५/१
5.4.70	54070	955	vidhi			किमः क्षेपे	किमः ५/१ क्षेपे ७/१
5.4.71	54071	956	vidhi			नञस्तत्पुरुषात्	नञः ५/१ तत्पुरुषात् ५/१
5.4.72	54072	957	vidhi			पथो विभाषा	पथः ५/३ विभाषा १/१
5.4.73	54073	851	vidhi			बहुव्रीहौ संख्येये डजबहुगणात्	बहुव्रीहौ ७/१ संख्येये ७/१ डच् १/१ अबहुगणात् ५/१
5.4.74	54074	940	vidhi			ऋक्पूरब्धूःपथामानक्षे	ऋक्पूरप्धूःपथाम् ६/३ अ अनक्षे ७/१
5.4.75	54075	943	vidhi			अच् प्रत्यन्ववपूर्वात् सामलोम्नः	अच् १/१ प्रति-अनु-अव-पूर्वात् ५/१ साम-लोम्नः ५/१
5.4.76	54076	944	vidhi			अक्ष्णोऽदर्शनात्	अक्ष्णः ५/१ अदर्शनात् ५/१
5.4.77	54077	945	vidhi			अचतुरविचतुरसुचतुरस्त्रीपुंसधेन्वनडुहर्क्सामवाङ्मनसाक्षिभ्रुवदारगवोर्वष्ठीवपदष्ठीवनक्तंदिवरात्रिंदिवाहर्दिवसरजसनिःश्रेयसपुरुषायुषद्व्यायुषत्र्यायुषर्ग्यजुषजातोक्षमहोक्षवृद्धोक्षोपशुनगोष्ठश्वाः	अचतुर-विचतुर-सुचतुर-स्त्रीपुंस-धेन्वनडुह-ऋक्साम-वाङ्मनस-अक्षिभ्रुव-दारगव-ऊर्वष्ठीव-पदष्ठीव-नक्तंदिव-रात्रिंदिव-अहर्दिव-सरजस-निःश्रेयस-पुरुषायुष-द्व्यायुष-त्र्यायुष-ऋग्यजुष-जातोक्ष-महोक्ष-वृद्धोक्ष-उपशुन-गोष्ठश्वाः १/३
5.4.78	54078	946	vidhi			ब्रह्महस्तिभ्याम् वर्च्चसः	ब्रह्म-हस्तिभ्याम् ५/२ वर्च्चसः ५/१
5.4.79	54079	947	vidhi			अवसमन्धेभ्यस्तमसः	अव-सम्-अन्धेभ्यः ५/३ तमसः ५/१
5.4.80	54080	948	vidhi			श्वसो वसीयःश्रेयसः	श्वसः ५/१ वसीयस्-श्रेयसः ५/१
5.4.81	54081	949	vidhi			अन्ववतप्ताद्रहसः	अनु्-अव-तप्तात् ५/१ रहसः ५/१
5.4.82	54082	950	vidhi			प्रतेरुरसः सप्तमीस्थात्	प्रतेः ५/१ उरसः ५/१ सप्तमीस्थात् ५/१
5.4.83	54083	951	vidhi			अनुगवमायामे	अनुगवम् १/१ आयामे ७/१
5.4.84	54084	952	vidhi			द्विस्तावा त्रिस्तावा वेदिः	द्विस्तावा १/१ त्रिस्तावा १/१ वेदिः १/१
5.4.85	54085	953	vidhi			उपसर्गादध्वनः	उपसर्गात् ५/१ अध्वनः ५/१
5.4.86	54086	786	vidhi			तत्पुरुषस्याङ्गुलेः संख्याव्ययादेः	तत्पुरुषस्य ६/१ अङ्गुलेः ६/१ सङ्ख्या-अव्ययादेः ६/१
5.4.87	54087	787	vidhi			अहस्सर्वैकदेशसंख्यातपुण्याच्च रात्रेः	अहः-सर्व-एकदेश-सङ्ख्यात-पुण्यात् ५/१ च ०/० रात्रेः ५/१
5.4.88	54088	790	vidhi			अह्नोऽह्न एतेभ्यः	अह्नः ६/१ अह्नः १/१ एतेभ्यः ५/३
5.4.89	54089	793	vidhi			न संख्यादेः समाहारे	न ०/० सङ्ख्यादेः ६/१ समाहारे ७/१
5.4.90	54090	794	vidhi			उत्तमैकाभ्यां च	उत्तमैकाभ्याम् ५/२ च ०/०
5.4.91	54091	788	vidhi			राजाहस्सखिभ्यष्टच्	राजा-अहन्-सखिभ्यः ५/३ टच् १/१
5.4.92	54092	729	vidhi			गोरतद्धितलुकि	गोः ५/१ अ-तद्धित-लुकि ७/१
5.4.93	54093	795	vidhi			अग्राख्यायामुरसः	अग्र-आख्यायाम् ७/१ उरसः ५/१
5.4.94	54094	796	vidhi			अनोऽश्मायस्सरसाम् जातिसंज्ञयोः	अनः-अश्म-अयस्-सरसाम् ६/३ जाति-संज्ञयोः ७/२
5.4.95	54095	797	vidhi			ग्रामकौटाभ्यां च तक्ष्णः	ग्राम-कौटाभ्याम् ५/२ च ०/० तक्ष्णः ५/१
5.4.96	54096	798	vidhi			अतेः शुनः	अतेः ५/१ शुनः ५/१
5.4.97	54097	799	vidhi			उपमानादप्राणिषु	उपमानात् ५/१ अप्राणिषु ७/३
5.4.98	54098	800	vidhi			उत्तरमृगपूर्वाच्च सक्थ्नः	उत्तर-मृग-पूर्वात् ५/१ च ०/० सक्थ्नः ५/१
5.4.99	54099	801	vidhi			नावो द्विगोः	नावः ५/१ द्विगोः ५/१
5.4.100	54100	802	vidhi			अर्धाच्च	अर्धात् ५/१ च ०/०
5.4.101	54101	803	vidhi			खार्याः प्राचाम्	खार्याः ५/१ प्राचाम् ६/३
5.4.102	54102	804	vidhi			द्वित्रिभ्यामञ्जलेः	द्वि-त्रिभ्याम् ५/२ अञ्जलेः ५/१
5.4.103	54103	3505	vidhi			अनसन्तान्नपुंसकाच्छन्दसि	अन्-असन्तात् ५/१ नपुंसकात् ५/१ छन्दसि ७/१
5.4.104	54104	805	vidhi			ब्रह्मणो जानपदाख्यायाम्	ब्रह्मणः ५/१ जानपदाख्यायाम् ७/१
5.4.105	54105	806	vidhi			कुमहद्भ्यामन्यतरस्याम्	कु-महद्भ्याम् ५/२ अन्यतरस्याम् ७/१
5.4.106	54106	930	vidhi			द्वन्द्वाच्चुदषहान्तात् समाहारे	द्वन्द्वात् ५/१ चु-द-ष-हान्तात् ५/१ समाहारे ७/१
5.4.107	54107	677	vidhi			अव्ययीभावे शरत्प्रभृतिभ्यः	अव्ययीभावे ७/१ शरत्प्रभृतिभ्यः ५/३
5.4.108	54108	678	vidhi			अनश्च	अनः ५/१ च ०/०
5.4.109	54109	680	vidhi			नपुंसकादन्यतरस्याम्	नपुंसकात् ५/१ अन्यतरस्याम् ७/१
5.4.110	54110	681	vidhi			नदीपौर्णमास्याग्रहायणीभ्यः	नदी-पौर्णमासी-आग्रहायणीभ्यः ५/३
5.4.111	54111	682	vidhi			झयः	झयः ५/१
5.4.112	54112	683	vidhi			गिरेश्च सेनकस्य	गिरेः ५/१ च ०/० सेनकस्य ६/१
5.4.113	54113	852	vidhi			बहुव्रीहौ सक्थ्यक्ष्णोः स्वाङ्गात् षच्	बहुव्रीहौ ७/१ सक्थ्यक्ष्णोः ६/२ स्वाङ्गात् ५/१ षच् १/१
5.4.114	54114	853	vidhi			अङ्गुलेर्दारुणि	अङ्गुलेः ५/१ दारुणि ७/१
5.4.115	54115	854	vidhi			द्वित्रिभ्यां ष मूर्ध्नः	द्वित्रिभ्याम् ५/२ ष मूर्ध्नः ५/१
5.4.116	54116	832	vidhi			अप् पूरणीप्रमाण्योः	अप् १/१ पूरणीप्रमाण्योः ६/२
5.4.117	54117	855	vidhi			अन्तर्बहिर्भ्यां च लोम्नः	अन्तर्बहिर्भ्याम् ५/२ च ०/० लोम्नः ५/१
5.4.118	54118	856	vidhi			अञ्नासिकायाः संज्ञायां नसं चास्थूलात्	अच् १/१ नासिकायाः ६/१ संज्ञायाम् ७/१ नसम् १/१ च ०/० अस्थूलात् ५/१
5.4.119	54119	858	vidhi			उपसर्गाच्च	उपसर्गात् ५/१ च ०/०
5.4.120	54120	860	vidhi			सुप्रातसुश्वसुदिवशारिकुक्षचतुरश्रैणीपदाजपदप्रोष्ठपदाः	सुप्रातसुश्वसुदिवशारिकुक्षचतुरश्रैणीपदाजपदप्रोष्ठपदाः १/३
5.4.121	54121	861	vidhi			नञ्दुःसुभ्यो हलिसक्थ्योरन्यतरस्याम्	नञ्दुःसुभ्यः ५/३ हलिसक्थ्योः ६/२ अन्यतरस्याम् ७/१
5.4.122	54122	862	vidhi			नित्यमसिच् प्रजामेधयोः	नित्यम् १/१ असिच् १/१ प्रजामेधयोः ६/२
5.4.123	54123	3506	vidhi			बहुप्रजाश्छन्दसि	बहुप्रजाः १/१ छन्दसि ७/१
5.4.124	54124	863	vidhi			धर्मादनिच् केवलात्	धर्मात् ५/१ अनिच् १/१ केवलात् ५/१
5.4.125	54125	864	vidhi			जम्भा सुहरिततृणसोमेभ्यः	जम्भा १/१ सुहरिततृणसोमेभ्यः ५/३
5.4.126	54126	865	vidhi			दक्षिणेर्मा लुब्धयोगे	दक्षिणेर्मा १/१ लुब्धयोगे ७/१
5.4.127	54127	866	vidhi			इच् कर्मव्यतिहारे	इच् १/१ कर्मव्यतिहारे ७/१
5.4.128	54128	867	vidhi			द्विदण्ड्यादिभ्यश्च	द्विदण्ड्यादिभ्यः ५/३ च ०/०
5.4.129	54129	868	vidhi			प्रसम्भ्यां जानुनोर्ज्ञुः	प्रसम्भ्याम् ५/२ जानुनोः ६/२ ज्ञुः १/१
5.4.130	54130	869	vidhi			ऊर्ध्वाद्विभाषा	ऊर्ध्वाद् ५/१ विभाषा १/१
5.4.131	54131	483	vidhi			ऊधसोऽनङ्	ऊधसः ६/१ अनङ् १/१
5.4.132	54132	870	vidhi			धनुषश्च	धनुषः ६/१ च ०/०
5.4.133	54133	871	vidhi			वा संज्ञायाम्	वा ०/० संज्ञायाम् ७/१
5.4.134	54134	872	vidhi			जायाया निङ्	जायायाः ६/१ निङ् १/१
5.4.135	54135	874	vidhi			गन्धस्येदुत्पूतिसुसुरभिभ्यः	गन्धस्य ६/१ इत् १/१ उत्पूतिसुसुरभिभ्यः ५/३
5.4.136	54136	875	vidhi			अल्पाख्यायाम्	अल्पाख्यायाम् ७/१
5.4.137	54137	876	vidhi			उपमानाच्च	उपमानात् ५/१ च ०/०
5.4.138	54138	877	vidhi			पादस्य लोपोऽहस्त्यादिभ्यः	पादस्य ६/१ लोपः ६/१ अहस्त्यादिभ्यः ५/३
5.4.139	54139	878	vidhi			कुम्भपदीषु च	कुम्भपदीषु ७/३ च ०/०
5.4.140	54140	879	vidhi			संख्यासुपूर्वस्य	सङ्ख्यासुपूर्वस्य ६/१
5.4.141	54141	880	vidhi			वयसि दन्तस्य दतृ	वयसि ७/१ दन्तस्य ६/१ दतृ
5.4.142	54142	3507	vidhi			छन्दसि च	छन्दसि ७/१ च ०/०
5.4.143	54143	881	vidhi			स्त्रियां संज्ञायाम्	स्त्रियाम् ७/१ संज्ञायाम् ७/१
5.4.144	54144	882	vidhi			विभाषा श्यावारोकाभ्याम्	विभाषा १/१ श्यावारोकाभ्याम् ५/२
5.4.145	54145	883	vidhi			अग्रान्तशुद्धशुभ्रवृषवराहेभ्यश्च	अग्रान्तशुद्धशुभ्रवृषवराहेभ्यः ५/३ च ०/०
5.4.146	54146	884	vidhi			ककुदस्यावस्थायां लोपः	ककुदस्य ६/१ अवस्थायाम् ७/१ लोपः १/१
5.4.147	54147	885	vidhi			त्रिककुत् पर्वते	त्रिककुत् १/१ पर्वते ७/१
5.4.148	54148	886	vidhi			उद्विभ्यां काकुदस्य	उद्विभ्याम् ५/२ काकुदस्य ६/१
5.4.149	54149	887	vidhi			पूर्णाद्विभाषा	पूर्णात् ५/१ विभाषा १/१
5.4.150	54150	888	vidhi			सुहृद्दुर्हृदौ मित्रामित्रयोः	सुहृद्दुर्हृदौ १/२ मित्रामित्रयोः ७/२
5.4.151	54151	889	vidhi			उरःप्रभृतिभ्यः कप्	उरःप्रभृतिभ्यः ५/३ कप् १/१
5.4.152	54152	890	vidhi			इनः स्त्रियाम्	इनः १/१ स्त्रियाम् ७/१
5.4.153	54153	833	vidhi			नद्यृतश्च	नद्यृतः ५/१ च ०/०
5.4.154	54154	891	vidhi			शेषाद्विभाषा	शेषात् ५/१ विभाषा १/१
5.4.155	54155	893	vidhi			न संज्ञायाम्	न ०/० संज्ञायाम् ७/१
5.4.156	54156	894	vidhi			ईयसश्च	ईयसः ५/१ च ०/०
5.4.157	54157	895	vidhi			वन्दिते भ्रातुः	वन्दिते ७/१ भ्रातुः ५/१
5.4.158	54158	3508	vidhi			ऋतश्छन्दसि	ऋतः ५/१ छन्दसि ७/१
5.4.159	54159	896	vidhi			नाडीतन्त्र्योः स्वाङ्गे	नाडीतन्त्र्योः ६/२ स्वाङ्गे ७/१
5.4.160	54160	897	vidhi			निष्प्रवाणिश्च	निष्प्रवाणिः १/१ च ०/०
6.1.1	61001	2175	adhikara		द्वित्वाधिकारः	एकाचो द्वे प्रथमस्य	एकाचः ६/१ द्वे १/२ प्रथमस्य ६/१
6.1.2	61002	2176	vidhi			अजादेर्द्वितीयस्य	अजादेः ६/१ द्वितीयस्य ६/१
6.1.3	61003	2446	vidhi			न न्द्राः संयोगादयः	न ०/० न्द्राः १/३ संयोगादयः १/३
6.1.4	61004	2178	samjna	अभ्यास	अभ्याससंज्ञा	पूर्वोऽभ्यासः	पूर्वः १/१ अभ्यासः १/१
6.1.5	61005	426	samjna	अभ्यस्त	अभ्यस्तसंज्ञा	उभे अभ्यस्तम्	उभे १/२ अभ्यस्तम् १/१
6.1.6	61006	428	vidhi			जक्षित्यादयः षट्	जक्ष्-इत्यादयः १/३ षट् १/३
6.1.7	61007	3509	vidhi			तुजादीनां दीर्घोऽभ्यासस्य	तुजादीनाम् ६/३ दीर्घः १/१ अभ्यासस्य ६/१
6.1.8	61008	2177	vidhi			लिटि धातोरनभ्यासस्य	लिटि ७/१ धातोः ६/१ अनभ्यासस्य ६/१
6.1.9	61009	2395	vidhi			सन्यङोः	सन्-यङोः ६/२
6.1.10	61010	2490	vidhi			श्लौ	श्लौ ७/१
6.1.11	61011	2315	vidhi			चङि	चङि ७/१
6.1.12	61012	3629	vidhi			दाश्वान् साह्वान् मीढ्वांश्च	दाश्वान् १/१ साह्वान् १/१ मीढ्-वान् १/१ च ०/०
6.1.13	61013	1003	vidhi			ष्यङः सम्प्रसारणं पुत्रपत्योस्तत्पुरुषे	ष्यङः ६/१ सम्प्रसारणम् १/१ पुत्र-पत्योः ७/२ तत्पुरुषे ७/१
6.1.14	61014	1005	vidhi			बन्धुनि बहुव्रीहौ	बन्धुनि ७/१ बहुव्रीहौ ७/१
6.1.15	61015	2409	vidhi			वचिस्वपियजादीनां किति	वचि-स्वपि-यजादीनाम् ६/३ किति ७/१
6.1.16	61016	2412	vidhi			ग्रहिज्यावयिव्यधिवष्टिविचतिवृश्चतिपृच्छतिभृज्जतीनां ङिति च	ग्रहि-ज्या-वयि-व्यधि-वष्टि-विचति-वृश्चति-पृच्छति-भृज्जतीनाम् ६/३ ङिति ७/१ च ०/०
6.1.17	61017	2408	vidhi			लिट्यभ्यासस्योभयेषाम्	लिटि ७/१ अभ्यासस्य ६/१ उभयेषाम् ६/३
6.1.18	61018	2584	vidhi			स्वापेश्चङि	स्वापेः ६/१ चङि ७/१
6.1.19	61019	2645	vidhi			स्वपिस्यमिव्येञां यङि	स्वपि-स्यमि-व्येञाम् ६/३ यङि ७/१
6.1.20	61020	2646	vidhi			न वशः	न ०/० वशः ६/१
6.1.21	61021	2647	vidhi			चायः की	चायः ६/१ की
6.1.22	61022	3044	vidhi			स्फायः स्फी निष्ठायाम्	स्फायः ६/१ स्फी निष्ठायाम् ७/१
6.1.23	61023	3033	vidhi			स्त्यः प्रपूर्वस्य	स्त्यः ६/१ प्र-पूर्वस्य ६/१
6.1.24	61024	3020	vidhi			द्रवमूर्तिस्पर्शयोः श्यः	द्रवमूर्ति-स्पर्शयोः ७/२ श्यः ६/१
6.1.25	61025	3022	vidhi			प्रतेश्च	प्रतेः ५/१ च ०/०
6.1.26	61026	3023	vidhi			विभाषाऽभ्यवपूर्वस्य	विभाषा १/१ अभि-अव-पूर्वस्य ६/१
6.1.27	61027	3067	vidhi			शृतं पाके	शृतम् १/१ पाके ७/१
6.1.28	61028	3072	vidhi			प्यायः पी	प्यायः ६/१ पी
6.1.29	61029	2327	vidhi			लिड्यङोश्च	लिट्-यङोः ७/२ च ०/०
6.1.30	61030	2420	vidhi			विभाषा श्वेः	विभाषा १/१ श्वेः ६/१
6.1.31	61031	2601	vidhi			णौ च संश्चङोः	णौ ७/१ च ०/० सन्-चङोः ७/२
6.1.32	61032	2586	vidhi			ह्वः सम्प्रसारणम्	ह्वः ६/१ सम्प्रसारणम् १/१
6.1.33	61033	2417	vidhi			अभ्यस्तस्य च	अभ्यस्तस्य ६/१ च ०/०
6.1.34	61034	3510	vidhi			बहुलं छन्दसि	बहुलम् १/१ छन्दसि ७/१
6.1.35	61035	3511	vidhi			चायः की	चायः ६/१ की
6.1.36	61036	3512	vidhi			अपस्पृधेथामानृचुरानृहुश्चिच्युषेतित्याजश्राताःश्रितमाशीराशीर्त्ताः	अपस्पृधेथाम् आनृचुः आनृहुः चिच्युषे तित्याज श्राताः १/३ श्रितम् १/१ आशीर् १/१ आशीर्त्ताः १/३
6.1.37	61037	363	vidhi			न सम्प्रसारणे सम्प्रसारणम्	न ०/० सम्प्रसारणे ७/१ सम्प्रसारणम् १/१
6.1.38	61038	2413	vidhi			लिटि वयो यः	लिटि ७/१ वयः ६/१ यः ६/१
6.1.39	61039	2414	vidhi			वश्चास्यान्यतरस्याम् किति	वः १/१ च ०/० अस्य ६/१ अन्यतरस्याम् ७/१ किति ७/१
6.1.40	61040	2415	vidhi			वेञः	वेञः ६/१
6.1.41	61041	3339	vidhi			ल्यपि च	ल्यपि ७/१ च ०/०
6.1.42	61042	3340	vidhi			ज्यश्च	ज्यः ६/१ च ०/०
6.1.43	61043	3341	vidhi			व्यश्च	व्यः ६/१ च ०/०
6.1.44	61044	3342	vidhi			विभाषा परेः	विभाषा १/१ परेः ५/१
6.1.45	61045	2370	vidhi			आदेच उपदेशेऽशिति	आत् १/१ एचः ६/१ उपदेशे ७/१ अशिति ७/१
6.1.46	61046	2416	vidhi			न व्यो लिटि	न ०/० व्यः ६/१ लिटि ७/१
6.1.47	61047	3185	vidhi			स्फुरतिस्फुलत्योर्घञि	स्फुरति-स्फुलत्योः ६/२ घञि ७/१
6.1.48	61048	2600	vidhi			क्रीङ्जीनां णौ	क्री-इङ्-जीनाम् ६/३ णौ ७/१
6.1.49	61049	2602	vidhi			सिध्यतेरपारलौकिके	सिध्यतेः ६/१ अपारलौकिके ७/१
6.1.50	61050	2508	vidhi			मीनातिमिनोतिदीङां ल्यपि च	मीनाति-मिनोति-दीङाम् ६/३ ल्यपि ७/१ च ०/०
6.1.51	61051	2509	vidhi			विभाषा लीयतेः	विभाषा १/१ लीयतेः ६/१
6.1.52	61052	3513	vidhi			खिदेश्छन्दसि	खिदेः ६/१ छन्दसि ७/१
6.1.53	61053	3375	vidhi			अपगुरो णमुलि	अपगुरः ६/१ णमुलि ७/१
6.1.54	61054	2569	vidhi			चिस्फुरोर्णौ	चि-स्फुरोः ६/२ णौ ७/१
6.1.55	61055	2603	vidhi			प्रजने वीयतेः	प्रजने ७/१ वीयतेः ६/१
6.1.56	61056	2593	vidhi			बिभेतेर्हेतुभये	बिभेतेः ६/१ हेतुभये ७/१
6.1.57	61057	2596	vidhi			नित्यं स्मयतेः	नित्यम् १/१ स्मयतेः ६/१
6.1.58	61058	2405	vidhi			सृजिदृशोर्झल्यमकिति	सृजि-दृशोः ६/२ झलि ७/१ अम् १/१ अकिति ७/१
6.1.59	61059	2402	vidhi			अनुदात्तस्य चर्दुपधस्यान्यतरस्याम्	अनुदात्तस्य ६/१ च ०/० ऋत्-उपधस्य ६/१ अन्यतरस्याम् ७/१
6.1.60	61060	3514	vidhi			शीर्षंश्छन्दसि	शीर्षन् १/१ छन्दसि ७/१
6.1.61	61061	1667	vidhi			ये च तद्धिते	ये ७/१ च ०/० तद्धिते ७/१
6.1.62	61062	0	vidhi			अचि शीर्षः	अचि ६/१ शीर्षः १/१
6.1.63	61063	228	vidhi			पद्दन्नोमास्हृन्निशसन्यूषन्दोषन्यकञ्छकन्नुदन्नासञ्छस्प्रभृतिषु	पद्-दत्-नस्-मास्-हृत्-निश्-असन्-यूषन्-दोषन्-यकन्-शकन्-उदन्-आसन् शस्प्रभृतिषु ७/३
6.1.64	61064	2264	vidhi			धात्वादेः षः सः	धात्वादेः ६/१ षः ६/१ सः १/१
6.1.65	61065	2286	vidhi			णो नः	णः ६/१ नः १/१
6.1.66	61066	873	vidhi			लोपो व्योर्वलि	लोपः १/१ व्योः ६/२ वलि ७/१
6.1.67	61067	375	vidhi			वेरपृक्तस्य	वेः ६/१ अपृक्तस्य ६/१
6.1.68	61068	252	vidhi			हल्ङ्याब्भ्यो दीर्घात् सुतिस्यपृक्तं हल्	हल्-ङि-आब्भ्यः ५/३ दीर्घात् ५/१ सु-ति-सि १/१ अपृक्तम् १/१ हल् १/१
6.1.69	61069	193	vidhi			एङ्ह्रस्वात् सम्बुद्धेः	एङ्-ह्रस्वात् ५/१ सम्बुद्धेः ६/१
6.1.70	61070	3516	vidhi			शेश्छन्दसि बहुलम्	शेः ६/१ छन्दसि ७/१ बहुलम् १/१
6.1.71	61071	2858	vidhi			ह्रस्वस्य पिति कृति तुक्	ह्रस्वस्य ६/१ पिति ७/१ कृति ७/१ तुक् १/१
6.1.72	61072	145	adhikara		संहिताधिकारः (प्रथमः)	संहितायाम्	संहितायाम् ७/१
6.1.73	61073	146	vidhi			छे च	छे ७/१ च ०/०
6.1.74	61074	147	vidhi			आङ्माङोश्च	आङ्-माङोः ६/२ च ०/०
6.1.75	61075	148	vidhi			दीर्घात्	दीर्घात् ५/१
6.1.76	61076	149	vidhi			पदान्ताद्वा	पदान्तात् ५/१ वा ०/०
6.1.77	61077	47	vidhi			इको यणचि	इकः ६/१ यण् १/१ अचि ७/१
6.1.78	61078	61	vidhi			एचोऽयवायावः	एचः ६/१ अय्-अव्-आय्-आवः १/३
6.1.79	61079	63	vidhi			वान्तो यि प्रत्यये	वान्तः १/१ यि ७/१ प्रत्यये ७/१
6.1.80	61080	64	vidhi			धातोस्तन्निमित्तस्यैव	धातोः ६/१ तन्निमित्तस्य ६/१ एव ०/०
6.1.81	61081	65	vidhi			क्षय्यजय्यौ शक्यार्थे	क्षय्य-जय्यौ १/२ शक्यार्थे ७/१
6.1.82	61082	66	vidhi			क्रय्यस्तदर्थे	क्रय्यः १/१ तदर्थे ७/१
6.1.83	61083	3517	vidhi			भय्यप्रवय्ये च च्छन्दसि	भय्य-प्रवय्ये १/२ च ०/० छन्दसि ७/१
6.1.84	61084	68	adhikara		एकः पूर्वपरयोः इत्यधिकारः	एकः पूर्वपरयोः	एकः १/१ पूर्वपरयोः ६/२
6.1.85	61085	75	atidesha		एकादेशस्य अन्तादिवदतिदेशः	अन्तादिवच्च	अन्त-आदिवत् ०/० च ०/०
6.1.86	61086	3333	vidhi			षत्वतुकोरसिद्धः	षत्व-तुकोः ७/२ असिद्धः १/१
6.1.87	61087	69	vidhi			आद्गुणः	आत् ५/१ गुणः १/१
6.1.88	61088	72	vidhi			वृद्धिरेचि	वृद्धिः १/१ एचि ७/१
6.1.89	61089	73	vidhi			एत्येधत्यूठ्सु	एति-एधति-ऊठ्सु ७/३
6.1.90	61090	269	vidhi			आटश्च	आटः ५/१ च ०/०
6.1.91	61091	74	vidhi			उपसर्गादृति धातौ	उपसर्गात् ५/१ ऋति ७/१ धातौ ७/१
6.1.92	61092	77	vidhi			वा सुप्यापिशलेः	वा ०/० सुपि ७/१ आपिशलेः ६/१
6.1.93	61093	285	vidhi			औतोऽम्शसोः	आ ओतः ५/१ अम्-शसोः ७/१
6.1.94	61094	78	vidhi			एङि पररूपम्	एङि ७/१ पररूपम् १/१
6.1.95	61095	80	vidhi			ओमाङोश्च	ओम्-आङोः ७/२ च ०/०
6.1.96	61096	2214	vidhi			उस्यपदान्तात्	उसि ७/१ अपदान्तात् ५/१
6.1.97	61097	191	vidhi			अतो गुणे	अतः ५/१ गुणे ७/१
6.1.98	61098	81	vidhi			अव्यक्तानुकरणस्यात इतौ	अव्यक्तानुकरणस्य ६/१ अतः ५/१ इतौ ७/१
6.1.99	61099	82	vidhi			नाम्रेडितस्यान्त्यस्य तु वा	न ०/० आम्रेडितस्य ६/१ अन्त्यस्य ६/१ तु ०/० वा ०/०
6.1.100	61100	0	vidhi			नित्यमाम्रेडिते डाचि	नित्यम् ०/० आम्रेडिते ७/१ डाचि ६/१
6.1.101	61101	85	vidhi			अकः सवर्णे दीर्घः	अकः ५/१ सवर्णे ७/१ दीर्घः १/१
6.1.102	61102	164	vidhi			प्रथमयोः पूर्वसवर्णः	प्रथमयोः ६/२ पूर्वसवर्णः १/१
6.1.103	61103	196	vidhi			तस्माच्छसो नः पुंसि	तस्मात् ५/१ शसः ६/१ नः १/१ पुंसि ७/१
6.1.104	61104	165	vidhi			नादिचि	न ०/० आत् ५/१ इचि ७/१
6.1.105	61105	239	vidhi			दीर्घाज्जसि च	दीर्घात् ५/१ जसि ७/१ च ०/०
6.1.106	61106	3515	vidhi			वा छन्दसि	वा ०/० छन्दसि ७/१
6.1.107	61107	194	vidhi			अमि पूर्वः	अमि ७/१ पूर्वः १/१
6.1.108	61108	330	vidhi			सम्प्रसारणाच्च	सम्प्रसारणात् ५/१ च ०/०
6.1.109	61109	86	vidhi			एङः पदान्तादति	एङः ५/१ पदान्तात् ५/१ अति ७/१
6.1.110	61110	246	vidhi			ङसिङसोश्च	ङसि-ङसोः ७/२ च ०/०
6.1.111	61111	279	vidhi			ऋत उत्	ऋतः ५/१ उत् १/१
6.1.112	61112	255	vidhi			ख्यत्यात् परस्य	ख्य-त्यात् ५/१ परस्य ६/१
6.1.113	61113	163	vidhi			अतो रोरप्लुतादप्लुते	अतः ५/१ रोः ६/१ अप्लुतात् ५/१ अप्लुते ७/१
6.1.114	61114	166	vidhi			हशि च	हशि ७/१ च ०/०
6.1.115	61115	3518	vidhi			प्रकृत्याऽन्तःपादमव्यपरे	प्रकृत्या ३/१ अन्तःपादम् ०/० अव्यपरे ७/१
6.1.116	61116	3519	vidhi			अव्यादवद्यादवक्रमुरव्रतायमवन्त्ववस्युषु च	अव्यात्-अवद्यात्-अवक्रमुः-अव्रत-अयम्-अवन्तु-अवस्युषु ७/३ च ०/०
6.1.117	61117	3520	vidhi			यजुष्युरः	यजुषि ७/१ उरः १/१
6.1.118	61118	3521	vidhi			आपोजुषाणोवृष्णोवर्षिष्ठेऽम्बेऽम्बालेऽम्बिकेपूर्वे	आपो-जुषाणो-वृष्णो-वर्षिष्ठे-अम्बे-अम्बाले-अम्बिकेपूर्वे १/२
6.1.119	61119	3522	vidhi			अङ्ग इत्यादौ च	अङ्गे ७/१ इत्यादौ ७/१ च ०/०
6.1.120	61120	3523	vidhi			अनुदात्ते च कुधपरे	अनुदात्ते ७/१ च ०/० कुधपरे ७/१
6.1.121	61121	3524	vidhi			अवपथासि च	अवपथासि ७/१ च ०/०
6.1.122	61122	87	vidhi			सर्वत्र विभाषा गोः	सर्वत्र ०/० विभाषा १/१ गोः ६/१
6.1.123	61123	88	vidhi			अवङ् स्फोटायनस्य	अवङ् १/१ स्फोटायनस्य ६/१
6.1.124	61124	89	vidhi			इन्द्रे च	इन्द्रे ७/१ च ०/०
6.1.125	61125	90	vidhi			प्लुतप्रगृह्या अचि नित्यम्	प्लुत-प्रगृह्याः १/३ अचि ७/१ नित्यम् १/१
6.1.126	61126	3525	vidhi			आङोऽनुनासिकश्छन्दसि	आङः ६/१ अनुनासिकः १/१ छन्दसि ७/१
6.1.127	61127	91	vidhi			इकोऽसवर्णे शाकल्यस्य ह्रस्वश्च	इकः ६/१ असवर्णे ७/१ शाकल्यस्य ६/१ ह्रस्वः १/१ च ०/०
6.1.128	61128	92	vidhi			ऋत्यकः	ऋति ७/१ अकः ६/१
6.1.129	61129	98	atidesha		अप्लुतवदतिदेशः	अप्लुतवदुपस्थिते	अप्लुतवत् ०/० उपस्थिते ७/१
6.1.130	61130	99	vidhi			ई३ चाक्रवर्मणस्य	ई३ चाक्रवर्मणस्य ६/१
6.1.131	61131	337	vidhi			दिव उत्	दिवः ६/१ उत् १/१
6.1.132	61132	176	vidhi			एतत्तदोः सुलोपोऽकोरनञ्समासे हलि	एतत्-तदोः ६/२ सुलोपः १/१ अकोः ६/२ अ-नञ्समासे ७/१ हलि ७/१
6.1.133	61133	3526	vidhi			स्यश्छन्दसि बहुलम्	स्यः १/१ छन्दसि ७/१ बहुलम् १/१
6.1.134	61134	177	vidhi			सोऽचि लोपे चेत् पादपूरणम्	सः १/१ अचि ७/१ लोपे ७/१ चेत् ०/० पादपूरणम् १/१
6.1.135	61135	2553	adhikara		सूट्कात्पूर्व इत्यधिकारः	सुट् कात् पूर्वः	सुट् १/१ कात् ५/१ पूर्वः १/१
6.1.136	61136	0	vidhi			अडभ्यासव्यवायेऽपि	अडभ्यासव्यवाये ७/१ अपि ०/०
6.1.137	61137	2550	vidhi			सम्पर्युपेभ्यः करोतौ भूषणे	सम्-परि-उपेभ्यः ५/३ करोतौ ७/१ भूषणे ७/१
6.1.138	61138	2551	vidhi			समवाये च	समवाये ७/१ च ०/०
6.1.139	61139	2552	vidhi			उपात् प्रतियत्नवैकृतवाक्याध्याहारेषु	उपात् ५/१ प्रतियत्न-वैकृत-वाक्याध्याहारेषु ७/३
6.1.140	61140	2539	vidhi			किरतौ लवने	किरतौ ७/१ लवने ७/१
6.1.141	61141	2540	vidhi			हिंसायां प्रतेश्च	हिंसायाम् ७/१ प्रतेः ५/१ च ०/०
6.1.142	61142	2688	vidhi			अपाच्चतुष्पाच्छकुनिष्वालेखने	अपात् ५/१ चतुष्पात्-शकुनिषु ७/३ आलेखने ७/१
6.1.143	61143	1058	vidhi			कुस्तुम्बुरूणि जातिः	कुस्तुम्बुरूणि १/३ जातिः १/१
6.1.144	61144	1059	vidhi			अपरस्पराः क्रियासातत्ये	अपरस्पराः १/३ क्रियासातत्ये ७/१
6.1.145	61145	1060	vidhi			गोष्पदं सेवितासेवितप्रमाणेषु	गोष्पदम् १/१ सेवित-असेवित-प्रमाणेषु ७/३
6.1.146	61146	1061	vidhi			आस्पदं प्रतिष्ठायाम्	आस्पदम् १/१ प्रतिष्ठायाम् ७/१
6.1.147	61147	1062	vidhi			आश्चर्यमनित्ये	आश्चर्यम् १/१ अनित्ये ७/१
6.1.148	61148	1063	vidhi			वर्चस्केऽवस्करः	वर्चस्के ७/१ अवस्करः १/१
6.1.149	61149	1064	vidhi			अपस्करो रथाङ्गम्	अपस्करः १/१ रथाङ्गम् १/१
6.1.150	61150	1065	vidhi			विष्किरः शकुनौ वा	विष्किरः १/१ शकुनौ ७/१ वा ०/०
6.1.151	61151	3527	vidhi			ह्रस्वाच्चन्द्रोत्तरपदे मन्त्रे	ह्रस्वात् ५/१ चन्द्र-उत्तरपदे ७/१ मन्त्रे ७/१
6.1.152	61152	1066	vidhi			प्रतिष्कशश्च कशेः	प्रतिष्कशः १/१ च ०/० कशेः ६/१
6.1.153	61153	1067	vidhi			प्रस्कण्वहरिश्चन्द्रावृषी	प्रस्कण्व-हरिश्चन्द्रौ १/२ ऋषी १/२
6.1.154	61154	1068	vidhi			मस्करमस्करिणौ वेणुपरिव्राजकयोः	मस्कर-मस्करिणौ १/२ वेणु-परिव्राजकयोः ७/२
6.1.155	61155	1069	vidhi			कास्तीराजस्तुन्दे नगरे	कास्तीर-अजस्तुन्दे १/२ नगरे ७/१
6.1.156	61156	1070	vidhi			कारस्करो वृक्षः	कारस्करः १/१ वृक्षः १/१
6.1.157	61157	1071	vidhi			पारस्करप्रभृतीनि च संज्ञायाम्	पारस्करप्रभृतीनि १/३ च ०/० संज्ञायाम् ७/१
6.1.158	61158	3650	paribhasha		स्वरनिर्णयपरिभाषा	अनुदात्तं पदमेकवर्जम्	अनुदात्तम् १/१ पदम् १/१ एकवर्जम् १/१
6.1.159	61159	3680	vidhi			कर्षात्वतो घञोऽन्त उदात्तः	कर्ष-आत्वतः ६/१ घञः ६/१ अन्तः १/१ उदात्तः १/१
6.1.160	61160	3681	vidhi			उञ्छादीनां च	उञ्छादीनाम् ६/३ च ०/०
6.1.161	61161	3651	vidhi			अनुदात्तस्य च यत्रोदात्तलोपः	अनुदात्तस्य ६/१ च ०/० यत्र ०/० उदात्तलोपः १/१
6.1.162	61162	3671	vidhi			धातोः	धातोः ६/१
6.1.163	61163	3710	vidhi			चितः	चितः ६/१
6.1.164	61164	3711	vidhi			तद्धितस्य	तद्धितस्य ६/१
6.1.165	61165	3712	vidhi			कितः	कितः ६/१
6.1.166	61166	3713	vidhi			तिसृभ्यो जसः	तिसृभ्यः ६/३ जसः ६/१
6.1.167	61167	3682	vidhi			चतुरः शसि	चतुरः ६/१ शसि ७/१
6.1.168	61168	3714	vidhi			सावेकाचस्तृतीयादिर्विभक्तिः	सौ ७/१ एकाचः ५/१ तृतीयादिः १/१ विभक्तिः १/१
6.1.169	61169	3715	vidhi			अन्तोदात्तादुत्तरपदादन्यतरस्यामनित्यसमासे	अन्तोदात्तात् ५/१ उत्तरपदात् ५/१ अन्यतरस्याम् ७/१ अनित्यसमासे ७/१
6.1.170	61170	3716	vidhi			अञ्चेश्छन्दस्यसर्वनामस्थानम्	अञ्चेः ५/१ छन्दसि ७/१ असर्वनामस्थानम् १/१
6.1.171	61171	3717	vidhi			ऊडिदम्पदाद्यप्पुम्रैद्युभ्यः	ऊठ्-इदम्-पदादि-अप्-पुम्-रै-द्युभ्यः ५/३
6.1.172	61172	3718	vidhi			अष्टनो दीर्घात्	अष्टनः ५/१ दीर्घात् ५/१
6.1.173	61173	3719	vidhi			शतुरनुमो नद्यजादी	शतुः ५/१ अनुमः ५/१ नदी-अजादी १/२
6.1.174	61174	3720	vidhi			उदात्तयणो हल्पूर्वात्	उदात्तयणः ५/१ हल्-पूर्वात् ५/१
6.1.175	61175	3721	vidhi			नोङ्धात्वोः	नः ०/० ऊङ्-धात्वोः ६/२
6.1.176	61176	3722	vidhi			ह्रस्वनुड्भ्यां मतुप्	ह्रस्व-नुड्भ्याम् ५/२ मतुप् १/१
6.1.177	61177	3723	vidhi			नामन्यतरस्याम्	नाम् १/१ अन्यतरस्याम् ७/१
6.1.178	61178	3724	vidhi			ङ्याश्छन्दसि बहुलम्	ङ्याः ५/१ छन्दसि ७/१ बहुलम् १/१
6.1.179	61179	3725	vidhi			षट्त्रिचतुर्भ्यो हलादिः	षट्-त्रि-चतुर्भ्यः ५/३ हलादिः १/१
6.1.180	61180	3683	vidhi			झल्युपोत्तमम्	झलि ७/१ उपोत्तमम् ०/०
6.1.181	61181	3684	vidhi			विभाषा भाषायाम्	विभाषा १/१ भाषायाम् ७/१
6.1.182	61182	3726	vidhi			न गोश्वन्त्साववर्णराडङ्क्रुङ्कृद्भ्यः	न ०/० गो-श्वन्-साववर्णः-राडङ्-क्रुङ्-कृद्भ्यः ५/३
6.1.183	61183	3727	vidhi			दिवो झल्	दिवः ५/१ झल् १/१
6.1.184	61184	3728	vidhi			नृ चान्यतरस्याम्	नृ च ०/० अन्यतरस्याम् ७/१
6.1.185	61185	3729	vidhi			तित्स्वरितम्	तित् १/१ स्वरितम् १/१
6.1.186	61186	3730	vidhi			तास्यनुदात्तेन्ङिददुपदेशाल्लसार्वधातुकमनुदात्तमह्न्विङोः	तासि-अनुदात्तेत्-ङित्-अदुपदेशात् ५/१ ल-सार्वधातुकम् १/१ अनुदात्तम् १/१ अ-हन्व-इङोः ६/२
6.1.187	61187	3731	vidhi			आदिः सिचोऽन्यतरस्याम्	आदिः १/१ सिचः ६/१ अन्यतरस्याम् ७/१
6.1.188	61188	3672	vidhi			स्वपादिहिंसामच्यनिटि	स्वपादिः-हिंसाम् ६/३ अचि ७/१ अनिटि ७/१
6.1.189	61189	3673	vidhi			अभ्यस्तानामादिः	अभ्यस्तानाम् ६/३ आदिः १/१
6.1.190	61190	3674	vidhi			अनुदात्ते च	अनुदात्ते ७/१ च ०/०
6.1.191	61191	3685	vidhi			सर्वस्य सुपि	सर्वस्य ६/१ सुपि ७/१
6.1.192	61192	3675	vidhi			भीह्रीभृहुमदजनधनदरिद्राजागरां प्रत्ययात् पूर्वम् पिति	भी-ह्री-भृ-हु-मद-जन-धन-दरिद्रा-जागराम् ६/३ प्रत्ययात् ५/१ पूर्वम् १/१ पिति ७/१
6.1.193	61193	3676	vidhi			लिति	लिति ७/१
6.1.194	61194	3677	vidhi			आदिर्णमुल्यन्यतरस्याम्	आदिः १/१ णमुलि ७/१ अन्यतरस्याम् ७/१
6.1.195	61195	3678	vidhi			अचः कर्तृयकि	अचः ६/१ कर्तृयकि ७/१
6.1.196	61196	3732	vidhi			थलि च सेटीडन्तो वा	थलि ७/१ च ०/० सेटि ७/१ इट् १/१ अन्तः १/१ वा ०/०
6.1.197	61197	3686	vidhi			ञ्नित्यादिर्नित्यम्	ञ्निति ७/१ आदिः १/१ नित्यम् १/१
6.1.198	61198	3653	vidhi			आमन्त्रितस्य च	आमन्त्रितस्य ६/१ च ०/०
6.1.199	61199	3687	vidhi			पथिमथोः सर्वनामस्थाने	पथि-मथोः ६/२ सर्वनामस्थाने ७/१
6.1.200	61200	3688	vidhi			अन्तश्च तवै युगपत्	अन्तः १/१ च ०/० तवै युगपत् ०/०
6.1.201	61201	3689	vidhi			क्षयो निवासे	क्षयः १/१ निवासे ७/१
6.1.202	61202	3690	vidhi			जयः करणम्	जयः १/१ करणम् १/१
6.1.203	61203	3691	vidhi			वृषादीनां च	वृषादीनाम् ६/३ च ०/०
6.1.204	61204	3692	vidhi			संज्ञायामुपमानम्	संज्ञायाम् ७/१ उपमानम् १/१
6.1.205	61205	3693	vidhi			निष्ठा च द्व्यजनात्	निष्ठा १/१ च ०/० द्व्-यच् १/१ अनात् १/१
6.1.206	61206	3694	vidhi			शुष्कधृष्टौ	शुष्क-धृष्टौ १/२
6.1.207	61207	3695	vidhi			आशितः कर्ता	आशितः १/१ कर्ता १/१
6.1.208	61208	3696	vidhi			रिक्ते विभाषा	रिक्ते ७/१ विभाषा १/१
6.1.209	61209	3697	vidhi			जुष्टार्पिते च छन्दसि	जुष्ट-अर्पिते १/२ च ०/० छन्दसि ७/१
6.1.210	61210	3698	vidhi			नित्यं मन्त्रे	नित्यम् १/१ मन्त्रे ७/१
6.1.211	61211	3699	vidhi			युष्मदस्मदोर्ङसि	युष्मद्-अस्मदोः ६/२ ङसि ७/१
6.1.212	61212	3700	vidhi			ङयि च	ङयि ७/१ च ०/०
6.1.213	61213	3701	vidhi			यतोऽनावः	यतः ६/१ अनावः ५/१
6.1.214	61214	3702	vidhi			ईडवन्दवृशंसदुहां ण्यतः	ईड-वन्द-वृ-शंस-दुहाम् ६/३ ण्यतः ६/१
6.1.215	61215	3703	vidhi			विभाषा वेण्विन्धानयोः	विभाषा १/१ वेणु-इन्धानयोः ६/२
6.1.216	61216	3704	vidhi			त्यागरागहासकुहश्वठक्रथानाम्	त्याग-राग-हास-कुह-श्वठ-क्रथानाम् ६/३
6.1.217	61217	3733	vidhi			उपोत्तमं रिति	उपोत्तमम् ०/० रिति ७/१
6.1.218	61218	3679	vidhi			चङ्यन्यतरस्याम्	चङि ७/१ अन्यतरस्याम् ७/१
6.1.219	61219	3705	vidhi			मतोः पूर्वमात् संज्ञायां स्त्रियाम्	मतोः ५/१ पूर्वम् १/१ आत् १/१ संज्ञायाम् ७/१ स्त्रियाम् ७/१
6.1.220	61220	3706	vidhi			अन्तोऽवत्याः	अन्तः १/१ अवत्याः ६/१
6.1.221	61221	3707	vidhi			ईवत्याः	ईवत्याः ६/१
6.1.222	61222	3652	vidhi			चौ	चौ ७/१
6.1.223	61223	3734	vidhi			समासस्य	समासस्य ६/१
6.2.1	62001	3735	vidhi			बहुव्रीहौ प्रकृत्या पूर्वपदम्	बहुव्रीहौ ७/१ प्रकृत्या ३/१ पूर्वपदम् १/१
6.2.2	62002	3736	vidhi			तत्पुरुषे तुल्यार्थतृतीयासप्तम्युपमानाव्ययद्वितीयाकृत्याः	तत्पुरुषे ७/१ तुल्यार्थ-तृतीया-सप्तमी-उपमान-द्वितीया-कृत्याः १/३
6.2.3	62003	3737	vidhi			वर्णो वर्णेष्वनेते	वर्णः १/१ वर्णेषु ७/३ अनेते ७/१
6.2.4	62004	3738	vidhi			गाधलवणयोः प्रमाणे	गाध-लवणयोः ७/२ प्रमाणे ७/१
6.2.5	62005	3739	vidhi			दायाद्यं दायादे	दायाद्यम् १/१ दायादे ७/१
6.2.6	62006	3740	vidhi			प्रतिबन्धि चिरकृच्छ्रयोः	प्रतिबन्धि १/१ चिर-कृच्छ्रयोः ७/२
6.2.7	62007	3741	vidhi			पदेऽपदेशे	पदे ७/१ अपदेशे ७/१
6.2.8	62008	3742	vidhi			निवाते वातत्राणे	निवाते ७/१ वातत्राणे ७/१
6.2.9	62009	3743	vidhi			शारदेऽनार्तवे	शारदे ७/१ अनार्तवे ७/१
6.2.10	62010	3744	vidhi			अध्वर्युकषाययोर्जातौ	अध्वर्यु-कषाययोः ७/२ जातौ ७/१
6.2.11	62011	3745	vidhi			सदृशप्रतिरूपयोः सादृश्ये	सदृश-प्रतिरूपयोः ७/२ सादृश्ये ७/१
6.2.12	62012	3746	vidhi			द्विगौ प्रमाणे	द्विगौ ७/१ प्रमाणे ७/१
6.2.13	62013	3747	vidhi			गन्तव्यपण्यं वाणिजे	गन्तव्य-पण्यम् १/१ वाणिजे ७/१
6.2.14	62014	3748	vidhi			मात्रोपज्ञोपक्रमच्छाये नपुंसके	मात्रा-उपज्ञा-उपक्रम-छाये ७/१ नपुंसके ७/१
6.2.15	62015	3749	vidhi			सुखप्रिययोर्हिते	सुखप्रिययोः ७/२ हिते ७/१
6.2.16	62016	3750	vidhi			प्रीतौ च	प्रीतौ ७/१ च ०/०
6.2.17	62017	3751	vidhi			स्वं स्वामिनि	स्वम् १/१ स्वामिनि ७/१
6.2.18	62018	3752	vidhi			पत्यावैश्वर्ये	पत्यौ ७/१ ऐश्वर्ये ७/१
6.2.19	62019	3753	vidhi			न भूवाक्चिद्दिधिषु	न ०/० भू-वाक्-चित्-दिधिषु १/१
6.2.20	62020	3754	vidhi			वा भुवनम्	वा ०/० भुवनम् १/१
6.2.21	62021	3755	vidhi			आशङ्काबाधनेदीयस्सु संभावने	आशङ्क-आबाध-नेदियस्सु ७/३ संभावने ७/१
6.2.22	62022	3756	vidhi			पूर्वे भूतपूर्वे	पूर्वे ७/१ भूतपूर्वे ७/१
6.2.23	62023	3757	vidhi			सविधसनीडसमर्यादसवेशसदेशेषु सामीप्ये	सविध-सनीड-समर्याद-सवेश-सदेशेषु ७/३ सामीप्ये ७/१
6.2.24	62024	3758	vidhi			विस्पष्टादीनि गुणवचनेषु	विस्पष्टादीनि १/३ गुणवचनेषु ७/३
6.2.25	62025	3759	vidhi			श्रज्याऽवमकन्पापवत्सु भावे कर्मधारये	श्र-ज्य-अवम-कन्-पापवत्सु ७/३ भावे ७/१ कर्मधारये ७/१
6.2.26	62026	3760	vidhi			कुमारश्च	कुमारः १/१ च ०/०
6.2.27	62027	3761	vidhi			आदिः प्रत्येनसि	आदिः १/१ प्रत्येनसि ७/१
6.2.28	62028	3762	vidhi			पूगेष्वन्यतरस्याम्	पूगेषु ७/३ अन्यतरस्याम् ७/१
6.2.29	62029	3763	vidhi			इगन्तकालकपालभगालशरावेषु द्विगौ	इगन्त-काल-कपाल-भगाल-शरावेषु ७/३ द्विगौ ७/१
6.2.30	62030	3764	vidhi			बह्वन्यतरस्याम्	बहु १/१ अन्यतरस्याम् ७/१
6.2.31	62031	3765	vidhi			दिष्टिवितस्त्योश्च	दिष्टि-वितस्त्योः ७/२ च ०/०
6.2.32	62032	3766	vidhi			सप्तमी सिद्धशुष्कपक्वबन्धेष्वकालात्	सप्तमी ७/१ सिद्ध-शुष्क-पक्व-बन्धेषु ७/३ अकालात् ५/१
6.2.33	62033	3767	vidhi			परिप्रत्युपापा वर्ज्यमानाहोरात्रावयवेषु	परि-प्रति-उप-अपाः १/३ वर्ज्यमान-अहः-रात्रावयवेषु ७/३
6.2.34	62034	3768	vidhi			राजन्यबहुवचनद्वन्द्वेऽन्धकवृष्णिषु	राजन्य-बहुवचन-द्वन्द्वे ७/१ अन्धक-वृष्णिषु ७/३
6.2.35	62035	3769	vidhi			संख्या	संख्या १/१
6.2.36	62036	3770	vidhi			आचार्योपसर्जनश्चान्तेवासी	आचार्योपसर्जनः १/१ च ०/० अन्तेवासी १/१
6.2.37	62037	3771	vidhi			कार्तकौजपादयश्च	कार्तकौजपादयः १/३ च ०/०
6.2.38	62038	3772	vidhi			महान् व्रीह्यपराह्णगृष्टीष्वासजाबालभारभारतहैलिहिलरौरवप्रवृद्धेषु	महान् १/१ व्रीहि-अपराह्ण-गृष्टि-इष्वास-जाबाल-भार-भारत-हैलिहिल-रौरव-प्रवृद्धेषु ७/३
6.2.39	62039	3773	vidhi			क्षुल्लकश्च वैश्वदेवे	क्षुल्लकः १/१ च ०/० वैश्वदेवे ७/१
6.2.40	62040	3774	vidhi			उष्ट्रः सादिवाम्योः	उष्ट्रः १/१ सादिवाम्योः ७/२
6.2.41	62041	3775	vidhi			गौः सादसादिसारथिषु	गौः १/१ साद-सादिसारथिषु ७/३
6.2.42	62042	3776	vidhi			कुरुगार्हपतरिक्तगुर्वसूतजरत्यश्लीलदृढरूपापारेवडवातैतिलकद्रूःपण्यकम्बलो दासीभाराणां च	कुरुगार्हपत रिक्तगुरु असूतजरति १/१ यश्लीलदृढरूपा १/१ पारेवडवा १/१ तैतिलकद्रूः १/१ पण्यकम्बलः १/१ दासीभाराणाम् ६/३ च ०/०
6.2.43	62043	3777	vidhi			चतुर्थी तदर्थे	चतुर्थी १/१ तदर्थे ७/१
6.2.44	62044	3778	vidhi			अर्थे	अर्थे ७/१
6.2.45	62045	3779	vidhi			क्ते च	क्ते ७/१ च ०/०
6.2.46	62046	3780	vidhi			कर्मधारयेऽनिष्ठा	कर्मधारये ७/१ अनिष्ठा १/१
6.2.47	62047	3781	vidhi			अहीने द्वितीया	अहीने ७/१ द्वितीया १/१
6.2.48	62048	3782	vidhi			तृतीया कर्मणि	तृतीया १/१ कर्मणि ७/१
6.2.49	62049	3783	vidhi			गतिरनन्तरः	गतिः १/१ अनन्तरः १/१
6.2.50	62050	3784	vidhi			तादौ च निति कृत्यतौ	तादौ ७/१ च ०/० निति ७/१ कृति ७/१ अतौ ७/१
6.2.51	62051	3785	vidhi			तवै चान्तश्च युगपत्	तवै च ०/० अन्तः १/१ च ०/० युगपत् ०/०
6.2.52	62052	3786	vidhi			अनिगन्तोऽञ्चतौ वप्रत्यये	अनिगन्तः १/१ अञ्चतौ ७/१ वप्रत्यये ७/१
6.2.53	62053	3787	vidhi			न्यधी च	न्यधी १/२ च ०/०
6.2.54	62054	3788	vidhi			ईषदन्यतरस्याम्	ईषत् ०/० अन्यतरस्याम् ७/१
6.2.55	62055	3789	vidhi			हिरण्यपरिमाणं धने	हिरण्यपरिमाणम् १/१ धने ७/१
6.2.56	62056	3790	vidhi			प्रथमोऽचिरोपसम्पत्तौ	प्रथमः १/१ अचिर-उपसम्पत्तौ ७/१
6.2.57	62057	3791	vidhi			कतरकतमौ कर्मधारये	कतर-कतमौ १/२ कर्मधारये ७/१
6.2.58	62058	3792	vidhi			आर्यो ब्राह्मणकुमारयोः	आर्यः १/१ ब्राह्मण-कुमारयोः ७/२
6.2.59	62059	3793	vidhi			राजा च	राजा १/१ च ०/०
6.2.60	62060	3794	vidhi			षष्ठी प्रत्येनसि	षष्ठी १/१ प्रत्येनसि ७/१
6.2.61	62061	3795	vidhi			क्ते नित्यार्थे	क्ते ७/१ नित्यार्थे ७/१
6.2.62	62062	3796	vidhi			ग्रामः शिल्पिनि	ग्रामः १/१ शिल्पिनि ७/१
6.2.63	62063	3797	vidhi			राजा च प्रशंसायाम्	राजा १/१ च ०/० प्रशंसायाम् ७/१
6.2.64	62064	3798	adhikara		पूर्वपदाद्युदात्तस्वराधिकारः	आदिरुदात्तः	आदिः १/१ उदात्तः १/१
6.2.65	62065	3799	vidhi			सप्तमीहारिणौ धर्म्येऽहरणे	सप्तमी-हारिणौ १/२ धर्म्ये ७/१ अहरणे ७/१
6.2.66	62066	3800	vidhi			युक्ते च	युक्ते ७/१ च ०/०
6.2.67	62067	3801	vidhi			विभाषाऽध्यक्षे	विभाषा ७/१ अध्यक्षे ७/१
6.2.68	62068	3802	vidhi			पापं च शिल्पिनि	पापम् १/१ च ०/० शिल्पिनि ७/१
6.2.69	62069	3803	vidhi			गोत्रान्तेवासिमाणवब्राह्मणेषु क्षेपे	गोत्र-अन्तेवासि-माणव-ब्राह्मणेषु ७/३ क्षेपे ७/१
6.2.70	62070	3804	vidhi			अङ्गानि मैरेये	अङ्गानि १/३ मैरेये ७/१
6.2.71	62071	3805	vidhi			भक्ताख्यास्तदर्थेषु	भक्ताख्याः १/३ तदर्थेषु ७/३
6.2.72	62072	3806	vidhi			गोबिडालसिंहसैन्धवेषूपमाने	गो-बिडाल-सिंह-सैन्धवेषु ७/३ उपमाने ७/१
6.2.73	62073	3807	vidhi			अके जीविकाऽर्थे	अके ७/१ जीविका-अर्थे ७/१
6.2.74	62074	3808	vidhi			प्राचां क्रीडायाम्	प्राचाम् ६/३ क्रीडायाम् ७/१
6.2.75	62075	3809	vidhi			अणि नियुक्ते	अणि ७/१ नियुक्ते ७/१
6.2.76	62076	3810	vidhi			शिल्पिनि चाकृञः	शिल्पिनि ७/१ च ०/० अकृञः ५/१
6.2.77	62077	3811	vidhi			संज्ञायां च	संज्ञायाम् ७/१ च ०/०
6.2.78	62078	3812	vidhi			गोतन्तियवं पाले	गो-तन्ति-यवम् १/१ पाले ७/१
6.2.79	62079	3813	vidhi			णिनि	णिनि ७/१
6.2.80	62080	3814	vidhi			उपमानं शब्दार्थप्रकृतावेव	उपमानम् १/१ शब्दार्थ-प्रकृतौ ७/१ एव ०/०
6.2.81	62081	3815	vidhi			युक्तारोह्यादयश्च	युक्तारोह्यादयः १/३ च ०/०
6.2.82	62082	3816	vidhi			दीर्घकाशतुषभ्राष्ट्रवटं जे	दीर्घ-काश-तुष-भ्राष्ट्र-वटम् १/१ जे ७/१
6.2.83	62083	3817	vidhi			अन्त्यात् पूर्वं बह्वचः	अन्त्यात् ५/१ पूर्वम् १/१ बह्वचः ६/१
6.2.84	62084	3818	vidhi			ग्रामेऽनिवसन्तः	ग्रामे ७/१ अनिवसन्तः १/१
6.2.85	62085	3819	vidhi			घोषादिषु च	घोषादिषु ७/३ च ७/१
6.2.86	62086	3820	vidhi			छात्र्यादयः शालायाम्	छात्र्यादयः १/३ शालायाम् ७/१
6.2.87	62087	3821	vidhi			प्रस्थेऽवृद्धमकर्क्यादीनाम्	प्रस्थे ७/१ अवृद्धम् १/१ अ-कर्क्यादीनाम् ६/३
6.2.88	62088	3822	vidhi			मालादीनां च	माला-आदीनाम् ६/३ च ०/०
6.2.89	62089	3823	vidhi			अमहन्नवं नगरेऽनुदीचाम्	अ-महन्नवम् १/१ नगरे ७/१ अनुदीचाम् ६/३
6.2.90	62090	3824	vidhi			अर्मे चावर्णं द्व्यच्त्र्यच्	अर्मे ७/१ च ०/० अवर्णम् १/१ द्व्यच् १/१ त्र्यच् १/१
6.2.91	62091	3825	vidhi			न भूताधिकसंजीवमद्राश्मकज्जलम्	भूत-अधिक-सञ्जीव-मद्र-अश्मन्-कज्जलम् १/१
6.2.92	62092	3826	adhikara		पूर्वपदान्तोदात्तस्वाधिकारः	अन्तः	अन्तः १/१
6.2.93	62093	3827	vidhi			सर्वं गुणकार्त्स्न्ये	सर्वम् १/१ गुणकार्त्स्न्ये ७/१
6.2.94	62094	3828	vidhi			संज्ञायां गिरिनिकाययोः	संज्ञायाम् ७/१ गिरि-निकाययोः ७/२
6.2.95	62095	3829	vidhi			कुमार्यां वयसि	कुमार्याम् ७/१ वयसि ७/१
6.2.96	62096	3830	vidhi			उदकेऽकेवले	उदके ७/१ अकेवले ७/१
6.2.97	62097	3831	vidhi			द्विगौ क्रतौ	द्विगौ ७/१ क्रतौ ७/१
6.2.98	62098	3832	vidhi			सभायां नपुंसके	सभायाम् ७/१ नपुंसके ७/१
6.2.99	62099	3833	vidhi			पुरे प्राचाम्	पुरे ७/१ प्राचाम् ६/३
6.2.100	62100	3834	vidhi			अरिष्टगौडपूर्वे च	अरिष्ट-गौडपूर्वे ७/१ च ०/०
6.2.101	62101	3835	vidhi			न हास्तिनफलकमार्देयाः	न ०/० हास्तिन-फलक-मार्देयाः १/३
6.2.102	62102	3836	vidhi			कुसूलकूपकुम्भशालं बिले	कुसूल-कूप-कुम्भ-शालम् १/१ बिले ७/१
6.2.103	62103	3837	vidhi			दिक्शब्दा ग्रामजनपदाख्यानचानराटेषु	दिक्शब्दाः १/३ ग्राम-जन-पद-आख्यान-चानराटेषु ७/३
6.2.104	62104	3838	vidhi			आचार्योपसर्जनश्चान्तेवासिनि	आचार्योपसर्जनः १/१ च ०/० अन्तेवासिनि ७/१
6.2.105	62105	3839	vidhi			उत्तरपदवृद्धौ सर्वं च	उत्तरपदवृद्धौ ७/१ सर्वम् १/१ च ०/०
6.2.106	62106	3840	vidhi			बहुव्रीहौ विश्वं संज्ञायाम्	बहुव्रीहौ ७/१ विश्वम् १/१ संज्ञायाम् ७/१
6.2.107	62107	3841	vidhi			उदराश्वेषुषु	उदर-अश्व-इषुषु ७/३
6.2.108	62108	3842	vidhi			क्षेपे	क्षेपे ७/१
6.2.109	62109	3843	vidhi			नदी बन्धुनि	नदी १/१ बन्धुनि ७/१
6.2.110	62110	3844	vidhi			निष्ठोपसर्गपूर्वमन्यतरस्याम्	निष्ठा १/१ उपसर्गपूर्वम् १/१ अन्यतरस्याम् ७/१
6.2.111	62111	3845	adhikara		उत्तरपदाद्युदात्तस्वराधिकारः	उत्तरपदादिः	उत्तरपदादिः १/१
6.2.112	62112	3846	vidhi			कर्णो वर्णलक्षणात्	कर्णः १/१ वर्णलक्षणात् ५/१
6.2.113	62113	3847	vidhi			संज्ञौपम्ययोश्च	संज्ञा-औपम्ययोः ७/२ च ०/०
6.2.114	62114	3848	vidhi			कण्ठपृष्ठग्रीवाजंघं च	कण्ठ-पृष्ठ-ग्रीवा-जंघम् १/१ च ०/०
6.2.115	62115	3849	vidhi			शृङ्गमवस्थायां च	शृङ्गम् १/१ अवस्थायाम् ७/१ च ०/०
6.2.116	62116	3850	vidhi			नञो जरमरमित्रमृताः	नञः ५/१ जर-मर-मित्र-मृताः १/३
6.2.117	62117	3851	vidhi			सोर्मनसी अलोमोषसी	सोः ५/१ मनसी १/२ अ-लोमोषसी १/२
6.2.118	62118	3852	vidhi			क्रत्वादयश्च	क्रत्वादयः १/३ च ०/०
6.2.119	62119	3853	vidhi			आद्युदात्तं द्व्यच् छन्दसि	आद्युदात्तम् १/१ द्व्यच् १/१ छन्दसि ७/१
6.2.120	62120	3854	vidhi			वीरवीर्यौ च	वीर-वीर्यौ १/२ च ०/०
6.2.121	62121	3855	vidhi			कूलतीरतूलमूलशालाऽक्षसममव्ययीभावे	कूल-तीर-तूल-मूल-शाला-अक्ष-समम् १/१ अव्ययीभावे ७/१
6.2.122	62122	3856	vidhi			कंसमन्थशूर्पपाय्यकाण्डं द्विगौ	कंस-मन्थ-शूर्प-पाय्य-काण्डम् १/१ द्विगौ ७/१
6.2.123	62123	3857	vidhi			तत्पुरुषे शालायां नपुंसके	तत्पुरुषे ७/१ शालायाम् ७/१ नपुंसके ७/१
6.2.124	62124	3858	vidhi			कन्था च	कन्था १/१ च ०/०
6.2.125	62125	3859	vidhi			आदिश्चिहणादीनाम्	आदिः १/१ चिहणादीनाम् ६/३
6.2.126	62126	3860	vidhi			चेलखेटकटुककाण्डं गर्हायाम्	चेल-खेट-कटुक-काण्डम् १/१ गर्हायाम् ७/१
6.2.127	62127	3861	vidhi			चीरमुपमानम्	चीरम् १/१ उपमानम् १/१
6.2.128	62128	3862	vidhi			पललसूपशाकं मिश्रे	पलल-सूप-शाकम् १/१ मिश्रे ७/१
6.2.129	62129	3863	vidhi			कूलसूदस्थलकर्षाः संज्ञायाम्	कूल-सूद-स्थल-कर्षाः १/३ संज्ञायाम् ७/१
6.2.130	62130	3864	vidhi			अकर्मधारये राज्यम्	अकर्मधारये ७/१ राज्यम् १/१
6.2.131	62131	3865	vidhi			वर्ग्यादयश्च	वर्ग्यादयः १/३ च ०/०
6.2.132	62132	3866	vidhi			पुत्रः पुंभ्यः	पुत्रः १/१ पुम्भ्यः ५/३
6.2.133	62133	3867	vidhi			नाचार्यराजर्त्विक्संयुक्तज्ञात्याख्येभ्यः	न ०/० आचार्य-राज-ऋत्विक्-संयुक्त-ज्ञाति-आख्येभ्यः ५/३
6.2.134	62134	3868	vidhi			चूर्णादीन्यप्राणिषष्ठ्याः	चूर्णादीनि १/३ अ-प्राणि-षष्ठ्याः ५/१
6.2.135	62135	3869	vidhi			षट् च काण्डादीनि	षट् १/३ च ०/० काण्डादीनि १/३
6.2.136	62136	3870	vidhi			कुण्डं वनम्	कुण्डम् १/१ वनम् १/१
6.2.137	62137	3871	vidhi			प्रकृत्या भगालम्	प्रकृत्या ३/१ भगालम् १/१
6.2.138	62138	3872	vidhi			शितेर्नित्याबह्वज्बहुव्रीहावभसत्	शितेः ५/१ नित्य-अबह्वव्च् १/१ बहुव्रीहौ ७/१ अभसत् १/१
6.2.139	62139	3873	vidhi			गतिकारकोपपदात् कृत्	गतिकारक-उपपदात् ५/१ कृत् १/१
6.2.140	62140	3874	vidhi			उभे वनस्पत्यादिषु युगपत्	उभे १/२ वनस्पत्यादिषु ७/३ युगपत् १/१
6.2.141	62141	3875	vidhi			देवताद्वन्द्वे च	देवताद्वन्द्वे ७/१ च ०/०
6.2.142	62142	3876	vidhi			नोत्तरपदेऽनुदात्तादावपृथिवीरुद्रपूषमन्थिषु	न ०/० उत्तरपदे ७/१ अनुदात्तादौ ७/१ अ-पृथिवी-रुद्र-पूषमन्थिषु ७/३
6.2.143	62143	3877	adhikara		उत्तरपदान्तोदात्तस्वरप्रकरणम्	अन्तः	अन्तः १/१
6.2.144	62144	3878	vidhi			थाथघञ्क्ताजबित्रकाणाम्	थ-अथ-घञ्-क्त-अचपित्र-काणाम् ६/३
6.2.145	62145	3879	vidhi			सूपमानात् क्तः	सूपमानात् ५/१ क्तः १/१
6.2.146	62146	3880	vidhi			संज्ञायामनाचितादीनाम्	संज्ञायाम् ७/१ अनाचितादीनाम् ६/३
6.2.147	62147	3881	vidhi			प्रवृद्धादीनां च	प्रवृद्धादीनाम् ६/३ च ०/०
6.2.148	62148	3882	vidhi			कारकाद्दत्तश्रुतयोरेवाशिषि	कारकात् ५/१ दत्त-श्रुतयोः ६/२ एव ०/० आशिषि ७/१
6.2.149	62149	3883	vidhi			इत्थम्भूतेन कृतमिति च	इत्थम्भूतेन ३/१ कृतम् १/१ इति ०/० च ०/०
6.2.150	62150	3884	vidhi			अनो भावकर्मवचनः	अनः १/१ भावकर्मवचनः १/१
6.2.151	62151	3885	vidhi			मन्क्तिन्व्याख्यानशयनासनस्थानयाजकादिक्रीताः	मन्-क्तिन्-व्याख्यान-शयन-आसन-स्थान-याजकादि-क्रीताः १/३
6.2.152	62152	3886	vidhi			सप्तम्याः पुण्यम्	सप्तम्याः ५/१ पुण्यम् १/१
6.2.153	62153	3887	vidhi			ऊनार्थकलहं तृतीयायाः	ऊनार्थकलहम् १/१ तृतीयायाः ५/१
6.2.154	62154	3888	vidhi			मिश्रं चानुपसर्गमसंधौ	मिश्रम् १/१ च ०/० अनुपसर्गम् १/१ असन्धौ ७/१
6.2.155	62155	3889	vidhi			नञो गुणप्रतिषेधे सम्पाद्यर्हहितालमर्थास्तद्धिताः	नञः ५/१ गुणप्रतिषेधे ७/१ सम्पादि-अर्ह-हित-अलम्-अर्थाः १/३ तद्धिताः १/३
6.2.156	62156	3890	vidhi			ययतोश्चातदर्थे	ययतोः ६/२ च ०/० अतदर्थे ७/१
6.2.157	62157	3891	vidhi			अच्कावशक्तौ	अच्कौ १/२ अशक्तौ ७/१
6.2.158	62158	3892	vidhi			आक्रोशे च	आक्रोशे ७/१ च ०/०
6.2.159	62159	3893	vidhi			संज्ञायाम्	संज्ञायाम् ७/१
6.2.160	62160	3894	vidhi			कृत्योकेष्णुच्चार्वादयश्च	कृत्य-उक-इष्णुच्-चार्वादयः १/३ च ०/०
6.2.161	62161	3895	vidhi			विभाषा तृन्नन्नतीक्ष्णशुचिषु	विभाषा १/१ तृन्-अन्न-तीक्ष्ण-शुचिषु ७/३
6.2.162	62162	3896	vidhi			बहुव्रीहाविदमेतत्तद्भ्यः प्रथमपूरणयोः क्रियागणने	बहुव्रीहौ ७/१ इदम्-एतत्-तद्भ्यः ५/३ प्रथमपूरणयोः ६/२ क्रियागणने ७/१
6.2.163	62163	3897	vidhi			संख्यायाः स्तनः	संख्यायाः ६/१ स्तनः १/१
6.2.164	62164	3898	vidhi			विभाषा छन्दसि	विभाषा १/१ छन्दसि ७/१
6.2.165	62165	3899	vidhi			संज्ञायां मित्राजिनयोः	संज्ञायाम् ७/१ मित्र-अजिनयोः ६/२
6.2.166	62166	3900	vidhi			व्यवायिनोऽन्तरम्	व्यवायिनः ५/१ अन्तरम् १/१
6.2.167	62167	3901	vidhi			मुखं स्वाङ्गम्	मुखम् १/१ स्वाङ्गम् १/१
6.2.168	62168	3902	vidhi			नाव्ययदिक्शब्दगोमहत्स्थूलमुष्टिपृथुवत्सेभ्यः	न ०/० अव्यय-दिक्शब्द-गो-महत्-स्थूल-मुष्टि-पृथु-वत्सेभ्यः ५/३
6.2.169	62169	3903	vidhi			निष्ठोपमानादन्यतरस्याम्	निष्ठोपमानात् ५/१ अन्यतरस्याम् ७/१
6.2.170	62170	3904	vidhi			जातिकालसुखादिभ्योऽनाच्छादनात् क्तोऽकृतमितप्रतिपन्नाः	जाति-काल-सुखादिभ्यः ५/३ अनाच्छादनात् ५/१ क्तः १/१ अ-कृतमितप्रतिपन्नाः १/३
6.2.171	62171	3905	vidhi			वा जाते	वा ०/० जाते ७/१
6.2.172	62172	3906	vidhi			नञ्सुभ्याम्	नञ्सुभ्याम् ५/२
6.2.173	62173	3907	vidhi			कपि पूर्वम्	कपि ७/१ पूर्वम् १/१
6.2.174	62174	3908	vidhi			ह्रस्वान्तेऽन्त्यात् पूर्वम्	ह्रस्वान्ते ७/१ अन्त्यात् ५/१ पूर्वम् १/१
6.2.175	62175	3909	vidhi			बहोर्नञ्वदुत्तरपदभूम्नि	बहोः ५/१ नञ्वत् ०/० उत्तरपदभूम्नि ७/१
6.2.176	62176	3910	vidhi			न गुणादयोऽवयवाः	न ०/० गुणादयः १/३ अवयवाः १/३
6.2.177	62177	3911	vidhi			उपसर्गात् स्वाङ्गं ध्रुवमपर्शु	उपसर्गात् ५/१ स्वाङ्गम् १/१ ध्रुवम् १/१ अपर्शु १/१
6.2.178	62178	3912	vidhi			वनं समासे	वनम् १/१ समासे ७/१
6.2.179	62179	3913	vidhi			अन्तः	अन्तः ०/०
6.2.180	62180	3914	vidhi			अन्तश्च	अन्तः १/१ च ०/०
6.2.181	62181	3915	vidhi			न निविभ्याम्	न ०/० निविभ्याम् ५/२
6.2.182	62182	3916	vidhi			परेरभितोभाविमण्डलम्	परेः ५/१ अभितोभावि १/१ मण्डलम् १/१
6.2.183	62183	3917	vidhi			प्रादस्वाङ्गं संज्ञायाम्	प्रात् ५/१ अस्वाङ्गम् १/१ संज्ञायाम् ७/१
6.2.184	62184	3918	vidhi			निरुदकादीनि च	निरुदकादीनि १/३ च ०/०
6.2.185	62185	3919	vidhi			अभेर्मुखम्	अभेः ५/१ मुखम् १/१
6.2.186	62186	3920	vidhi			अपाच्च	अपात् ५/१ च ०/०
6.2.187	62187	3921	vidhi			स्फिगपूतवीणाऽञ्जोऽध्वकुक्षिसीरनामनाम च	स्फिग-पूत-वीणा-अञ्जस्-अध्वन्-कुक्षि-सीरनाम-नाम १/१ च ०/०
6.2.188	62188	3922	vidhi			अधेरुपरिस्थम्	अधेः ५/१ उपरिस्थम् १/१
6.2.189	62189	3923	vidhi			अनोरप्रधानकनीयसी	अनोः ५/१ अप्रधान-कनीयसी १/२
6.2.190	62190	3924	vidhi			पुरुषश्चान्वादिष्टः	पुरुषः १/१ च ०/० अन्वादिष्टः १/१
6.2.191	62191	3925	vidhi			अतेरकृत्पदे	अतेः ५/१ अकृत्पदे १/२
6.2.192	62192	3926	vidhi			नेरनिधाने	नेः ५/१ अनिधाने ७/१
6.2.193	62193	3927	vidhi			प्रतेरंश्वादयस्तत्पुरुषे	प्रतेः ५/१ अंश्वादयः १/३ तत्पुरुषे ७/१
6.2.194	62194	3928	vidhi			उपाद् द्व्यजजिनमगौरादयः	उपात् ५/१ द्व्यजजिनम् १/१ अगौरादयः १/३
6.2.195	62195	3929	vidhi			सोरवक्षेपणे	सोः ५/१ अवक्षेपणे ७/१
6.2.196	62196	3930	vidhi			विभाषोत्पुच्छे	विभाषा १/१ उत्पुच्छे ७/१
6.2.197	62197	3931	vidhi			द्वित्रिभ्यां पाद्दन्मूर्धसु बहुव्रीहौ	द्वित्रिभ्याम् ५/२ पाद्-दत्-मूर्धसु ७/३ बहुव्रीहौ ७/१
6.2.198	62198	3932	vidhi			सक्थं चाक्रान्तात्	सक्थम् १/१ च ०/० अक्रान्तात् ५/१
6.2.199	62199	3933	vidhi			परादिश्छन्दसि बहुलम्	परादिः १/१ छन्दसि ७/१ बहुलम् १/१
6.3.1	63001	958	adhikara		 उत्तरपदाधिकारः	अलुगुत्तरपदे	अलुक् १/१ उत्तरपदे ७/१
6.3.2	63002	959	vidhi			पञ्चम्याः स्तोकादिभ्यः	पञ्चम्याः ६/१ स्तोकादिभ्यः ५/३
6.3.3	63003	960	vidhi			ओजःसहोऽम्भस्तमसः तृतीयायाः	ओजस्-सहस्-अम्भस्-तमसः ५/१ तृतीयायाः ६/१
6.3.4	63004	961	vidhi			मनसः संज्ञायाम्	मनसः ५/१ संज्ञायाम् ७/१
6.3.5	63005	962	vidhi			आज्ञायिनि च	आज्ञायिनि ७/१ च ०/०
6.3.6	63006	963	vidhi			आत्मनश्च पूरणे	आत्मनः ५/१ च ०/० पूरणे ७/१
6.3.7	63007	964	vidhi			वैयाकरणाख्यायां चतुर्थ्याः	वैयाकरणाख्यायाम् ७/१ चतुर्थ्याः ६/१
6.3.8	63008	965	vidhi			परस्य च	परस्य ६/१ च ०/०
6.3.9	63009	966	vidhi			हलदन्तात् सप्तम्याः संज्ञायाम्	हलदन्तात् ५/१ सप्तम्याः ६/१ संज्ञायाम् ७/१
6.3.10	63010	968	vidhi			कारनाम्नि च प्राचां हलादौ	कारनाम्नि ७/१ च ०/० प्राचाम् ६/३ हलादौ ७/१
6.3.11	63011	969	vidhi			मध्याद्गुरौ	मध्यात् ५/१ गुरौ ७/१
6.3.12	63012	970	vidhi			अमूर्धमस्तकात् स्वाङ्गादकामे	अमूर्धमस्तकात् ५/१ स्वाङ्गात् ५/१ अकामे ७/१
6.3.13	63013	971	vidhi			बन्धे च विभाषा	बन्धे ७/१ च ०/० विभाषा १/१
6.3.14	63014	972	vidhi			तत्पुरुषे कृति बहुलम्	तत्पुरुषे ७/१ कृति ७/१ बहुलम् १/१
6.3.15	63015	973	vidhi			प्रावृट्शरत्कालदिवां जे	प्रावृट्-शरत्-काल-दिवाम् ६/३ जे ७/१
6.3.16	63016	974	vidhi			विभाषा वर्षक्षरशरवरात्	विभाषा १/१ वर्ष-क्षर-शर-वरात् ५/१
6.3.17	63017	975	vidhi			घकालतनेषु कालनाम्नः	घ-काल-तनेषु ७/३ कालनाम्नः ५/१
6.3.18	63018	976	vidhi			शयवासवासिष्वकालात्	शय-वास-वासिषु ७/३ अकालात् ५/१
6.3.19	63019	977	vidhi			नेन्सिद्धबध्नातिषु	न ०/० इन्-सिद्धबध्नातिषु ७/३
6.3.20	63020	978	vidhi			स्थे च भाषायाम्	स्थे ७/१ च ०/० भाषायाम् ७/१
6.3.21	63021	979	vidhi			षष्ठ्या आक्रोशे	षष्ठ्या ६/१ आक्रोशे ७/१
6.3.22	63022	980	vidhi			पुत्रेऽन्यतरस्याम्	पुत्रे ७/१ अन्यतरस्याम् ७/१
6.3.23	63023	981	vidhi			ऋतो विद्यायोनिसम्बन्धेभ्यः	ऋतः ५/१ विद्या-योनि-सम्बन्धेभ्यः ५/३
6.3.24	63024	982	vidhi			विभाषा स्वसृपत्योः	विभाषा १/१ स्वसृ-पत्योः ७/२
6.3.25	63025	921	vidhi			आनङ् ऋतो द्वन्द्वे	आनङ् १/१ ऋतः ६/१ द्वन्द्वे ७/१
6.3.26	63026	922	vidhi			देवताद्वन्द्वे च	देवताद्वन्द्वे ७/१ च ०/०
6.3.27	63027	923	vidhi			ईदग्नेः सोमवरुणयोः	ईत् १/१ अग्नेः ६/१ सोम-वरुणयोः ७/२
6.3.28	63028	925	vidhi			इद्वृद्धौ	इत् १/१ वृद्धौ ७/१
6.3.29	63029	926	vidhi			दिवो द्यावा	दिवः ६/१ द्यावा १/१
6.3.30	63030	927	vidhi			दिवसश्च पृथिव्याम्	दिवसः १/१ च ०/० पृथिव्याम् ७/१
6.3.31	63031	928	vidhi			उषासोषसः	उषासा १/१ उषसः ६/१
6.3.32	63032	929	vidhi			मातरपितरावुदीचाम्	मातरपितरौ १/२ उदीचाम् ६/३
6.3.33	63033	3528	vidhi			पितरामातरा च च्छन्दसि	पितरामातरा १/२ च ०/० छन्दसि ७/१
6.3.34	63034	831	atidesha		उत्तरपदाधिकारे पुंवद्भावातिदेशः	स्त्रियाः पुंवद्भाषितपुंस्कादनूङ् समानाधिकरणे स्त्रियामपूरणीप्रियाऽऽदिषु	स्त्रियाः ६/१ पुंवत् ०/० भाषितपुँस्काद् ५/१ अनूङ् समानाधिकरणे ७/१ स्त्रियाम् ७/१ अपूरणीप्रियाऽऽदिषु ७/३
6.3.35	63035	836	atidesha		उत्तरपदाधिकारे पुंवद्भावातिदेशः	तसिलादिष्वाकृत्वसुचः	तसिलादिषु ७/३ आ ०/० कृत्वसुचः ५/१
6.3.36	63036	837	atidesha		उत्तरपदाधिकारे पुंवद्भावातिदेशः	क्यङ्मानिनोश्च	क्यङ्-मानिनोः ७/२ च ०/०
6.3.37	63037	838	atidesha		उत्तरपदाधिकारे पुंवद्भावातिदेशः	न कोपधायाः	न ०/० कोपधायाः ६/१
6.3.38	63038	839	atidesha		उत्तरपदाधिकारे पुंवद्भावातिदेशः	संज्ञापूरण्योश्च	संज्ञा-पूरण्योः ६/२ च ०/०
6.3.39	63039	840	atidesha		उत्तरपदाधिकारे पुंवद्भावातिदेशः	वृद्धिनिमित्तस्य च तद्धितस्यारक्तविकारे	वृद्धिनिमित्तस्य ६/१ च ०/० तद्धितस्य ६/१ अ-रक्तविकारे ७/१
6.3.40	63040	841	atidesha		उत्तरपदाधिकारे पुंवद्भावातिदेशः	स्वाङ्गाच्चेतोऽमानिनि	स्वाङ्गात् ५/१ च ०/० ईतः ६/१ अमानिनि ६/१
6.3.41	63041	842	atidesha		उत्तरपदाधिकारे पुंवद्भावातिदेशः	जातेश्च	जातेः ६/१ च ०/०
6.3.42	63042	746	atidesha		उत्तरपदाधिकारे पुंवद्भावातिदेशः	पुंवत् कर्मधारयजातीयदेशीयेषु	पुंवत् ०/० कर्मधारय-जातीय-देशीयेषु ७/३
6.3.43	63043	985	vidhi			घरूपकल्पचेलड्ब्रुवगोत्रमतहतेषु ङ्योऽनेकाचो ह्रस्वः	घ-रूप-कल्प-चेलट्-ब्रूव-गोत्र-मत-हतेषु ७/३ ङ्यः ६/१ अनेकाचः ६/१ ह्रस्वः १/१
6.3.44	63044	986	vidhi			नद्याः शेषस्यान्यतरस्याम्	नद्याः ६/१ शेषस्य ६/१ अन्यतरस्याम् ७/१
6.3.45	63045	987	vidhi			उगितश्च	उगितः ५/१ च ०/०
6.3.46	63046	807	vidhi			आन्महतः समानाधिकरणजातीययोः	आत् १/१ महतः ६/१ समानाधिकरण-जातीययोः ७/२
6.3.47	63047	808	vidhi			द्व्यष्टनः संख्यायामबहुव्रीह्यशीत्योः	द्वि-अष्टनः ६/१ संख्यायाम् ७/१ अबहुव्रीहि-अशीत्योः ७/२
6.3.48	63048	809	vidhi			त्रेस्त्रयः	त्रेः ६/१ त्रयः १/१
6.3.49	63049	810	vidhi			विभाषा चत्वारिंशत्प्रभृतौ सर्वेषाम्	विभाषा १/१ चत्वारिंशत्-प्रभृतौ ७/१ सर्वेषाम् ६/३
6.3.50	63050	988	vidhi			हृदयस्य हृल्लेखयदण्लासेषु	हृदयस्य ६/१ हृत् १/१ लेख-यत्-अण्-लासेषु ७/३
6.3.51	63051	989	vidhi			वा शोकष्यञ्रोगेषु	वा ०/० शोक-ष्यञ्-रोगेषु ७/३
6.3.52	63052	990	vidhi			पादस्य पदाज्यातिगोपहतेषु	पादस्य ६/१ पद आजि-आति-ग-उपहतेषु ७/३
6.3.53	63053	991	vidhi			पद् यत्यतदर्थे	पद् १/१ यति ७/१ अतदर्थे ७/१
6.3.54	63054	992	vidhi			हिमकाषिहतिषु च	हिम-काषि-हतिषु ७/३ च ०/०
6.3.55	63055	993	vidhi			ऋचः शे	ऋचः ६/१ शे ७/१
6.3.56	63056	994	vidhi			वा घोषमिश्रशब्देषु	वा ०/० घोष-मिश्र-शब्देषु ७/३
6.3.57	63057	995	vidhi			उदकस्योदः संज्ञायाम्	उदकस्य ६/१ उदः १/१ संज्ञायाम् ७/१
6.3.58	63058	996	vidhi			पेषंवासवाहनधिषु च	पेषम्-वास-वाहन-धिषु ७/३ च ०/०
6.3.59	63059	997	vidhi			एकहलादौ पूरयितव्येऽन्यतरस्याम्	एकहलादौ ७/१ पूरयितव्ये ७/१ अन्यतरस्याम् ७/१
6.3.60	63060	998	vidhi			मन्थौदनसक्तुबिन्दुवज्रभारहारवीवधगाहेषु च	मन्थ-ओदन-सक्तु-बिन्दु-वज्र-भार-हार-वीवध-गाहेषु ७/३ च ०/०
6.3.61	63061	999	vidhi			इको ह्रस्वोऽङ्यो गालवस्य	इकः ६/१ ह्रस्वः १/१ अङ्यः ६/१ गालवस्य ६/१
6.3.62	63062	1000	vidhi			एक तद्धिते च	एक तद्धिते ७/१ च ०/०
6.3.63	63063	1001	vidhi			ङ्यापोः संज्ञाछन्दसोर्बहुलम्	ङि-आपोः ६/२ संज्ञा-छन्दसोः ७/२ बहुलम् १/१
6.3.64	63064	1002	vidhi			त्वे च	त्वे ७/१ च ०/०
6.3.65	63065	1006	vidhi			इष्टकेषीकामालानां चिततूलभारिषु	इष्टका-इषिका-मालानाम् ६/३ चिततूलभारिषु ७/३
6.3.66	63066	2943	vidhi			खित्यनव्ययस्य	खिति ७/१ अनव्ययस्य ६/१
6.3.67	63067	2942	vidhi			अरुर्द्विषदजन्तस्य मुम्	अरुस्-द्विषस्-अजन्तस्य ६/१ मुम् १/१
6.3.68	63068	2994	atidesha		अम्प्रत्ययवदतिदेशः	इच एकाचोऽम्प्रत्ययवच्च	इचः ६/१ एकाचः ६/१ अम् १/१ प्रत्ययवत् ०/० च ०/०
6.3.69	63069	2957	vidhi			वाचंयमपुरंदरौ च	वाचंयम-पुरंदरौ १/२ च ०/०
6.3.70	63070	1007	vidhi			कारे सत्यागदस्य	कारे ७/१ सत्य-अगदस्य ६/१
6.3.71	63071	1268	vidhi			श्येनतिलस्य पाते ञे	श्येनतिलस्य ६/१ पाते ७/१ ञे ७/१
6.3.72	63072	1008	vidhi			रात्रेः कृति विभाषा	रात्रेः ६/१ कृति ७/१ विभाषा १/१
6.3.73	63073	757	vidhi			नलोपो नञः	न लोपः १/१ नञः ६/१
6.3.74	63074	758	vidhi			तस्मान्नुडचि	तस्मात् ५/१ नुट् १/१ अचि ७/१
6.3.75	63075	759	vidhi			नभ्राण्नपान्नवेदानासत्यानमुचिनकुलनखनपुंसकनक्षत्रनक्रनाकेषु प्रकृत्या	नभ्राट्-नपात्-नवेदाः-नासत्याः-नमुचि-नकुल-नख-नपुंसक-नक्षत्र-नक्र-नाकेषु ७/३ प्रकृत्या ३/१
6.3.76	63076	811	vidhi			एकादिश्चैकस्य चादुक्	एकादिः १/१ च ०/० एकस्य ६/१ च ०/० आदुक् १/१
6.3.77	63077	760	vidhi			नगोऽप्राणिष्वन्यतरस्याम्	नगः १/१ अप्राणिषु ७/३ अन्यतरस्याम् ७/१
6.3.78	63078	1009	vidhi			सहस्य सः संज्ञायाम्	सहस्य ६/१ सः १/१ संज्ञायाम् ७/१
6.3.79	63079	1010	vidhi			ग्रन्थान्ताधिके च	ग्रन्थान्ताधिके ७/१ च ०/०
6.3.80	63080	1011	vidhi			द्वितीये चानुपाख्ये	द्वितीये ७/१ च ०/० अनुपाख्ये ७/१
6.3.81	63081	660	vidhi			अव्ययीभावे चाकाले	अव्ययीभावे ७/१ च ०/० अकाले ७/१
6.3.82	63082	849	vidhi			वोपसर्जनस्य	वा ०/० उपसर्जनस्य ६/१
6.3.83	63083	850	vidhi			प्रकृत्याऽऽशिष्यगोवत्सहलेषु	प्रकृत्या ३/१ आशिषि ७/१ अ-गो-वत्स-हलेषु ७/३
6.3.84	63084	1012	vidhi			समानस्य छन्दस्यमूर्धप्रभृत्युदर्केषु	समानस्य ६/१ छन्दसि ७/१ अमूर्ध-प्रभृति-उत्-अर्केषु ७/३
6.3.85	63085	1013	vidhi			ज्योतिर्जनपदरात्रिनाभिनामगोत्ररूपस्थानवर्णवयोवचनबन्धुषु	ज्योतिः-जनपद-रात्रि-नाभि-नाम-गोत्र-रूप-स्थान-वर्ण-वयस्-वचन-बन्धुषु ७/३
6.3.86	63086	1014	vidhi			चरणे ब्रह्मचारिणि	चरणे ७/१ ब्रह्मचारिणि ७/१
6.3.87	63087	1015	vidhi			तीर्थे ये	तीर्थे ७/१ ये ७/१
6.3.88	63088	1016	vidhi			विभाषोदरे	विभाषा १/१ उदरे ७/१
6.3.89	63089	1017	vidhi			दृग्दृशवतुषु	दृक्-दृश-वतुषु ७/३
6.3.90	63090	1018	vidhi			इदङ्किमोरीश्की	इदम्-किमोः ६/२ ईश्-की
6.3.91	63091	430	vidhi			आ सर्वनाम्नः	आ सर्वनाम्नः ६/१
6.3.92	63092	418	vidhi			विष्वग्देवयोश्च टेरद्र्यञ्चतावप्रत्यये	विष्वक्-देवयोः ६/२ च ०/० टेः ६/१ अद्रि अञ्चतौ ७/१ अप्रत्यये ७/१
6.3.93	63093	421	vidhi			समः समि	समः ६/१ समि
6.3.94	63094	423	vidhi			तिरसस्तिर्यलोपे	तिरसः ६/१ तिरि अलोपे ७/१
6.3.95	63095	422	vidhi			सहस्य सध्रिः	सहस्य ६/१ सध्रिः १/१
6.3.96	63096	3529	vidhi			सध मादस्थयोश्छन्दसि	सध माद-स्थयोः ७/२ छन्दसि ७/१
6.3.97	63097	941	vidhi			द्व्यन्तरुपसर्गेभ्योऽप ईत्	द्वि-अन्तर्-उपसर्गेभ्यः ५/३ अपः ६/१ ईत् १/१
6.3.98	63098	942	vidhi			ऊदनोर्देशे	ऊत् १/१ अनोः ५/१ देशे ७/१
6.3.99	63099	1025	vidhi			अषष्ठ्यतृतीयास्थस्यान्यस्य दुगाशीराशाऽऽस्थाऽऽस्थितोत्सुकोतिकारकरागच्छेषु	अषष्ठी-अतृतीयास्थस्य ६/१ अन्यस्य ६/१ दुक् १/१ आशीर्-आशा-आस्था-आस्थित-उत्सुक-उति-कारक-राग-च्छेषु ७/३
6.3.100	63100	1026	vidhi			अर्थे विभाषा	अर्थे ७/१ विभाषा १/१
6.3.101	63101	1027	vidhi			कोः कत् तत्पुरुषेऽचि	कोः ६/१ कत् १/१ तत्पुरुषे ७/१ अचि ७/१
6.3.102	63102	1028	vidhi			रथवदयोश्च	रथ-वदयोः ७/२ च ०/०
6.3.103	63103	1029	vidhi			तृणे च जातौ	तृणे ७/१ च ०/० जातौ ७/१
6.3.104	63104	1030	vidhi			का पथ्यक्षयोः	का पथि-अक्षयोः ७/२
6.3.105	63105	1031	vidhi			ईषदर्थे	ईषत्-अर्थे ७/१
6.3.106	63106	1032	vidhi			विभाषा पुरुषे	विभाषा १/१ पुरुषे ७/१
6.3.107	63107	1033	vidhi			कवं चोष्णे	कवम् १/१ च ०/० उष्णे ७/१
6.3.108	63108	3530	vidhi			पथि च च्छन्दसि	पथि ७/१ च ०/० छन्दसि ७/१
6.3.109	63109	1034	vidhi			पृषोदरादीनि यथोपदिष्टम्	पृषोदरादीनि १/३ यथोपदिष्टम् ०/०
6.3.110	63110	238	vidhi			संख्याविसायपूर्वस्याह्नस्याहन्नन्यतरस्यां ङौ	संख्या-वि-साय-पूर्वस्य ६/१ अह्नस्य ६/१ अहन् १/१ अन्यतरस्याम् ७/१ ङौ ७/१
6.3.111	63111	174	vidhi			ढ्रलोपे पूर्वस्य दीर्घोऽणः	ढ्रलोपे ७/१ पूर्वस्य ६/१ दीर्घः १/१ अणः ६/१
6.3.112	63112	2357	vidhi			सहिवहोरोदवर्णस्य	सहि-वहोः ६/२ ओत् १/१ अवर्णस्य ६/१
6.3.113	63113	3531	vidhi			साढ्यै साढ्वा साढेति निगमे	साढ्यै ०/० साढ्वा ०/० साढा १/१ इति ०/० निगमे ७/१
6.3.114	63114	1035	adhikara		संहिताधिकारः (द्वितीयः)	संहितायाम्	संहितायाम् ७/१
6.3.115	63115	1036	vidhi			कर्णे लक्षणस्याविष्टाष्टपञ्चमणिभिन्नछिन्नछिद्रस्रुवस्वस्तिकस्य	कर्णे ७/१ लक्षणस्य ६/१ अ-विष्ट-अष्ट-पञ्च-मणि-भिन्न-छिन्न-छिद्र-स्रुव-स्वस्तिकस्य ६/१
6.3.116	63116	1037	vidhi			नहिवृतिवृषिव्यधिरुचिसहितनिषु क्वौ	नहि-वृति-वृषि-व्यधि-रुचि-सहि-तनिषु ७/३ क्वौ ७/१
6.3.117	63117	1038	vidhi			वनगिर्योः संज्ञायां कोटरकिंशुलकादीनाम्	वन-गिर्योः ७/२ संज्ञायाम् ७/१ कोटर-किंशुलकादीनाम् ६/३
6.3.118	63118	1040	vidhi			वले	वले ७/१
6.3.119	63119	1041	vidhi			मतौ बह्वचोऽनजिरादीनाम्	मतौ ७/१ बह्वचः ६/१ अ-नजिरादीनाम् ६/३
6.3.120	63120	1042	vidhi			शरादीनां च	शरादीनाम् ६/३ च ०/०
6.3.121	63121	1043	vidhi			इकः वहेऽपीलोः	इकः ६/१ वहे ७/१ अपीलोः ६/१
6.3.122	63122	1044	vidhi			उपसर्गस्य घञ्यमनुष्ये बहुलम्	उपसर्गस्य ६/१ घञि ७/१ अमनुष्ये ७/१ बहुलम् १/१
6.3.123	63123	1045	vidhi			इकः काशे	इकः ६/१ काशे ७/१
6.3.124	63124	3079	vidhi			दस्ति	दः ६/१ ति ७/१
6.3.125	63125	1046	vidhi			अष्टनः संज्ञायाम्	अष्टनः ६/१ संज्ञायाम् ७/१
6.3.126	63126	3532	vidhi			छन्दसि च	छन्दसि ७/१ च ०/०
6.3.127	63127	1047	vidhi			चितेः कपि	चितेः ६/१ कपि ७/१
6.3.128	63128	379	vidhi			विश्वस्य वसुराटोः	विश्वस्य ६/१ वसु-राटोः ७/२
6.3.129	63129	1048	vidhi			नरे संज्ञायाम्	नरे ७/१ संज्ञायाम् ७/१
6.3.130	63130	1049	vidhi			मित्रे चर्षौ	मित्रे ७/१ च ०/० ऋषौ ७/१
6.3.131	63131	3533	vidhi			मन्त्रे सोमाश्वेन्द्रियविश्वदेव्यस्य मतौ	मन्त्रे ७/१ सोम-अश्व-इन्द्रिय-विश्वदेव्यस्य ६/१ मतौ ७/१
6.3.132	63132	3534	vidhi			ओषधेश्च विभक्तावप्रथमायाम्	ओषधेः ६/१ च ०/० विभक्तौ ७/१ अप्रथमायाम् ७/१
6.3.133	63133	3535	vidhi			ऋचि तुनुघमक्षुतङ्कुत्रोरुष्याणाम्	ऋचि ७/१ तु-नु-घ-मक्षु-तङ्-कु-त्र-उरुष्याणाम् ६/३
6.3.134	63134	3536	vidhi			इकः सुञि	इकः ६/१ सुञि ७/१
6.3.135	63135	3537	vidhi			द्व्यचोऽतस्तिङः	द्व्यचः ६/१ अतः ६/१ तिङः ६/१
6.3.136	63136	3538	vidhi			निपातस्य च	निपातस्य ६/१ च ०/०
6.3.137	63137	3539	vidhi			अन्येषामपि दृश्यते	अन्येषाम् ६/३ अपि ०/० दृश्यते
6.3.138	63138	417	vidhi			चौ	चौ ७/१
6.3.139	63139	1004	vidhi			सम्प्रसारणस्य	सम्प्रसारणस्य ६/१
6.4.1	64001	200	adhikara		अङ्गाधिकारः	अङ्गस्य	अङ्गस्य ६/१
6.4.2	64002	2559	vidhi			हलः	हलः ५/१
6.4.3	64003	209	vidhi			नामि	नामि ७/१
6.4.4	64004	300	vidhi			न तिसृचतसृ	न ०/० तिसृ-चतसृ
6.4.5	64005	3540	vidhi			छन्दस्युभयथा	छन्दसि ७/१ उभयथा ०/०
6.4.6	64006	283	vidhi			नृ च	नृ च ०/०
6.4.7	64007	370	vidhi			नोपधायाः	न उपधायाः ६/१
6.4.8	64008	250	vidhi			सर्वनामस्थाने चासम्बुद्धौ	सर्वनामस्थाने ७/१ च ०/० असम्बुद्धौ ७/१
6.4.9	64009	3541	vidhi			वा षपूर्वस्य निगमे	वा ०/० षपूर्वस्य ६/१ निगमे ७/१
6.4.10	64010	317	vidhi			सान्तमहतः संयोगस्य	सान्त महतः ६/१ संयोगस्य ६/१
6.4.11	64011	277	vidhi			अप्तृन्तृच्स्वसृनप्तृनेष्टृत्वष्टृक्षत्तृहोतृपोतृप्रशास्तॄणाम्	अप्-तृन्-तृच्-स्वसृ-नप्तृ-नेष्टृ-त्वष्टृ-क्षत्तृ-होतृ-पोतृ-प्रशास्तॄणाम् ६/३
6.4.12	64012	356	vidhi			इन्हन्पूषार्यम्णां शौ	इन्-हन्-पूष-अर्यम्णाम् ६/३ शौ ७/१
6.4.13	64013	357	vidhi			सौ च	सौ ७/१ च ०/०
6.4.14	64014	425	vidhi			अत्वसन्तस्य चाधातोः	अतु-अस्-अन्तस्य ६/१ च ०/० अधातोः ६/१
6.4.15	64015	2666	vidhi			अनुनासिकस्य क्विझलोः क्ङिति	अनुनासिकस्य ६/१ क्वि-झलोः ७/२ क्ङिति ७/१
6.4.16	64016	2614	vidhi			अज्झनगमां सनि	अच्-हनगमाम् ६/३ सनि ७/१
6.4.17	64017	2622	vidhi			तनोतेर्विभाषा	तनोतेः ६/१ विभाषा १/१
6.4.18	64018	3329	vidhi			क्रमश्च क्त्वि	क्रमः ६/१ च ०/० क्त्वि ७/१
6.4.19	64019	2561	vidhi			च्छ्वोः शूडनुनासिके च	च्छ्-वोः ६/२ श-ऊठ् १/१ अनुनासिके ७/१ च ०/०
6.4.20	64020	2654	vidhi			ज्वरत्वरस्रिव्यविमवामुपधायाश्च	ज्वर-त्वर-स्रिवि-अवि-मवाम् ६/३ उपधायाः ६/१ च ०/०
6.4.21	64021	2655	vidhi			राल्लोपः	रात् ५/१ लोपः १/१
6.4.22	64022	2183	adhikara		असिद्धवदधिकारः	असिद्धवदत्राभात्	असिद्धवत् ०/० अत्र ०/० आ ०/० भात् ५/१
6.4.23	64023	2544	vidhi			श्नान्नलोपः	श्नात् ५/१ नलोपः १/१
6.4.24	64024	415	vidhi			अनिदितां हल उपधायाः क्ङिति	अनिदिताम् ६/३ हलः ६/१ उपधायाः ६/१ क्ङिति ७/१
6.4.25	64025	2396	vidhi			दंशसञ्जस्वञ्जां शपि	दन्श-सञ्ज-स्वञ्जाम् ६/३ शपि ७/१
6.4.26	64026	2397	vidhi			रञ्जेश्च	रञ्जेः ६/१ च ०/०
6.4.27	64027	3187	vidhi			घञि च भावकरणयोः	घञि ७/१ च ०/० भावकरणयोः ७/२
6.4.28	64028	3188	vidhi			स्यदो जवे	स्यदः १/१ जवे ७/१
6.4.29	64029	3189	vidhi			अवोदैधौद्मप्रश्रथहिमश्रथाः	अवोद-एध-ओद्म-प्रश्रथ-हिमश्रथाः १/३
6.4.30	64030	424	vidhi			नाञ्चेः पूजायाम्	न ०/० अञ्चेः ६/१ पूजायाम् ७/१
6.4.31	64031	3321	vidhi			क्त्वि स्कन्दिस्यन्दोः	क्त्वि ७/१ स्कन्दि-स्यन्दोः ६/२
6.4.32	64032	3330	vidhi			जान्तनशां विभाषा	जान्त-नशाम् ६/३ विभाषा १/१
6.4.33	64033	2764	vidhi			भञ्जेश्च चिणि	भञ्जेः ६/१ च ०/० चिणि ७/१
6.4.34	64034	2486	vidhi			शास इदङ्हलोः	शासः ६/१ इत् १/१ अङ्-हलोः ७/२
6.4.35	64035	2487	vidhi			शा हौ	शा १/१ हौ ७/१
6.4.36	64036	2431	vidhi			हन्तेर्जः	हन्तेः ६/१ जः १/१
6.4.37	64037	2428	vidhi			अनुदात्तोपदेशवनतितनोत्यादीनामनुनासिक लोपो झलि क्ङिति	अनुदात्तोपदेश-वनति-तनोति-आदीनाम् ६/३ अनुनासिक लोपः १/१ झलि ७/१ क्ङिति ७/१
6.4.38	64038	3334	vidhi			वा ल्यपि	वा ०/० ल्यपि ७/१
6.4.39	64039	3314	vidhi			न क्तिचि दीर्घश्च	न ०/० क्तिचि ७/१ दीर्घः १/१ च ०/०
6.4.40	64040	2986	vidhi			गमः क्वौ	गमः ६/१ क्वौ ७/१
6.4.41	64041	2982	vidhi			विड्वनोरनुनासिकस्यात्	विट्-वनोः ७/२ अनुनासिकस्य ६/१ आत् ५/१
6.4.42	64042	2504	vidhi			जनसनखनां सञ्झलोः	जन-सन-खनाम् ६/३ सन्-झलोः ७/२
6.4.43	64043	2319	vidhi			ये विभाषा	ये ७/१ विभाषा १/१
6.4.44	64044	2759	vidhi			तनोतेर्यकि	तनोतेः ६/१ यकि ७/१
6.4.45	64045	3315	vidhi			सनः क्तिचि लोपश्चास्यान्यतरस्याम्	सनः ६/१ क्तिचि ७/१ लोपः १/१ च ०/० अस्य ६/१ अन्यतरस्याम् ७/१
6.4.46	64046	2307	adhikara		आर्धधातुके इत्यधिकारः (द्वितीयः)	आर्धधातुके	आर्धधातुके ७/१
6.4.47	64047	2535	vidhi			भ्रस्जो रोपधयोः रमन्यतरस्याम्	भ्रस्जः ६/१ र-उपधयोः ६/२ रम् १/१ अन्यतरस्याम् ७/१
6.4.48	64048	2308	vidhi			अतो लोपः	अतः ६/१ लोपः १/१
6.4.49	64049	2631	vidhi			यस्य हलः	यस्य ६/१ हलः ५/१
6.4.50	64050	2660	vidhi			क्यस्य विभाषा	क्यस्य ६/१ विभाषा १/१
6.4.51	64051	2313	vidhi			णेरनिटि	णेः ६/१ अनिटि ७/१
6.4.52	64052	3057	vidhi			निष्ठायां सेटि	निष्ठायाम् ७/१ सेटि ७/१
6.4.53	64053	3542	vidhi			जनिता मन्त्रे	जनिता १/१ मन्त्रे ७/१
6.4.54	64054	3543	vidhi			शमिता यज्ञे	शमिता १/१ यज्ञे ७/१
6.4.55	64055	2311	vidhi			अयामन्ताल्वाय्येत्न्विष्णुषु	अय् १/१ आम्-अन्त-आलु-आय्य-इत्नु-इष्णुषु ७/३
6.4.56	64056	3336	vidhi			ल्यपि लघुपूर्वात्	ल्यपि ७/१ लघुपूर्वात् ५/१
6.4.57	64057	3337	vidhi			विभाषापः	विभाषा १/१ आपः ५/१
6.4.58	64058	3544	vidhi			युप्लुवोर्दीर्घश्छन्दसि	यु-प्लुवोः ६/२ दीर्घः १/१ छन्दसि ७/१
6.4.59	64059	3338	vidhi			क्षियः	क्षियः ६/१
6.4.60	64060	3014	vidhi			निष्ठायामण्यदर्थे	निष्ठायाम् ७/१ अ-ण्यत्-अर्थे ७/१
6.4.61	64061	3081	vidhi			वाक्रोशदैन्ययोः	वा ०/० आक्रोश-दैन्ययोः ७/२
6.4.62	64062	2757	atidesha		चिण्वत्कार्यातिदेशः	स्यसिच्सीयुट्तासिषु भावकर्मणोरुपदेशेऽज्झनग्रहदृशां वा चिण्वदिट् च	स्य-सिच्-सीयुट्-तासिषु ७/३ भावकर्म्मणोः ७/२ उपदेशे ७/१ अच्-हन-ग्रह-दृशाम् ६/३ वा ०/० चिण्वत् ०/० इट् १/१ च ०/०
6.4.63	64063	2507	vidhi			दीङो युडचि क्ङिति	दीङः ५/१ युट् १/१ अचि ७/१ क्ङिति १/१
6.4.64	64064	2372	vidhi			आतो लोप इटि च	आतः ६/१ लोपः १/१ इटि ७/१ च ०/०
6.4.65	64065	2843	vidhi			ईद्यति	ईत् १/१ यति ७/१
6.4.66	64066	2462	vidhi			घुमास्थागापाजहातिसां हलि	घु-मा-स्था-गा-पा-जहाति-साम् ६/३ हलि ७/१
6.4.67	64067	2374	vidhi			एर्लिङि	एः १/१ लिङि ७/१
6.4.68	64068	2378	vidhi			वाऽन्यस्य संयोगादेः	वा ०/० अन्यस्य ६/१ संयोगादेः ६/१
6.4.69	64069	3335	vidhi			न ल्यपि	न ०/० ल्यपि ७/१
6.4.70	64070	3318	vidhi			मयतेरिदन्यतरस्याम्	मयतेः ६/१ इत् १/१ अन्यतरस्याम् ७/१
6.4.71	64071	2206	vidhi			लुङ्लङ्लृङ्क्ष्वडुदात्तः	लुङ्-लङ्-लृङ्क्षु ७/३ अट् १/१ उदात्तः १/१
6.4.72	64072	2254	vidhi			आडजादीनाम्	आट् १/१ अजादीनाम् ६/३
6.4.73	64073	3545	vidhi			छन्दस्यपि दृश्यते	छन्दसि ७/१ अपि ०/० दृश्यते
6.4.74	64074	2228	vidhi			न माङ्योगे	न ०/० माङ्योगे ७/१
6.4.75	64075	3546	vidhi			बहुलं छन्दस्यमाङ्योगेऽपि	बहुलम् १/१ छन्दसि ७/१ अमाङ्योगे ७/१ अपि ०/०
6.4.76	64076	3547	vidhi			इरयो रे	इरयोः ६/२ रे
6.4.77	64077	271	vidhi			अचि श्नुधातुभ्रुवां य्वोरियङुवङौ	अचि ७/१ श्नु-धातु-भ्रुवाम् ६/३ य्वोः ६/२ इयङ्-उवङौ १/२
6.4.78	64078	2290	vidhi			अभ्यासस्यासवर्णे	अभ्यासस्य ६/१ असवर्णे ७/१
6.4.79	64079	301	vidhi			स्त्रियाः	स्त्रियाः ६/१
6.4.80	64080	302	vidhi			वाऽम्शसोः	वा ०/० अम्-शसोः ७/२
6.4.81	64081	2455	vidhi			इणो यण्	इणः ६/१ यण् १/१
6.4.82	64082	272	vidhi			एरनेकाचोऽसंयोगपूर्वस्य	एः ६/१ अनेकाचः ६/१ असंयोगपूर्वस्य ६/१
6.4.83	64083	281	vidhi			ओः सुपि	ओः ६/१ सुपि ७/१
6.4.84	64084	282	vidhi			वर्षाभ्वश्च	वर्षाभ्वः ६/१ च ०/०
6.4.85	64085	273	vidhi			न भूसुधियोः	न ०/० भू-सुधियोः ६/२
6.4.86	64086	3548	vidhi			छन्दस्युभयथा	छन्दसि ७/१ उभयथा ०/०
6.4.87	64087	2387	vidhi			हुश्नुवोः सार्वधातुके	हु-श्नुवोः ६/२ सार्वधातुके ७/१
6.4.88	64088	2174	vidhi			भुवो वुग्लुङ्लिटोः	भुवः ६/१ वुक् १/१ लुङ्-लिटोः ७/२
6.4.89	64089	2364	vidhi			ऊदुपधाया गोहः	ऊत् १/१ उपधायाः ६/१ गोहः ६/१
6.4.90	64090	2604	vidhi			दोषो णौ	दोषः ६/१ णौ ७/१
6.4.91	64091	2605	vidhi			वा चित्तविरागे	वा ०/० चित्तविरागे ७/१
6.4.92	64092	2568	vidhi			मितां ह्रस्वः	मिताम् ६/३ ह्रस्वः १/१
6.4.93	64093	2762	vidhi			चिण्णमुलोर्दीर्घोऽन्यतरस्याम्	चित्-णमुलोः ७/२ दीर्घः १/१ अन्यतरस्याम् ७/१
6.4.94	64094	2955	vidhi			खचि ह्रस्वः	खचि ७/१ ह्रस्वः १/१
6.4.95	64095	3073	vidhi			ह्लादो निष्ठायाम्	ह्लादः ६/१ निष्ठायाम् ७/१
6.4.96	64096	3297	vidhi			छादेर्घेऽद्व्युपसर्गस्य	छादेः ६/१ घे ७/१ अ-द्व्युपसर्गस्य ६/१
6.4.97	64097	2985	vidhi			इस्मन्त्रन्क्विषु च	इस्-मन्-त्रन्-क्विषु ७/३ च ०/०
6.4.98	64098	2363	vidhi			गमहनजनखनघसां लोपः क्ङित्यनङि	गम-हन-जन-खन-घसाम् ६/३ लोपः १/१ क्ङिति ७/१ अनङि ७/१
6.4.99	64099	3549	vidhi			तनिपत्योश्छन्दसि	तनि-पत्योः ६/२ छन्दसि ७/१
6.4.100	64100	3550	vidhi			घसिभसोर्हलि च	घसि-भसोः ६/२ हलि ७/१ च ०/०
6.4.101	64101	2425	vidhi			हुझल्भ्यो हेर्धिः	हु-झल्भ्यः ५/३ हेः ६/१ धिः १/१
6.4.102	64102	3551	vidhi			श्रुशृणुपॄकृवृभ्यश्छन्दसि	श्रु-शृणु-पॄ-कृ-वृभ्यः ५/३ छन्दसि ७/१
6.4.103	64103	3553	vidhi			अङितश्च	अ-ङितः ६/१ च ०/०
6.4.104	64104	2329	vidhi			चिणो लुक्	चिणः ५/१ लुक् १/१
6.4.105	64105	2202	vidhi			अतो हेः	अतः ५/१ हेः ६/१
6.4.106	64106	2334	vidhi			उतश्च प्रत्ययादसंयोगपूर्वात्	उतः ५/१ च ०/० प्रत्ययात् ५/१ असंयोगपूर्वात् ५/१
6.4.107	64107	2333	vidhi			लोपश्चास्यान्यतरस्यां म्वोः	लोपः १/१ च ०/० अस्य ६/१ अन्यतरस्याम् ७/१ म्-वोः ७/२
6.4.108	64108	2548	vidhi			नित्यं करोतेः	नित्यम् १/१ करोतेः ५/१
6.4.109	64109	2549	vidhi			ये च	ये ७/१ च ०/०
6.4.110	64110	2467	vidhi			अत उत् सार्वधातुके	अतः ६/१ उत् १/१ सार्वधातुके ७/१
6.4.111	64111	2469	vidhi			श्नसोरल्लोपः	श्ना-असोः ६/२ अल्लोपः १/१
6.4.112	64112	2483	vidhi			श्नाऽभ्यस्तयोरातः	श्ना-अभ्यस्तयोः ६/२ आतः ६/१
6.4.113	64113	2497	vidhi			ई हल्यघोः	ई हलि ७/१ अघोः ६/१
6.4.114	64114	2482	vidhi			इद्दरिद्रस्य	इत् १/१ दरिद्रस्य ६/१
6.4.115	64115	2492	vidhi			भियोऽन्यतरस्याम्	भियः ६/१ अन्यतरस्याम् ७/१
6.4.116	64116	2498	vidhi			जहातेश्च	जहातेः ६/१ च ०/०
6.4.117	64117	2499	vidhi			आ च हौ	आ च ०/० हौ ७/१
6.4.118	64118	2500	vidhi			लोपो यि	लोपः १/१ यि ७/१
6.4.119	64119	2471	vidhi			घ्वसोरेद्धावभ्यासलोपश्च	घु-असोः ६/२ एत् १/१ हौ ७/१ अभ्यासलोपः १/१ च ०/०
6.4.120	64120	2260	vidhi			अत एकहल्मध्येऽनादेशादेर्लिटि	अतः ६/१ एकहल्मध्ये ७/१ अनादेशादेः ६/१ लिटि ७/१
6.4.121	64121	2261	vidhi			थलि च सेटि	थलि ७/१ च ०/० सेटि ७/१
6.4.122	64122	2301	vidhi			तॄफलभजत्रपश्च	तॄ-फल-भज-त्रपः ६/१ च ०/०
6.4.123	64123	2532	vidhi			राधो हिंसायाम्	राधः ६/१ हिंसायाम् ७/१
6.4.124	64124	2356	vidhi			वा जॄभ्रमुत्रसाम्	वा ०/० जॄ-भ्रमु-त्रसाम् ६/३
6.4.125	64125	2354	vidhi			फणां च सप्तानाम्	फणाम् ६/३ च ०/० सप्तानाम् ६/३
6.4.126	64126	2263	vidhi			न शसददवादिगुणानाम्	न ०/० श-सदद-वादि-गुणानाम् ६/३
6.4.127	64127	364	vidhi			अर्वणस्त्रसावनञः	अर्वणः ६/१ तृ असौ ७/१ अनञः ५/१
6.4.128	64128	360	vidhi			मघवा बहुलम्	मघवा १/१ बहुलम् १/१
6.4.129	64129	233	adhikara		भाधिकारः	भस्य	भस्य ६/१
6.4.130	64130	414	vidhi			पादः पत्	पादः ६/१ पत् १/१
6.4.131	64131	435	vidhi			वसोः सम्प्रसारणम्	वसोः ६/१ सम्प्रसारणम् १/१
6.4.132	64132	329	vidhi			वाह ऊठ्	वाहः ६/१ ऊठ् १/१
6.4.133	64133	362	vidhi			श्वयुवमघोनामतद्धिते	श्व-युव-मघोनाम् ६/३ अतद्धिते ७/१
6.4.134	64134	234	vidhi			अल्लोपोऽनः	अत्-लोपः १/१ अनः ६/१
6.4.135	64135	1160	vidhi			षपूर्वहन्धृतराज्ञामणि	ष-पूर्व-हन्-धृत-राज्ञाम् ६/३ अणि ७/१
6.4.136	64136	237	vidhi			विभाषा ङिश्योः	विभाषा १/१ ङिश्योः ७/२
6.4.137	64137	355	vidhi			न संयोगाद्वमन्तात्	न ०/० संयोगात् ५/१ वमन्तात् ५/१
6.4.138	64138	416	vidhi			अचः	अचः ६/१
6.4.139	64139	420	vidhi			उद ईत्	उदः ५/१ ईत् १/१
6.4.140	64140	240	vidhi			आतो धातोः	आतः ६/१ धातोः ६/१
6.4.141	64141	3554	vidhi			मन्त्रेष्वाङ्यादेरात्मनः	मन्त्रेषु ७/३ आङि ७/१ आदेः ६/१ आत्मनः ६/१
6.4.142	64142	844	vidhi			ति विंशतेर्डिति	ति विंशतेः ६/१ डिति ७/१
6.4.143	64143	316	vidhi			टेः	टेः ६/१
6.4.144	64144	679	vidhi			नस्तद्धिते	नः ६/१ तद्धिते ७/१
6.4.145	64145	789	vidhi			अह्नष्टखोरेव	अह्नः ६/१ टखोः ७/२ एव ०/०
6.4.146	64146	847	vidhi			ओर्गुणः	ओः ६/१ गुणः १/१
6.4.147	64147	1142	vidhi			ढे लोपोऽकद्र्वाः	ढे ७/१ लोपः १/१ अकद्र्वाः ६/१
6.4.148	64148	311	vidhi			यस्येति च	यस्य ६/१ ईति ७/१ च ०/०
6.4.149	64149	499	vidhi			सूर्यतिष्यागस्त्यमत्स्यानां य उपधायाः	सूर्य-तिष्य-अगस्त्य-मत्स्यानाम् ६/३ यः ६/१ उपधायाः ६/१
6.4.150	64150	472	vidhi			हलस्तद्धितस्य	हलः ५/१ तद्धितस्य ६/१
6.4.151	64151	1082	vidhi			आपत्यस्य च तद्धितेऽनाति	आपत्यस्य ६/१ च ०/० तद्धिते ७/१ अनाति ७/१
6.4.152	64152	2119	vidhi			क्यच्व्योश्च	क्य-च्व्योः ७/२ च ०/०
6.4.153	64153	1311	vidhi			बिल्वकादिभ्यश्छस्य लुक्	बिल्वकादिभ्यः ५/३ छस्य ६/१ लुक् १/१
6.4.154	64154	2008	vidhi			तुरिष्ठेमेयस्सु	तुः ६/१ इष्ठ-इमन्-ईयस्सु ७/३
6.4.155	64155	1786	vidhi			टेः	टेः ६/१
6.4.156	64156	2015	vidhi			स्थूलदूरयुवह्रस्वक्षिप्रक्षुद्राणां यणादिपरं पूर्वस्य च गुणः	स्थूल-दूर-युव-ह्रस्व-क्षिप्र-क्षुद्राणाम् ६/३ यणादिपरम् १/१ पूर्वस्य ६/१ च ०/० गुणः १/१
6.4.157	64157	2016	vidhi			प्रियस्थिरस्फिरोरुबहुलगुरुवृद्धतृप्रदीर्घवृन्दारकाणां प्रस्थस्फवर्बंहिगर्वर्षित्रब्द्राघिवृन्दाः	प्रिय-स्थिर-स्फिर-उरु-बहुल-गुरु-वृद्ध-तृप्र-दीर्घ-वृन्दारकाणाम् ६/३ प्र-स्थ-स्फ-वर्-बंहि-गर्-वर्षि-त्रप्-द्राघि-वृन्दाः १/३
6.4.158	64158	2017	vidhi			बहोर्लोपो भू च बहोः	बहोः ५/१ लोपः १/१ भू च ०/० बहोः ६/१
6.4.159	64159	2018	vidhi			इष्ठस्य यिट् च	इष्ठस्य ६/१ यिट् १/१ च ०/०
6.4.160	64160	2012	vidhi			ज्यादादीयसः	ज्यात् ५/१ आत् १/१ ईयसः ६/१
6.4.161	64161	1785	vidhi			र ऋतो हलादेर्लघोः	रः १/१ ऋतः ६/१ हलादेः ६/१ लघोः ६/१
6.4.162	64162	3555	vidhi			विभाषर्जोश्छन्दसि	विभाषा १/१ ऋजोः ६/१ छन्दसि ७/१
6.4.163	64163	2010	vidhi			प्रकृत्यैकाच्	प्रकृत्या ३/१ एकाच् १/१
6.4.164	64164	1245	vidhi			इनण्यनपत्ये	इन् १/१ अणि ७/१ अनपत्ये ७/१
6.4.165	64165	1275	vidhi			गाथिविदथिकेशिगणिपणिनश्च	गाथि-विदथि-केशि-गणि-पणिनः १/३ च ०/०
6.4.166	64166	1156	vidhi			संयोगादिश्च	संयोगादिः १/१ च ०/०
6.4.167	64167	1155	vidhi			अन्	अन् १/१
6.4.168	64168	1154	vidhi			ये चाभावकर्मणोः	ये ७/१ च ०/० अ-भावकर्मणोः ७/२
6.4.169	64169	1671	vidhi			आत्माध्वानौ खे	आत्मा-अध्वानौ १/२ खे ७/१
6.4.170	64170	1157	vidhi			न मपूर्वोऽपत्येऽवर्मणः	न ०/० मपूर्वः १/१ अपत्ये ७/१ अवर्मणः ६/१
6.4.171	64171	1158	vidhi			ब्राह्मोऽजातौ	ब्राह्मः १/१ अजातौ ७/१
6.4.172	64172	1613	vidhi			कार्मस्ताच्छील्ये	कार्म्मः १/१ ताच्छील्ये ७/१
6.4.173	64173	1159	vidhi			औक्षमनपत्ये	औक्षम् १/१ अनपत्ये ७/१
6.4.174	64174	1145	vidhi			दाण्डिनायनहास्तिनायनाथर्वणिकजैह्माशिनेयवाशिनायनिभ्रौणहत्यधैवत्यसारवैक्ष्वाकमैत्रेयहिरण्मयानि	दाण्डिनायन-हास्तिनायन-आथर्वणिक-जैह्माशिनेय-वासिनायनि-भ्रौणहत्य-धैवत्य-सारव-ऐक्ष्वाक-मैत्रेय-हिरण्मयानि १/३
6.4.175	64175	3556	vidhi			ऋत्व्यवास्त्व्यवास्त्वमाध्वीहिरण्ययानि च्छन्दसि	ऋत्व्य-वास्त्व्य-वास्त्व-माध्वी-हिरण्ययानि १/३ छन्दसि ७/१
7.1.1	71001	1247	vidhi			युवोरनाकौ	यु-वोः ६/२ अन-अकौ १/२
7.1.2	71002	475	vidhi			आयनेयीनीयियः फढखच्छघां प्रत्ययादीनाम्	आयन्-एय्-ईन्-ईय्-इयः १/३ फ-ढ-ख-छ-घाम् ६/३ प्रत्ययादीनाम् ६/३
7.1.3	71003	2169	vidhi			झोऽन्तः	झः ६/१ अन्तः १/१
7.1.4	71004	2479	vidhi			अदभ्यस्तात्	अत् १/१ अभ्यस्तात् ५/१
7.1.5	71005	2258	vidhi			आत्मनेपदेष्वनतः	आत्मनेपदेषु ७/३ अनतः ५/१
7.1.6	71006	2442	vidhi			शीङो रुट्	शीङः ५/१ रुट् १/१
7.1.7	71007	2701	vidhi			वेत्तेर्विभाषा	वेत्तेः ५/१ विभाषा १/१
7.1.8	71008	3557	vidhi			बहुलं छन्दसि	बहुलम् १/१ छन्दसि ७/१
7.1.9	71009	203	vidhi			अतो भिस ऐस्	अतः ५/१ भिस ६/१ ऐस् १/१
7.1.10	71010	3558	vidhi			बहुलं छन्दसि	बहुलम् १/१ छन्दसि ७/१
7.1.11	71011	349	vidhi			नेदमदसोरकोः	न ०/० इदम्-अदसोः ६/२ अ-कोः ६/२
7.1.12	71012	201	vidhi			टाङसिङसामिनात्स्याः	टा-ङसि-ङसाम् ६/३ इन-आत्-स्याः १/३
7.1.13	71013	204	vidhi			ङेर्यः	ङेः ६/१ यः १/१
7.1.14	71014	215	vidhi			सर्वनाम्नः स्मै	सर्वनाम्नः ५/१ स्मै १/१
7.1.15	71015	216	vidhi			ङसिङ्योः स्मात्स्मिनौ	ङसि-ङ्योः ६/२ स्मात्-स्मिनौ १/२
7.1.16	71016	221	vidhi			पूर्वादिभ्यो नवभ्यो वा	पूर्वादिभ्यः ५/३ नवभ्यः ५/३ वा ०/०
7.1.17	71017	214	vidhi			जसः शी	जसः ६/१ शी
7.1.18	71018	287	vidhi			औङ आपः	औङः ६/१ आपः ५/१
7.1.19	71019	310	vidhi			नपुंसकाच्च	नपुंसकात् ५/१ च ०/०
7.1.20	71020	312	vidhi			जश्शसोः शिः	जश्-शसोः ६/२ शिः १/१
7.1.21	71021	372	vidhi			अष्टाभ्य औश्	अष्टाभ्यः ५/३ औश् १/१
7.1.22	71022	261	vidhi			षड्भ्यो लुक्	षड्भ्यः ५/३ लुक् १/१
7.1.23	71023	319	vidhi			स्वमोर्नपुंसकात्	स्वमोः ६/२ नपुंसकात् ५/१
7.1.24	71024	309	vidhi			अतोऽम्	अतः ५/१ अम् १/१
7.1.25	71025	315	vidhi			अद्ड् डतरादिभ्यः पञ्चभ्यः	अद्ड् १/१ डतरादिभ्यः ५/३ पञ्चभ्यः ५/३
7.1.26	71026	3559	vidhi			नेतराच्छन्दसि	न ०/० इतरात् ५/१ छन्दसि ७/१
7.1.27	71027	399	vidhi			युष्मदस्मद्भ्यां ङसोऽश्	युष्मद्-अस्मद्भ्याम् ५/२ ङसः ६/१ अश् १/१
7.1.28	71028	382	vidhi			ङे प्रथमयोरम्	ङे प्रथमयोरम् ६/२
7.1.29	71029	391	vidhi			शसो न	शसः ६/१ न
7.1.30	71030	395	vidhi			भ्यसो भ्यम्	भ्यसः ६/१ भ्यम् १/१
7.1.31	71031	397	vidhi			पञ्चम्या अत्	पञ्चम्याः ६/१ अत् १/१
7.1.32	71032	396	vidhi			एकवचनस्य च	एकवचनस्य ६/१ च ०/०
7.1.33	71033	400	vidhi			साम आकम्	सामः ६/१ आकम् १/१
7.1.34	71034	2371	vidhi			आत औ णलः	आतः ५/१ औ णलः ६/१
7.1.35	71035	2197	vidhi			तुह्योस्तातङ्ङाशिष्यन्यतरस्याम्	तु-ह्योः ६/२ तातङ् १/१ आशिषि ७/१ अन्यतरस्याम् ७/१
7.1.36	71036	3105	vidhi			विदेः शतुर्वसुः	विदेः ५/१ शतुः ६/१ वसुः १/१
7.1.37	71037	3332	vidhi			समासेऽनञ्पूर्वे क्त्वो ल्यप्	समासे ७/१ अनञ्पूर्वे ७/१ क्त्वः ६/१ ल्यप् १/१
7.1.38	71038	3560	vidhi			क्त्वाऽपि छन्दसि	क्त्वा अपि ०/० छन्दसि ७/१
7.1.39	71039	3561	vidhi			सुपां सुलुक्पूर्वसवर्णाऽऽच्छेयाडाड्यायाजालः	सुपाम् ६/३ सु-लुक्-पूर्वसवर्ण-आ-आत्-शे-या-डा-ड्या-याजालः १/३
7.1.40	71040	3562	vidhi			अमो मश्	अमः ६/१ मश् १/१
7.1.41	71041	3563	vidhi			लोपस्त आत्मनेपदेषु	लोपः १/१ तः ६/१ आत्मनेपदेषु ७/३
7.1.42	71042	3564	vidhi			ध्वमो ध्वात्	ध्वमः ६/१ ध्वात् १/१
7.1.43	71043	3565	vidhi			यजध्वैनमिति च	यजध्वैनम् १/१ इति ०/० च ०/०
7.1.44	71044	3566	vidhi			तस्य तात्	तस्य ६/१ तात् ५/१
7.1.45	71045	3567	vidhi			तप्तनप्तनथनाश्च	तप्-तनप्-तन-थनाः १/३ च ०/०
7.1.46	71046	3568	vidhi			इदन्तो मसि	इदन्तः १/१ मसि
7.1.47	71047	3569	vidhi			क्त्वो यक्	क्त्वः ६/१ यक् १/१
7.1.48	71048	3570	vidhi			इष्ट्वीनमिति च	इष्ट्वीनम् १/१ इति ०/० च ०/०
7.1.49	71049	3571	vidhi			स्नात्व्यादयश्च	स्नात्व्यादयः १/३ च ०/०
7.1.50	71050	3572	vidhi			आज्जसेरसुक्	आत् ५/१ जसेः ६/१ असुक् १/१
7.1.51	71051	2662	vidhi			अश्वक्षीरवृषलवणानामात्मप्रीतौ क्यचि	अश्व-क्षीर-वृष-लवणानाम् ६/३ आत्मप्रीतौ ७/१ क्यचि ७/१
7.1.52	71052	217	vidhi			आमि सर्वनाम्नः सुट्	आमि ७/१ सर्वनाम्नः ५/१ सुट् १/१
7.1.53	71053	264	vidhi			त्रेस्त्रयः	त्रेः ६/१ त्रयः १/१
7.1.54	71054	208	vidhi			ह्रस्वनद्यापो नुट्	ह्रस्व-नदी-आपः ५/१ नुट् १/१
7.1.55	71055	338	vidhi			षट्चतुर्भ्यश्च	षट्-चतुर्भ्यः ५/३ च ०/०
7.1.56	71056	3573	vidhi			श्रीग्रामण्योश्छन्दसि	श्री-ग्रामण्योः ६/२ छन्दसि ७/१
7.1.57	71057	3574	vidhi			गोः पादान्ते	गोः ५/१ पादान्ते ७/१
7.1.58	71058	2262	vidhi			इदितो नुम् धातोः	इदितः ६/१ नुम् १/१ धातोः ६/१
7.1.59	71059	2542	vidhi			शे मुचादीनाम्	शे ७/१ मुचादीनाम् ६/३
7.1.60	71060	2517	vidhi			मस्जिनशोर्झलि	मस्जि-नशोः ६/२ झलि ७/१
7.1.61	71061	2302	vidhi			रधिजभोरचि	रधि-जभोः ६/२ अचि ७/१
7.1.62	71062	2516	vidhi			नेट्यलिटि रधेः	न ०/० इटि ७/१ अलिटि ७/१ रधेः ६/१
7.1.63	71063	2581	vidhi			रभेरशब्लिटोः	रभेः ६/१ अ-शप्-लिटोः ७/२
7.1.64	71064	2582	vidhi			लभेश्च	लभेः ६/१ च ०/०
7.1.65	71065	2845	vidhi			आङो यि	आङः ५/१ यि ७/१
7.1.66	71066	2846	vidhi			उपात् प्रशंसायाम्	उपात् ५/१ प्रशंसायाम् ७/१
7.1.67	71067	3306	vidhi			उपसर्गात् खल्घञोः	उपसर्गात् ५/१ खल्-घञोः ७/२
7.1.68	71068	3307	vidhi			न सुदुर्भ्यां केवलाभ्याम्	न ०/० सुदुर्भ्याम् ५/२ केवलाभ्याम् ५/२
7.1.69	71069	2765	vidhi			विभाषा चिण्णमुलोः	विभाषा १/१ चित्-णमुलोः ७/२
7.1.70	71070	361	vidhi			उगिदचां सर्वनामस्थानेऽधातोः	उगिदचाम् ६/३ सर्वनामस्थाने ७/१ अधातोः ६/१
7.1.71	71071	376	vidhi			युजेरसमासे	युजेः ६/१ असमासे ७/१
7.1.72	71072	314	vidhi			नपुंसकस्य झलचः	नपुंसकस्य ६/१ झलचः ६/१
7.1.73	71073	320	vidhi			इकोऽचि विभक्तौ	इकः ६/१ अचि ७/१ विभक्तौ ७/१
7.1.74	71074	321	vidhi			तृतीयादिषु भाषितपुंस्कं पुंवद्गालवस्य	तृतीया-आदिषु ७/३ भाषितपुंस्कम् १/१ पुंवत् ०/० गालवस्य ६/१
7.1.75	71075	322	vidhi			अस्थिदधिसक्थ्यक्ष्णामनङुदात्तः	अस्थि-दधि-सक्थि-अक्ष्णाम् ६/३ अनङ् १/१ उदात्तः १/१
7.1.76	71076	3575	vidhi			छन्दस्यपि दृश्यते	छन्दसि ७/१ अपि ०/० दृश्यते
7.1.77	71077	3576	vidhi			ई च द्विवचने	ई च ०/० द्विवचने ७/१
7.1.78	71078	427	vidhi			नाभ्यस्ताच्छतुः	न ०/० अभ्यस्तात् ५/१ शतुः ६/१
7.1.79	71079	444	vidhi			वा नपुंसकस्य	वा ०/० नपुंसकस्य ६/१
7.1.80	71080	445	vidhi			आच्छीनद्योर्नुम्	आत् ५/१ शी-नद्योः ७/२ नुम् १/१
7.1.81	71081	446	vidhi			शप्श्यनोर्नित्यम्	शप्-श्यनोः ६/२ नित्यम् १/१
7.1.82	71082	332	vidhi			सावनडुहः	सौ ७/१ अनडुहः ६/१
7.1.83	71083	3577	vidhi			दृक्स्ववस्स्वतवसां छन्दसि	दृक्-स्ववस्-स्वतवसाम् ६/३ छन्दसि ७/१
7.1.84	71084	336	vidhi			दिव औत्	दिवः ६/१ औत् १/१
7.1.85	71085	365	vidhi			पथिमथ्यृभुक्षामात्	पथिमथ्यृभुक्षाम् ६/३ आत् १/१
7.1.86	71086	366	vidhi			इतोऽत् सर्वनामस्थाने	इतः ६/१ अत् १/१ सर्वनामस्थाने ७/१
7.1.87	71087	367	vidhi			थो न्थः	थः ६/१ न्थः १/१
7.1.88	71088	368	vidhi			भस्य टेर्लोपः	भस्य ६/१ टेः ६/१ लोपः १/१
7.1.89	71089	436	vidhi			पुंसोऽसुङ्	पुंसः ६/१ असुङ् १/१
7.1.90	71090	284	atidesha		णित्त्वातिदेशः	गोतो णित्	गोतः ५/१ णित् १/१
7.1.91	71091	2283	atidesha		णित्त्वातिदेशः	णलुत्तमो वा	णल् १/१ उत्तमः १/१ वा ०/०
7.1.92	71092	253	atidesha		णित्त्वातिदेशः	सख्युरसम्बुद्धौ	सख्युः ५/१ असम्बुद्धौ ७/१
7.1.93	71093	248	vidhi			अनङ् सौ	अनङ् १/१ सौ ७/१
7.1.94	71094	276	vidhi			ऋदुशनस्पुरुदंसोऽनेहसां च	ऋद्-उशनस्-पुरुदंसस्-अनेहसाम् ६/३ च ०/०
7.1.95	71095	274	atidesha		तृज्वदतिदेशः	तृज्वत् क्रोष्टुः	तृज्वत् ०/० क्रोष्टुः १/१
7.1.96	71096	305	vidhi		तृज्वदतिदेशः	स्त्रियां च	स्त्रियाम् ७/१ च ०/०
7.1.97	71097	278	vidhi		तृज्वदतिदेशः	विभाषा तृतीयादिष्वचि	विभाषा १/१ तृतीयादिषु ७/३ अचि ७/१
7.1.98	71098	331	vidhi			चतुरनडुहोरामुदात्तः	चतुर्-अनडुहोः ६/२ आम् १/१ उदात्तः १/१
7.1.99	71099	333	vidhi			अम् सम्बुद्धौ	अम् १/१ सम्बुद्धौ ७/१
7.1.100	71100	2390	vidhi			ॠत इद्धातोः	ॠतः ६/१ इत् १/१ धातोः ६/१
7.1.101	71101	2571	vidhi			उपधायाश्च	उपधायाः ६/१ च ०/०
7.1.102	71102	2494	vidhi			उदोष्ठ्यपूर्वस्य	उत् १/१ ओष्ठ्यपूर्वस्य ६/१
7.1.103	71103	3578	vidhi			बहुलं छन्दसि	बहुलम् १/१ छन्दसि ७/१
7.2.1	72001	2297	vidhi			सिचि वृद्धिः परस्मैपदेषु	सिचि ७/१ वृद्धिः १/१ परस्मैपदेषु ७/३
7.2.2	72002	2330	vidhi			अतो ल्रान्तस्य	अतः ६/१ ल्र अन्तस्य ६/१
7.2.3	72003	2267	vidhi			वदव्रजहलन्तस्याचः	वदव्रजहलन्तस्य ६/१ अचः ६/१
7.2.4	72004	2268	vidhi			नेटि	न ०/० इटि ७/१
7.2.5	72005	2299	vidhi			ह्म्यन्तक्षणश्वसजागृणिश्व्येदिताम्	ह्म्यन्तक्षणश्वसजागृणिश्व्येदिताम् ६/३
7.2.6	72006	2449	vidhi			ऊर्णोतेर्विभाषा	ऊर्णोतेः ६/१ विभाषा १/१
7.2.7	72007	2284	vidhi			अतो हलादेर्लघोः	अतः ६/१ हलादेः ६/१ लघोः ६/१
7.2.8	72008	2981	vidhi			नेड् वशि कृति	न ०/० इट् १/१ वशि ७/१ कृति ७/१
7.2.9	72009	3163	vidhi			तितुत्रतथसिसुसरकसेषु च	तितुत्रतथसिसुसरकसेषु ७/३ च ०/०
7.2.10	72010	2246	vidhi			एकाच उपदेशेऽनुदात्तात्	एकाचः ५/१ उपदेशे ७/१ अनुदात्तात् ५/१
7.2.11	72011	2381	vidhi			श्र्युकः किति	श्र्युकः ६/१ किति ७/१
7.2.12	72012	2610	vidhi			सनि ग्रहगुहोश्च	सनि ७/१ ग्रहगुहोः ६/२ च ०/०
7.2.13	72013	2293	vidhi			कृसृभृवृस्तुद्रुस्रुश्रुवो लिटि	कृसृभृवृस्तुद्रुस्रुश्रुवः ६/१ लिटि ७/१
7.2.14	72014	3039	vidhi			श्वीदितो निष्ठायाम्	श्वीदितः ६/१ निष्ठायाम् ७/१
7.2.15	72015	3025	vidhi			यस्य विभाषा	यस्य ६/१ विभाषा १/१
7.2.16	72016	3036	vidhi			आदितश्च	आदितः ६/१ च ०/०
7.2.17	72017	3054	vidhi			विभाषा भावादिकर्मणोः	विभाषा १/१ भावादिकर्मणोः ७/२
7.2.18	72018	3058	vidhi			क्षुब्धस्वान्तध्वान्तलग्नम्लिष्टविरिब्धफाण्टबाढानि मन्थमनस्तमःसक्ताविस्पष्टस्वरानायासभृशेषु	क्षुब्ध-स्वान्त-ध्वान्त-लग्न-म्लिष्ट-विरिब्ध-फाण्ट-बाढानि १/३ मन्थ-मनस्-तमस्-सक्त-अविस्पष्ट-स्वर-अनायास-भृशेषु ७/३
7.2.19	72019	3059	vidhi			धृषिशसी वैयात्ये	धृषिशसी १/२ वैयात्ये ७/१
7.2.20	72020	3060	vidhi			दृढः स्थूलबलयोः	दृढः १/१ स्थूलबलयोः ७/२
7.2.21	72021	3061	vidhi			प्रभौ परिवृढः	प्रभौ ७/१ परिवृढः १/१
7.2.22	72022	3062	vidhi			कृच्छ्रगहनयोः कषः	कृच्छ्रगहनयोः ७/२ कषः ६/१
7.2.23	72023	3063	vidhi			घुषिरविशब्दने	घुषिः १/१ अविशब्दने ७/१
7.2.24	72024	3064	vidhi			अर्देः संनिविभ्यः	अर्देः ६/१ सन्निविभ्यः ५/३
7.2.25	72025	3065	vidhi			अभेश्चाविदूर्ये	अभेः ५/१ च ०/० आविदूर्ये ७/१
7.2.26	72026	3066	vidhi			णेरध्ययने वृत्तम्	णेः ६/१ अध्ययने ७/१ वृत्तम् १/१
7.2.27	72027	3068	vidhi			वा दान्तशान्तपूर्णदस्तस्पष्टच्छन्नज्ञप्ताः	वा ०/० दान्तशान्तपूर्णदस्तस्पष्टच्छन्नज्ञप्ताः १/३
7.2.28	72028	3069	vidhi			रुष्यमत्वरसंघुषास्वनाम्	रुष्यमत्वरसंघुषास्वनाम् ६/३
7.2.29	72029	3070	vidhi			हृषेर्लोमसु	हृषेः ६/१ लोमसु ७/३
7.2.30	72030	3071	vidhi			अपचितश्च	अपचितः १/१ च ०/०
7.2.31	72031	3579	vidhi			ह्रु ह्वरेश्छन्दसि	ह्रु ह्वरेः ६/१ छन्दसि ७/१
7.2.32	72032	3580	vidhi			अपरिह्वृताश्च	अपरिह्वृताः १/३ च ०/०
7.2.33	72033	3581	vidhi			सोमे ह्वरितः	सोमे ७/१ ह्वरितः १/१
7.2.34	72034	3582	vidhi			ग्रसितस्कभितस्तभितोत्तभितचत्तविकस्ताविशस्तृशंस्तृशास्तृतरुतृतरूतृवरुतृवरूतृवरूत्रीरुज्ज्वलितिक्षरितिक्षमितिवमित्यमितीति च	ग्रसित-स्कभित-स्तभित-उत्तभित-चत्त-विकस्ता-विशस्तॄ-शंस्तृ-शास्तृ-तरुतृ-तरूतृ-वरुतृ-वरूतृ-वरूत्रीः-उज्ज्वलिति-क्षरिति-क्षमिति-वमिति-अमिति १/१ इति ०/० च ०/०
7.2.35	72035	2184	vidhi			आर्धधातुकस्येड् वलादेः	आर्धधातुकस्य ६/१ इट् १/१ वलादेः ६/१
7.2.36	72036	2323	vidhi			स्नुक्रमोरनात्मनेपदनिमित्ते	स्नुक्रमोः ६/२ अनात्मनेपदनिमित्ते १/२
7.2.37	72037	2562	vidhi			ग्रहोऽलिटि दीर्घः	ग्रहः ५/१ अलिटि ७/१ दीर्घः १/१
7.2.38	72038	2391	vidhi			वॄतो वा	वॄतः ५/१ वा ०/०
7.2.39	72039	2529	vidhi			न लिङि	न ०/० लिङि ७/१
7.2.40	72040	2392	vidhi			सिचि च परस्मैपदेषु	सिचि ७/१ च ०/० परस्मैपदेषु ७/३
7.2.41	72041	2625	vidhi			इट् सनि वा	इट् १/१ सनि ७/१ वा ०/०
7.2.42	72042	2528	vidhi			लिङ्सिचोरात्मनेपदेषु	लिङ्सिचोः ७/२ आत्मनेपदेषु ७/३
7.2.43	72043	2526	vidhi			ऋतश्च संयोगादेः	ऋतः ५/१ च ०/० संयोगादेः ५/१
7.2.44	72044	2279	vidhi			स्वरतिसूतिसूयतिधूञूदितो वा	स्वरतिसूतिसूयतिधूञूदितः ५/१ वा ०/०
7.2.45	72045	2515	vidhi			रधादिभ्यश्च	रधादिभ्यः ५/३ च ०/०
7.2.46	72046	2560	vidhi			निरः कुषः	निरः ५/१ कुषः ५/१
7.2.47	72047	3045	vidhi			इण्निष्ठायाम्	इट् १/१ निष्ठायाम् ७/१
7.2.48	72048	2340	vidhi			तीषसहलुभरुषरिषः	ति ७/१ इषसहलुभरुषरिषः ५/१
7.2.49	72049	2618	vidhi			सनीवन्तर्धभ्रस्जदम्भुश्रिस्वृयूर्णुभरज्ञपिसनाम्	सनि ७/१ इवन्त-ऋध-भ्रस्ज-दम्भु-श्रि-स्वृ-यु-ऊर्णु-भर-ज्ञपि-सनाम् ६/३
7.2.50	72050	3049	vidhi			क्लिशः क्त्वानिष्ठयोः	क्लिशः ५/१ क्त्वानिष्ठयोः ६/२
7.2.51	72051	3050	vidhi			पूङश्च	पूङः ५/१ च ०/०
7.2.52	72052	3046	vidhi			वसतिक्षुधोरिट्	वसतिक्षुधोः ६/२ इट् १/१
7.2.53	72053	3047	vidhi			अञ्चेः पूजायाम्	अञ्चेः ५/१ पूजायाम् ७/१
7.2.54	72054	3048	vidhi			लुभो विमोहने	लुभः ५/१ विमोहने ७/१
7.2.55	72055	3327	vidhi			जॄव्रश्च्योः क्त्वि	जॄव्रश्च्योः ६/२ क्त्वि ७/१
7.2.56	72056	3328	vidhi			उदितो वा	उदितः ५/१ वा ०/०
7.2.57	72057	2506	vidhi			सेऽसिचि कृतचृतच्छृदतृदनृतः	से ७/१ असिचि ७/१ कृतचृतच्छृदतृदनृतः ५/१
7.2.58	72058	2401	vidhi			गमेरिट् परस्मैपदेषु	गमेः ५/१ इट् १/१ परस्मैपदेषु ७/३
7.2.59	72059	2348	vidhi			न वृद्भ्यश्चतुर्भ्यः	न ०/० वृद्भ्यः ५/३ चतुर्भ्यः ५/३
7.2.60	72060	2352	vidhi			तासि च कॢपः	तासि च ०/० कॢपः ५/१
7.2.61	72061	2294	vidhi			अचस्तास्वत् थल्यनिटो नित्यम्	अचः ५/१ तास्वत् ०/० थलि ७/१ अनिटः ५/१ नित्यम् १/१
7.2.62	72062	2295	vidhi			उपदेशेऽत्वतः	उपदेशे ७/१ अत्वतः ५/१
7.2.63	72063	2296	vidhi			ऋतो भारद्वाजस्य	ऋतः ५/१ भारद्वाजस्य ६/१
7.2.64	72064	2527	vidhi			बभूथाततन्थजगृम्भववर्थेति निगमे	बभूथ आततन्थ जगृम्भ ववर्थ इति ०/० निगमे ७/१
7.2.65	72065	2404	vidhi			विभाषा सृजिदृशोः	विभाषा १/१ सृजिदृशोः ६/२
7.2.66	72066	2384	vidhi			इडत्त्यर्तिव्ययतीनाम्	इट् १/१ अत्त्यर्तिव्ययतीनाम् ६/३
7.2.67	72067	3096	vidhi			वस्वेकाजाद्घसाम्	वसु एकाजाद्घसाम् ६/३
7.2.68	72068	3099	vidhi			विभाषा गमहनविदविशाम्	विभाषा १/१ गमहनविदविशाम् ६/३
7.2.69	72069	3583	vidhi			सनिंससनिवांसम्	सनिंससनिवांसम् १/१
7.2.70	72070	2366	vidhi			ऋद्धनोः स्ये	ऋद्धनोः ६/२ स्ये ७/१
7.2.71	72071	2546	vidhi			अञ्जेः सिचि	अञ्जेः ५/१ सिचि ७/१
7.2.72	72072	2385	vidhi			स्तुसुधूञ्भ्यः परस्मैपदेषु	स्तुसुधूञ्भ्यः ५/३ परस्मैपदेषु ७/३
7.2.73	72073	2377	vidhi			यमरमनमातां सक् च	यमरमनमाताम् ६/३ सक् १/१ च ०/०
7.2.74	72074	2626	vidhi			स्मिपूङ्रञ्ज्वशां सनि	स्मिपूङ्रञ्ज्वशाम् ६/३ सनि ७/१
7.2.75	72075	2611	vidhi			किरश्च पञ्चभ्यः	किरः ५/१ च ०/० पञ्चभ्यः ५/३
7.2.76	72076	2474	vidhi			रुदादिभ्यः सार्वधातुके	रुदादिभ्यः ५/३ सार्वधातुके ७/१
7.2.77	72077	2439	vidhi			ईशः से	ईशः ५/१ से
7.2.78	72078	2440	vidhi			ईडजनोर्ध्वे च	ईडजनोः ६/२ ध्वे च ०/०
7.2.79	72079	2211	vidhi			लिङः सलोपोऽनन्त्यस्य	लिङः ६/१ सलोपः १/१ अनन्त्यस्य ६/१
7.2.80	72080	2212	vidhi			अतो येयः	अतः ५/१ या इयः १/१
7.2.81	72081	2235	vidhi			आतो ङितः	आतः ६/१ ङितः ६/१
7.2.82	72082	3101	vidhi			आने मुक्	आने ७/१ मुक् १/१
7.2.83	72083	3104	vidhi			ईदासः	ईत् १/१ आसः ५/१
7.2.84	72084	371	vidhi			अष्टन आ विभक्तौ	अष्टनः ६/१ आः १/१ विभक्तौ ७/१
7.2.85	72085	286	vidhi			रायो हलि	रायः ६/१ हलि ७/१
7.2.86	72086	393	vidhi			युष्मदस्मदोरनादेशे	युष्मदस्मदोः ६/२ अनादेशे ७/१
7.2.87	72087	390	vidhi			द्वितीयायां च	द्वितीयायाम् ७/१ च ०/०
7.2.88	72088	387	vidhi			प्रथमायाश्च द्विवचने भाषायाम्	प्रथमायाः ६/१ च ०/० द्विवचने ७/१ भाषायाम् ७/१
7.2.89	72089	392	vidhi			योऽचि	यः १/१ अचि ७/१
7.2.90	72090	385	vidhi			शेषे लोपः	शेषे ७/१ लोपः १/१
7.2.91	72091	383	adhikara		मपर्यन्तस्य इत्यधिकारः	मपर्यन्तस्य	मपर्यन्तस्य ६/१
7.2.92	72092	386	vidhi			युवावौ द्विवचने	युवावौ १/२ द्विवचने ७/१
7.2.93	72093	388	vidhi			यूयवयौ जसि	यूयवयौ १/२ जसि ७/१
7.2.94	72094	384	vidhi			त्वाहौ सौ	त्वाहौ १/२ सौ ७/१
7.2.95	72095	394	vidhi			तुभ्यमह्यौ ङयि	तुभ्यमह्यौ १/२ ङयि ७/१
7.2.96	72096	398	vidhi			तवममौ ङसि	तवममौ १/२ ङसि ७/१
7.2.97	72097	389	vidhi			त्वमावेकवचने	त्वमौ १/२ एकवचने १/२
7.2.98	72098	1373	vidhi			प्रत्ययोत्तरपदयोश्च	प्रत्यय-उत्तरपदयोः ७/२ च ०/०
7.2.99	72099	298	vidhi			त्रिचतुरोः स्त्रियां तिसृचतसृ	त्रिचतुरोः ६/२ स्त्रियाम् ७/१ तिसृचतसृ
7.2.100	72100	299	vidhi			अचि र ऋतः	अचि ७/१ रः १/१ ऋतः ६/१
7.2.101	72101	227	vidhi			जराया जरसन्यतरस्याम्	जराया ६/१ जरस् १/१ अन्यतरस्याम् ७/१
7.2.102	72102	265	vidhi			त्यदादीनामः	त्यदादीनाम् ६/३ अः १/१
7.2.103	72103	342	vidhi			किमः कः	किमः ६/१ कः १/१
7.2.104	72104	1954	vidhi			कु तिहोः	कु १/१ ति-होः ७/२
7.2.105	72105	1960	vidhi			क्वाति	क्व अति ७/१
7.2.106	72106	381	vidhi			तदोः सः सावनन्त्ययोः	तदोः ६/२ सः १/१ सौ ७/१ अनन्त्ययोः ६/२
7.2.107	72107	437	vidhi			अदस औ सुलोपश्च	अदसः ६/१ औ सुलोपः १/१ च ०/०
7.2.108	72108	343	vidhi			इदमो मः	इदमः ६/१ मः १/१
7.2.109	72109	345	vidhi			दश्च	दः ६/१ च ०/०
7.2.110	72110	441	vidhi			यः सौ	यः १/१ सौ ७/१
7.2.111	72111	344	vidhi			इदोऽय् पुंसि	इदः ६/१ अय् १/१ पुंसि ७/१
7.2.112	72112	346	vidhi			अनाप्यकः	अन आपि ७/१ अकः ६/१
7.2.113	72113	347	vidhi			हलि लोपः	हलि ७/१ लोपः १/१
7.2.114	72114	2473	vidhi			मृजेर्वृद्धिः	मृजेः ६/१ वृद्धिः १/१
7.2.115	72115	254	vidhi			अचो ञ्णिति	अचः ६/१ ञ्णिति ७/१
7.2.116	72116	2282	vidhi			अत उपधायाः	अतः ६/१ उपधायाः ६/१
7.2.117	72117	1075	vidhi			तद्धितेष्वचामादेः	तद्धितेषु ७/३ अचाम् ६/३ आदेः ६/१
7.2.118	72118	1076	vidhi			किति च	किति ७/१ च ०/०
7.3.1	73001	1439	vidhi			देविकाशिंशपादित्यवाड्दीर्घसत्रश्रेयसामात्	देविकाशिंशपादित्यवाड्दीर्घसत्रश्रेयसाम् ६/३ आत् ५/१
7.3.2	73002	1144	vidhi			केकयमित्त्रयुप्रलयानां यादेरियः	केकयमित्त्रयुप्रलयानाम् ६/३ यादेः ६/१ इयः १/१
7.3.3	73003	1098	vidhi			न य्वाभ्यां पदान्ताभ्याम् पूर्वौ तु ताभ्यामैच्	न ०/० य्वाभ्याम् ५/२ पदान्ताभ्याम् ५/२ पूर्वौ १/२ तु ०/० ताभ्याम् ५/२ ऐच् १/१
7.3.4	73004	1386	vidhi			द्वारादीनां च	द्वारादीनाम् ६/३ च ०/०
7.3.5	73005	1543	vidhi			न्यग्रोधस्य च केवलस्य	न्यग्रोधस्य ६/१ च ०/० केवलस्य ६/१
7.3.6	73006	3217	vidhi			न कर्मव्यतिहारे	न ०/० कर्मव्यतिहारे ७/१
7.3.7	73007	1549	vidhi			स्वागतादीनां च	स्वागतादीनाम् ६/३ च ०/०
7.3.8	73008	1560	vidhi			श्वादेरिञि	श्वादेः ६/१ इञि ७/१
7.3.9	73009	1561	vidhi			पदान्तस्यान्यतरस्याम्	पदान्तस्य ६/१ अन्यतरस्याम् ७/१
7.3.10	73010	1396	adhikara		उत्तरपदस्य इत्यधिकारः	उत्तरपदस्य	उत्तरपदस्य ६/१
7.3.11	73011	1397	vidhi			अवयवादृतोः	अवयवात् ५/१ ऋतोः ६/१
7.3.12	73012	1398	vidhi			सुसर्वार्धाज्जनपदस्य	सुसर्वार्धात् ५/१ जनपदस्य ६/१
7.3.13	73013	1399	vidhi			दिशोऽमद्राणाम्	दिशः ५/१ अमद्राणाम् ६/३
7.3.14	73014	1400	vidhi			प्राचां ग्रामनगराणाम्	प्राचाम् ६/३ ग्रामनगराणाम् ६/३
7.3.15	73015	1752	vidhi			संख्यायाः संवत्सरसंख्यस्य च	संख्यायाः ५/१ संवत्सरसंख्यस्य ६/१ च ०/०
7.3.16	73016	1754	vidhi			वर्षस्याभविष्यति	वर्षस्य ६/१ अभविष्यति ७/१
7.3.17	73017	1683	vidhi			परिमाणान्तस्यासंज्ञाशाणयोः	परिमाणान्तस्य ६/१ असंज्ञाशाणयोः ७/२
7.3.18	73018	1409	vidhi			जे प्रोष्ठपदानाम्	जे ७/१ प्रोष्ठपदानाम् ६/३
7.3.19	73019	1133	vidhi			हृद्भगसिन्ध्वन्ते पूर्वपदस्य च	हृद्भगसिन्ध्वन्ते ७/१ पूर्वपदस्य ६/१ च ०/०
7.3.20	73020	1438	vidhi			अनुशतिकादीनां च	अनुशतिकादीनाम् ६/३ च ०/०
7.3.21	73021	1239	vidhi			देवताद्वन्द्वे च	देवताद्वन्द्वे ७/१ च ०/०
7.3.22	73022	1240	vidhi			नेन्द्रस्य परस्य	न ०/० इन्द्रस्य ६/१ परस्य ६/१
7.3.23	73023	1241	vidhi			दीर्घाच्च वरुणस्य	दीर्घात् ५/१ च ०/० वरुणस्य ६/१
7.3.24	73024	1431	vidhi			प्राचां नगरान्ते	प्राचाम् ६/३ नगरान्ते ७/१
7.3.25	73025	1432	vidhi			जङ्गलधेनुवलजान्तस्य विभाषितमुत्तरम्	जङ्गलधेनुवलजान्तस्य ६/१ विभाषितम् ६/१ उत्तरम् १/१
7.3.26	73026	1684	vidhi			अर्धात् परिमाणस्य पूर्वस्य तु वा	अर्धात् ५/१ परिमाणस्य ६/१ पूर्वस्य ६/१ तु ०/० वा ०/०
7.3.27	73027	1685	vidhi			नातः परस्य	न ०/० अतः ६/१ परस्य ६/१
7.3.28	73028	1129	vidhi			प्रवाहणस्य ढे	प्रवाहणस्य ६/१ ढे ७/१
7.3.29	73029	1130	vidhi			तत्प्रत्ययस्य च	तत्प्रत्ययस्य ६/१ च ०/०
7.3.30	73030	1460	vidhi			नञः शुचीश्वरक्षेत्रज्ञकुशलनिपुणानाम्	नञः ५/१ शुचीश्वरक्षेत्रज्ञकुशलनिपुणानाम् ६/३
7.3.31	73031	1789	vidhi			यथातथयथापुरयोः पर्यायेण	यथातथयथापुरयोः ६/२ पर्यायेण ३/१
7.3.32	73032	2574	vidhi			हनस्तोऽचिण्णलोः	हनः ६/१ तः १/१ अचिण्णलोः ७/२
7.3.33	73033	2761	vidhi			आतो युक् चिण्कृतोः	आतः ६/१ युक् १/१ चिण्कृतोः ७/२
7.3.34	73034	2763	vidhi			नोदात्तोपदेशस्य मान्तस्यानाचमेः	न ०/० उदात्तोपदेशस्य ६/१ मान्तस्य ६/१ अनाचमेः ६/१
7.3.35	73035	2512	vidhi			जनिवध्योश्च	जनिवध्योः ६/२ च ०/०
7.3.36	73036	2570	vidhi			अर्तिह्रीव्लीरीक्नूयीक्ष्माय्यातां पुङ्णौ	अर्तिह्रीव्लीरीक्नूयीक्ष्माय्याताम् ६/३ पुक् १/१ णौ ७/१
7.3.37	73037	2585	vidhi			शाच्छासाह्वाव्यावेपां युक्	शाच्छासाह्वाव्यावेपाम् ६/३ युक् १/१
7.3.38	73038	2590	vidhi			वो विधूनने जुक्	वः ६/१ विधूनने ७/१ जुक् १/१
7.3.39	73039	2591	vidhi			लीलोर्नुग्लुकावन्यतरस्यां स्नेहविपातने	लीलोः ६/२ नुग्लुकौ १/२ अन्यतरस्याम् ७/१ स्नेहविपातने ७/१
7.3.40	73040	2595	vidhi			भियो हेतुभये षुक्	भियः ६/१ हेतुभये ७/१ षुक् १/१
7.3.41	73041	2597	vidhi			स्फायो वः	स्फायः ६/१ वः १/१
7.3.42	73042	2598	vidhi			शदेरगतौ तः	शदेः ६/१ अगतौ ७/१ तः १/१
7.3.43	73043	2599	vidhi			रुहः पोऽन्यतरस्याम्	रुहः ६/१ पः १/१ अन्यतरस्याम् ७/१
7.3.44	73044	463	vidhi			प्रत्ययस्थात् कात् पूर्वस्यात इदाप्यसुपः	प्रत्ययस्थात् ५/१ कात् ५/१ पूर्वस्य ६/१ अतः ६/१ इत् १/१ आपि ७/१ असुपः ५/१
7.3.45	73045	464	vidhi			न यासयोः	न ०/० यासयोः ६/२
7.3.46	73046	465	vidhi			उदीचामातः स्थाने यकपूर्वायाः	उदीचाम् ६/३ आतः ६/१ स्थाने ७/१ यकपूर्वायाः ६/१
7.3.47	73047	466	vidhi			भस्त्रैषाऽजाज्ञाद्वास्वानञ्पूर्वाणामपि	भस्त्रैषाऽजाज्ञाद्वास्वाः १/३ नञ्पूर्वाणाम् ६/३ अपि ०/०
7.3.48	73048	467	vidhi			अभाषितपुंस्काच्च	अभाषितपुंस्कात् ५/१ च ०/०
7.3.49	73049	468	vidhi			आदाचार्याणाम्	आत् १/१ आचार्याणाम् ६/३
7.3.50	73050	1170	vidhi			ठस्येकः	ठस्य ६/१ इकः १/१
7.3.51	73051	1221	vidhi			इसुसुक्तान्तात् कः	इस्-उस्-उक्-त-अन्तात् ५/१ कः १/१
7.3.52	73052	2863	vidhi			चजोः कु घिण्ण्यतोः	चजोः ६/२ कु १/१ घित्-ण्यतोः ७/२
7.3.53	73053	2864	vidhi			न्यङ्क्वादीनां च	न्यङ्क्वादीनाम् ६/३ च ०/०
7.3.54	73054	358	vidhi			हो हन्तेर्ञ्णिन्नेषु	हः ६/१ हन्तेः ६/१ ञ्णित्-नेषु ७/३
7.3.55	73055	2430	vidhi			अभ्यासाच्च	अभ्यासात् ५/१ च ०/०
7.3.56	73056	2531	vidhi			हेरचङि	हेः ६/१ अचङि ७/१
7.3.57	73057	2331	vidhi			सन्लिटोर्जेः	सन्लिटोः ७/२ जेः ६/१
7.3.58	73058	2525	vidhi			विभाषा चेः	विभाषा १/१ चेः ६/१
7.3.59	73059	2875	vidhi			न क्वादेः	न ०/० क्वादेः ६/१
7.3.60	73060	2876	vidhi			अजिव्रज्योश्च	अजिव्रज्योः ६/२ च ०/०
7.3.61	73061	2877	vidhi			भुजन्युब्जौ पाण्युपतापयोः	भुजन्युब्जौ १/२ पाण्युपतापयोः ७/२
7.3.62	73062	2878	vidhi			प्रयाजानुयाजौ यज्ञाङ्गे	प्रयाजानुयाजौ १/२ यज्ञाङ्गे ७/१
7.3.63	73063	2879	vidhi			वञ्चेर्गतौ	वञ्चेः ६/१ गतौ ७/१
7.3.64	73064	2880	vidhi			ओक उचः के	ओकः १/१ उचः ६/१ के ७/१
7.3.65	73065	2881	vidhi			ण्य आवश्यके	ण्ये ७/१ आवश्यके ७/१
7.3.66	73066	2882	vidhi			यजयाचरुचप्रवचर्चश्च	यजयाचरुचप्रवचर्चः ६/१ च ०/०
7.3.67	73067	2883	vidhi			वचोऽशब्दसंज्ञायाम्	वचः ६/१ अशब्दसंज्ञायाम् ७/१
7.3.68	73068	2884	vidhi			प्रयोज्यनियोज्यौ शक्यार्थे	प्रयोज्यनियोज्यौ १/२ शक्यार्थे ७/१
7.3.69	73069	2885	vidhi			भोज्यं भक्ष्ये	भोज्यम् १/१ भक्ष्ये ७/१
7.3.70	73070	3584	vidhi			घोर्लोपो लेटि वा	घोः ६/१ लोपः १/१ लेटि ७/१ वा ०/०
7.3.71	73071	2510	vidhi			ओतः श्यनि	ओतः ६/१ श्यनि ७/१
7.3.72	73072	2337	vidhi			क्सस्याचि	क्सस्य ६/१ अचि ७/१
7.3.73	73073	2365	vidhi			लुग्वा दुहदिहलिहगुहामात्मनेपदे दन्त्ये	लुक् १/१ वा ०/० दुहदिहलिहगुहाम् ६/३ आत्मनेपदे ७/१ दन्त्ये ७/१
7.3.74	73074	2519	vidhi			शमामष्टानां दीर्घः श्यनि	शमाम् ६/३ अष्टानाम् ६/३ दीर्घः १/१ श्यनि ७/१
7.3.75	73075	2320	vidhi			ष्ठिवुक्लमुचमां शिति	ष्ठिवु-क्लमु-चमाम् ६/३ शिति ७/१
7.3.76	73076	2322	vidhi			क्रमः परस्मैपदेषु	क्रमः ६/१ परस्मैपदेषु ७/३
7.3.77	73077	2400	vidhi			इषुगमियमां छः	इषुगमियमाम् ६/३ छः १/१
7.3.78	73078	2360	vidhi			पाघ्राध्मास्थाम्नादाण्दृश्यर्त्तिसर्त्तिशदसदां पिबजिघ्रधमतिष्ठमनयच्छपश्यर्च्छधौशीयसीदाः	पाघ्राध्मास्थाम्नादाण्दृश्यर्त्तिसर्त्तिशदसदाम् ६/३ पिबजिघ्रधमतिष्ठमनयच्छपश्यर्च्छधौशीयसीदाः १/३
7.3.79	73079	2511	vidhi			ज्ञाजनोर्जा	ज्ञाजनोः ६/२ जा
7.3.80	73080	2558	vidhi			प्वादीनां ह्रस्वः	प्वादीनाम् ६/३ ह्रस्वः १/१
7.3.81	73081	3585	vidhi			मीनातेर्निगमे	मीनातेः ६/१ निगमे ७/१
7.3.82	73082	2346	vidhi			मिदेर्गुणः	मिदेः ६/१ गुणः १/१
7.3.83	73083	2481	vidhi			जुसि च	जुसि ७/१ च ०/०
7.3.84	73084	2168	vidhi			सार्वधातुकार्धधातुकयोः	सार्वधातुक-आर्धधातुकयोः ७/२
7.3.85	73085	2480	vidhi			जाग्रोऽविचिण्णल्ङित्सु	जाग्रः ६/१ अविचिण्णल्ङित्सु ७/३
7.3.86	73086	2189	vidhi			पुगन्तलघूपधस्य च	पुगन्तलघूपधस्य ६/१ च ०/०
7.3.87	73087	2503	vidhi			नाभ्यस्तस्याचि पिति सार्वधातुके	न ०/० अभ्यस्तस्य ६/१ अचि ७/१ पिति ७/१ सार्वधातुके ७/१
7.3.88	73088	2224	vidhi			भूसुवोस्तिङि	भूसुवोः ६/२ तिङि ७/१
7.3.89	73089	2443	vidhi			उतो वृद्धिर्लुकि हलि	उतः ६/१ वृद्धिः १/१ लुकि ७/१ हलि ७/१
7.3.90	73090	2445	vidhi			ऊर्णोतेर्विभाषा	ऊर्णोतेः ६/१ विभाषा १/१
7.3.91	73091	2448	vidhi			गुणोऽपृक्ते	गुणः १/१ अपृक्ते ७/१
7.3.92	73092	2545	vidhi			तृणह इम्	तृणहः ६/१ इम् १/१
7.3.93	73093	2452	vidhi			ब्रुव ईट्	ब्रुवः ५/१ ईट् १/१
7.3.94	73094	2651	vidhi			यङो वा	यङः ५/१ वा ०/०
7.3.95	73095	2444	vidhi			तुरुस्तुशम्यमः सार्वधातुके	तुरुस्तुशम्यमः ५/१ सार्वधातुके ७/१
7.3.96	73096	2225	vidhi			अस्तिसिचोऽपृक्ते	अस्तिसिचः ५/१ अपृक्ते ७/१
7.3.97	73097	3586	vidhi			बहुलं छन्दसि	बहुलम् १/१ छन्दसि ७/१
7.3.98	73098	2475	vidhi			रुदश्च पञ्चभ्यः	रुदः ५/१ च ०/० पञ्चभ्यः ५/३
7.3.99	73099	2476	vidhi			अड्गार्ग्यगालवयोः	अट् १/१ गार्ग्यगालवयोः ६/२
7.3.100	73100	2426	vidhi			अदः सर्वेषाम्	अदः ५/१ सर्वेषाम् ६/३
7.3.101	73101	2170	vidhi			अतो दीर्घो यञि	अतः ६/१ दीर्घः १/१ यञि ७/१
7.3.102	73102	202	vidhi			सुपि च	सुपि ७/१ च ०/०
7.3.103	73103	205	vidhi			बहुवचने झल्येत्	बहुवचने ७/१ झलि ७/१ एत् १/१
7.3.104	73104	207	vidhi			ओसि च	ओसि ७/१ च ०/०
7.3.105	73105	289	vidhi			आङि चापः	आङि ७/१ च ०/० आपः ६/१
7.3.106	73106	288	vidhi			सम्बुद्धौ च	सम्बुद्धौ ७/१ च ०/०
7.3.107	73107	267	vidhi			अम्बाऽर्थनद्योर्ह्रस्वः	अम्बार्थ-नद्योः ६/२ ह्रस्वः १/१
7.3.108	73108	242	vidhi			ह्रस्वस्य गुणः	ह्रस्वस्य ६/१ गुणः १/१
7.3.109	73109	241	vidhi			जसि च	जसि ७/१ च ०/०
7.3.110	73110	275	vidhi			ऋतो ङिसर्वनामस्थानयोः	ऋतः ६/१ ङिसर्वनामस्थानयोः ७/२
7.3.111	73111	245	vidhi			घेर्ङिति	घेः ६/१ ङिति ७/१
7.3.112	73112	268	vidhi			आण्नद्याः	आट् १/१ नद्याः ५/१
7.3.113	73113	290	vidhi			याडापः	याट् १/१ आपः ५/१
7.3.114	73114	291	vidhi			सर्वनाम्नः स्याड्ढ्रस्वश्च	सर्वनाम्नः ५/१ स्याट् १/१ ह्रस्वः १/१ च ०/०
7.3.115	73115	293	vidhi			विभाषा द्वितीयातृतीयाभ्याम्	विभाषा १/१ द्वितीयातृतीयाभ्याम् ५/२
7.3.116	73116	270	vidhi			ङेराम्नद्याम्नीभ्यः	ङेः ६/१ आम् १/१ नदी-आप्-नीभ्यः ५/३
7.3.117	73117	297	vidhi			इदुद्भ्याम्	इदुद्भ्याम् ५/२
7.3.118	73118	256	vidhi			औत्	औत् १/१
7.3.119	73119	247	vidhi			अच्च घेः	अत् १/१ च ०/० घेः ५/१
7.3.120	73120	244	vidhi			आङो नाऽस्त्रियाम्	आङः ६/१ ना १/१ अस्त्रियाम् ७/१
7.4.1	74001	2314	vidhi			णौ चङ्युपधाया ह्रस्वः	णौ ७/१ चङि ७/१ उपधायाः ६/१ ह्रस्वः १/१
7.4.2	74002	2572	vidhi			नाग्लोपिशास्वृदिताम्	न ०/० अग्लोपिशास्वृदिताम् ६/३
7.4.3	74003	2565	vidhi			भ्राजभासभाषदीपजीवमीलपीडामन्यतरस्याम्	भ्राजभासभाषदीपजीवमीलपीडाम् ६/३ अन्यतरस्याम् ७/१
7.4.4	74004	2587	vidhi			लोपः पिबतेरीच्चाभ्यासस्य	लोपः १/१ पिबतेः ६/१ ईत् १/१ च ०/० अभ्यासस्य ६/१
7.4.5	74005	2588	vidhi			तिष्ठतेरित्	तिष्ठतेः ६/१ इत् १/१
7.4.6	74006	2589	vidhi			जिघ्रतेर्वा	जिघ्रतेः ६/१ वा ०/०
7.4.7	74007	2567	vidhi			उर्ऋत्	उः ६/१ ऋत् १/१
7.4.8	74008	3587	vidhi			नित्यं छन्दसि	नित्यम् १/१ छन्दसि ७/१
7.4.9	74009	2388	vidhi			दयतेर्दिगि लिटि	दयतेः ६/१ दिगि लिटि ७/१
7.4.10	74010	2379	vidhi			ऋतश्च संयोगादेर्गुणः	ऋतः ६/१ च ०/० संयोगादेः ६/१ गुणः १/१
7.4.11	74011	2383	vidhi			ऋच्छत्यॄताम्	ऋच्छत्यॄताम् ६/३
7.4.12	74012	2495	vidhi			शॄदॄप्रां ह्रस्वो वा	शॄदॄप्राम् ६/३ ह्रस्वः १/१ वा ०/०
7.4.13	74013	834	vidhi			केऽणः	के ७/१ अणः ६/१
7.4.14	74014	835	vidhi			न कपि	न ०/० कपि ७/१
7.4.15	74015	892	vidhi			आपोऽन्यतरस्याम्	आपः ६/१ अन्यतरस्याम् ७/१
7.4.16	74016	2406	vidhi			ऋदृशोऽङि गुणः	ऋदृशः ६/१ अङि ७/१ गुणः १/१
7.4.17	74017	2520	vidhi			अस्यतेस्थुक्	अस्यतेः ६/१ थुक् १/१
7.4.18	74018	2421	vidhi			श्वयतेरः	श्वयतेः ६/१ अः १/१
7.4.19	74019	2355	vidhi			पतः पुम्	पतः ६/१ पुम् १/१
7.4.20	74020	2454	vidhi			वच उम्	वचः ६/१ उम् १/१
7.4.21	74021	2441	vidhi			शीङः सार्वधातुके गुणः	शीङः ६/१ सार्वधातुके ७/१ गुणः १/१
7.4.22	74022	2649	vidhi			अयङ् यि क्ङिति	अयङ् १/१ यि ७/१ क्ङिति ७/१
7.4.23	74023	2702	vidhi			उपसर्गाद्ध्रस्व ऊहतेः	उपसर्गात् ५/१ ह्रस्वः १/१ ऊहतेः ६/१
7.4.24	74024	2457	vidhi			एतेर्लिङि	एतेः ६/१ लिङि ७/१
7.4.25	74025	2298	vidhi			अकृत्सार्वधातुकयोर्दीर्घः	अकृत्सार्वधातुकयोः ७/२ दीर्घः १/१
7.4.26	74026	2120	vidhi			च्वौ च	च्वौ ७/१ च ०/०
7.4.27	74027	1234	vidhi			रीङ् ऋतः	रीङ् १/१ ऋतः ६/१
7.4.28	74028	2367	vidhi			रिङ् शयग्लिङ्क्षु	रिङ् १/१ शयग्लिङ्क्षु ७/३
7.4.29	74029	2380	vidhi			गुणोऽर्तिसंयोगाद्योः	गुणः १/१ अर्तिसंयोगाद्योः ६/२
7.4.30	74030	2633	vidhi			यङि च	यङि ७/१ च ०/०
7.4.31	74031	2648	vidhi			ई घ्राध्मोः	ई घ्राध्मोः ६/२
7.4.32	74032	2118	vidhi			अस्य च्वौ	अस्य ६/१ च्वौ ७/१
7.4.33	74033	2658	vidhi			क्यचि च	क्यचि ७/१ च ०/०
7.4.34	74034	2661	vidhi			अशनायोदन्यधनाया बुभुक्षापिपासागर्द्धेषु	अशनायोदन्यधनाया १/३ बुभुक्षापिपासागर्द्धेषु ७/३
7.4.35	74035	3588	vidhi			न च्छन्दस्यपुत्रस्य	न ०/० छन्दसि ७/१ अपुत्रस्य ६/१
7.4.36	74036	3589	vidhi			दुरस्युर्द्रविणस्युर्वृषण्यतिरिषण्यति	दुरस्युः १/१ द्रविणस्युः १/१ वृषण्यति रिषण्यति
7.4.37	74037	3590	vidhi			अश्वाघस्यात्	अश्वाघस्य ६/१ आत् १/१
7.4.38	74038	3591	vidhi			देवसुम्नयोर्यजुषि काठके	देवसुम्नयोः ६/२ यजुषि ७/१ काठके ७/१
7.4.39	74039	3592	vidhi			कव्यध्वरपृतनस्यर्चि लोपः	कव्यध्वरपृतनस्य ६/१ ऋचि ७/१ लोपः १/१
7.4.40	74040	3074	vidhi			द्यतिस्यतिमास्थामित्ति किति	द्यतिस्यतिमास्थाम् ६/३ इत् १/१ ति ७/१ किति ७/१
7.4.41	74041	3075	vidhi			शाच्छोरन्यतरस्याम्	शाच्छोः ६/२ अन्यतरस्याम् ७/१
7.4.42	74042	3076	vidhi			दधातेर्हिः	दधातेः ६/१ हिः १/१
7.4.43	74043	3331	vidhi			जहातेश्च क्त्वि	जहातेः ६/१ च ०/० क्त्वि ७/१
7.4.44	74044	3593	vidhi			विभाषा छन्दसि	विभाषा १/१ छन्दसि ७/१
7.4.45	74045	3594	vidhi			सुधितवसुधितनेमधितधिष्वधिषीय च	सुधित वसुधित नेमधित धिष्व धिषीय च ०/०
7.4.46	74046	3077	vidhi			दो दद् घोः	दः ६/१ दथ् १/१ घोः ६/१
7.4.47	74047	3078	vidhi			अच उपसर्गात्तः	अचः ५/१ उपसर्गात् ५/१ तः १/१
7.4.48	74048	442	vidhi			अपो भि	अपः ६/१ भि ७/१
7.4.49	74049	2342	vidhi			सः स्यार्द्धधातुके	सः ६/१ सि ७/१ आर्द्धधातुके ७/१
7.4.50	74050	2191	vidhi			तासस्त्योर्लोपः	तासस्त्योः ६/२ लोपः १/१
7.4.51	74051	2192	vidhi			रि च	रि ७/१ च ०/०
7.4.52	74052	2250	vidhi			ह एति	हः १/१ एति ७/१
7.4.53	74053	2488	vidhi			यीवर्णयोर्दीधीवेव्योः	यीवर्णयोः ७/२ दीधीवेव्योः ६/२
7.4.54	74054	2623	vidhi			सनि मीमाघुरभलभशकपतपदामच इस्	सनि ७/१ मीमाघुरभलभशकपतपदामच ६/३ इस् १/१
7.4.55	74055	2619	vidhi			आप्ज्ञप्यृधामीत्	आप्ज्ञप्यृधाम् ६/३ ईत् १/१
7.4.56	74056	2621	vidhi			दम्भ इच्च	दम्भः ६/१ इत् १/१ च ०/०
7.4.57	74057	2624	vidhi			मुचोऽकर्मकस्य गुणो वा	मुचः ६/१ अकर्मकस्य ६/१ गुणः १/१ वा ०/०
7.4.58	74058	2620	adhikara		अभ्यासलोपाधिकारः	अत्र लोपोऽभ्यासस्य	अत्र ०/० लोपः १/१ अभ्यासस्य ६/१
7.4.59	74059	2180	vidhi			ह्रस्वः	ह्रस्वः १/१
7.4.60	74060	2179	vidhi			हलादिः शेषः	हल्-आदिः १/१ शेषः १/१
7.4.61	74061	2259	vidhi			शर्पूर्वाः खयः	शर्पूर्वाः १/३ खयः १/३
7.4.62	74062	2245	vidhi			कुहोश्चुः	कुहोः ६/२ चुः १/१
7.4.63	74063	2641	vidhi			न कवतेर्यङि	न ०/० कवतेः ६/१ यङि ७/१
7.4.64	74064	3595	vidhi			कृषेश्छन्दसि	कृषेः ६/१ छन्दसि ७/१
7.4.65	74065	3596	vidhi			दाधर्तिदर्धर्तिदर्धर्षिबोभूतुतेतिक्तेऽलर्ष्यापनीफणत्संसनिष्यदत्करिक्रत्कनिक्रदद्भरिभ्रद्दविध्वतोदविद्युतत्तरित्रतःसरीसृपतंवरीवृजन्मर्मृज्यागनीगन्तीति च	दाधर्ति दर्धर्ति दर्धर्षि बोभूतु तेतिक्ते अलर्षि आपनीफणत् संसनिष्यदत् करिक्रत् कनिक्रदत् भरिभ्रत् दविध्वतः दविद्युतत् तरित्रतः सरीसृपतम् वरीवृजत् मर्मृज्य आगनीगन्ति इति ०/० च ०/०
7.4.66	74066	2244	vidhi			उरत्	उः ६/१ अत् १/१
7.4.67	74067	2344	vidhi			द्युतिस्वाप्योः सम्प्रसारणम्	द्युतिस्वाप्योः ६/२ सम्प्रसारणम् १/१
7.4.68	74068	2353	vidhi			व्यथो लिटि	व्यथः ६/१ लिटि ७/१
7.4.69	74069	2456	vidhi			दीर्घ इणः किति	दीर्घः १/१ इणः ६/१ किति ७/१
7.4.70	74070	2248	vidhi			अत आदेः	अतः ६/१ आदेः ६/१
7.4.71	74071	2288	vidhi			तस्मान्नुड् द्विहलः	तस्मात् ५/१ नुट् १/१ द्विहलः ६/१
7.4.72	74072	2533	vidhi			अश्नोतेश्च	अश्नोतेः ६/१ च ०/०
7.4.73	74073	2181	vidhi			भवतेरः	भवतेः ६/१ अः १/१
7.4.74	74074	3597	vidhi			ससूवेति निगमे	ससूव इति ०/० निगमे ७/१
7.4.75	74075	2502	vidhi			निजां त्रयाणां गुणः श्लौ	निजाम् ६/३ त्रयाणाम् ६/३ गुणः १/१ श्लौ ७/१
7.4.76	74076	2496	vidhi			भृञामित्	भृञाम् ६/३ इत् १/१
7.4.77	74077	2493	vidhi			अर्तिपिपर्त्योश्च	अर्तिपिपर्त्योः ६/२ च ०/०
7.4.78	74078	3598	vidhi			बहुलं छन्दसि	बहुलम् १/१ छन्दसि ७/१
7.4.79	74079	2317	vidhi			सन्यतः	सनि ७/२ अतः ६/१
7.4.80	74080	2577	vidhi			ओः पुयण्ज्यपरे	ओः ६/१ पुयण्जि ७/१ अपरे ७/१
7.4.81	74081	2578	vidhi			स्रवतिशृणोतिद्रवतिप्रवतिप्लवतिच्यवतीनां वा	स्रवतिशृणोतिद्रवतिप्रवतिप्लवतिच्यवतीनाम् ६/३ वा ०/०
7.4.82	74082	2630	vidhi			गुणो यङ्लुकोः	गुणः १/१ यङ्लुकोः ७/२
7.4.83	74083	2632	vidhi			दीर्घोऽकितः	दीर्घः १/१ अकितः ६/१
7.4.84	74084	2642	vidhi			नीग्वञ्चुस्रंसुध्वंसुभ्रंसुकसपतपदस्कन्दाम्	नीक् १/१ वञ्चुस्रंसुध्वंसुभ्रंसुकसपतपदस्कन्दाम् ६/३
7.4.85	74085	2643	vidhi			नुगतोऽनुनासिकान्तस्य	नुक् १/१ अतः ६/१ अनुनासिकान्तस्य ६/१
7.4.86	74086	2638	vidhi			जपजभदहदशभञ्जपशां च	जपजभदहदशभञ्जपशाम् ६/३ च ०/०
7.4.87	74087	2636	vidhi			चरफलोश्च	चरफलोः ६/२ च ०/०
7.4.88	74088	2637	vidhi			उत् परस्यातः	उत् १/१ परस्य ६/१ अतः ६/१
7.4.89	74089	3037	vidhi			ति च	ति ७/१ च ०/०
7.4.90	74090	2644	vidhi			रीगृदुपधस्य च	रीक् १/१ ऋदुपधस्य ६/१ च ०/०
7.4.91	74091	2652	vidhi			रुग्रिकौ च लुकि	रुग्रिकौ १/२ च ०/० लुकि ७/१
7.4.92	74092	2653	vidhi			ऋतश्च	ऋतः ६/१ च ०/०
7.4.93	74093	2316	atidesha		सन्वदतिदेशः	सन्वल्लघुनि चङ्परेऽनग्लोपे	सन्वत् ०/० लघुनि ७/१ चङ्परे ७/१ अनग्लोपे ७/१
7.4.94	74094	2318	vidhi			दीर्घो लघोः	दीर्घः १/१ लघोः ६/१
7.4.95	74095	2566	vidhi			अत् स्मृदॄत्वरप्रथम्रदस्तॄस्पशाम्	अत् १/१ स्मृदृत्वरप्रथम्रदस्तॄस्पशाम् ६/३
7.4.96	74096	2583	vidhi			विभाषा वेष्टिचेष्ट्योः	विभाषा १/१ वेष्टिचेष्ट्योः ६/२
7.4.97	74097	2573	vidhi			ई च गणः	ई च ०/० गणः ६/१
8.1.1	81001	2139	adhikara		द्विरुक्ताधिकारः	सर्वस्य द्वे	सर्वस्य ६/१ द्वे १/२
8.1.2	81002	83	samjna	आम्रेडित	आम्रेडितसंज्ञा	तस्य परमाम्रेडितम्	तस्य ६/१ परम् १/१ आम्रेडितम् १/१
8.1.3	81003	3670	vidhi			अनुदात्तं च	अनुदात्तम् १/१ च ०/०
8.1.4	81004	2140	vidhi			नित्यवीप्सयोः	नित्यवीप्सयोः ७/२
8.1.5	81005	2141	vidhi			परेर्वर्जने	परेः ६/१ वर्जने ७/१
8.1.6	81006	3599	vidhi			प्रसमुपोदः पादपूरणे	प्रसमुपोदः ६/१ पादपूरणे ७/१
8.1.7	81007	2142	vidhi			उपर्यध्यधसः सामीप्ये	उपर्यध्यधसः ६/१ सामीप्ये ७/१
8.1.8	81008	2143	vidhi			वाक्यादेरामन्त्रितस्यासूयासम्मतिकोपकुत्सनभर्त्सनेषु	वाक्यादेः ६/१ आमन्त्रितस्य ६/१ असूयासम्मतिकोपकुत्सनभर्त्सनेषु ७/३
8.1.9	81009	2144	atidesha		बहुव्रीहिवदतिदेशः	एकं बहुव्रीहिवत्	एकम् १/१ बहुव्रीहिवत् ०/०
8.1.10	81010	2145	vidhi			आबाधे च	आबाधे ७/१ च ०/०
8.1.11	81011	2146	atidesha		कर्मधारयवदतिदेशः	कर्मधारयवत् उत्तरेषु	कर्मधारयवत् ०/० उत्तरेषु ७/३
8.1.12	81012	2147	vidhi			प्रकारे गुणवचनस्य	प्रकारे ७/१ गुणवचनस्य ६/१
8.1.13	81013	2148	vidhi			अकृच्छ्रे प्रियसुखयोरन्यतरस्याम्	अकृच्छ्रे ७/१ प्रियसुखयोः ६/२ अन्यतरस्याम् ७/१
8.1.14	81014	2149	vidhi			यथास्वे यथायथम्	यथास्वे ७/१ यथायथम् १/१
8.1.15	81015	2150	vidhi			द्वन्द्वं रहस्यमर्यादावचनव्युत्क्रमणयज्ञपात्रप्रयोगाभिव्यक्तिषु	द्वन्द्वम् १/१ रहस्यमर्यादावचनव्युत्क्रमणयज्ञपात्रप्रयोगाभिव्यक्तिषु ७/३
8.1.16	81016	401	adhikara		पदस्य इत्यधिकारः	पदस्य	पदस्य ६/१
8.1.17	81017	402	adhikara		पदात् इत्यधिकारः	पदात्	पदात् ५/१
8.1.18	81018	403	adhikara		अनुदात्तं सर्वमपादादौ इत्यधिकारः	अनुदात्तं सर्वमपादादौ	अनुदात्तम् १/१ सर्वम् १/१ अपादादौ ७/१
8.1.19	81019	3654	vidhi			आमन्त्रितस्य च	आमन्त्रितस्य ६/१ च ०/०
8.1.20	81020	404	vidhi			युष्मदस्मदोः षष्ठीचतुर्थीद्वितीयास्थयोर्वान्नावौ	युष्मदस्मदोः ६/२ षष्ठीचतुर्थीद्वितीयास्थयोः ६/२ वान्नावौ १/२
8.1.21	81021	405	vidhi			बहुवचनस्य वस्नसौ	बहुवचनस्य ६/१ वस्नसौ १/२
8.1.22	81022	406	vidhi			तेमयावेकवचनस्य	तेमयौ १/२ एकवचनस्य ६/१
8.1.23	81023	407	vidhi			त्वामौ द्वितीयायाः	त्वामौ १/२ द्वितीयायाः ६/१
8.1.24	81024	408	vidhi			न चवाहाहैवयुक्ते	न ०/० चवाहाहैवयुक्ते ७/१
8.1.25	81025	409	vidhi			पश्यार्थैश्चानालोचने	पश्यार्थैः ३/१ च ०/० अनालोचने ७/१
8.1.26	81026	410	vidhi			सपूर्वायाः प्रथमाया विभाषा	सपूर्वायाः ५/१ प्रथमायाः ५/१ विभाषा १/१
8.1.27	81027	3934	vidhi			तिङो गोत्रादीनि कुत्सनाभीक्ष्ण्ययोः	तिङः ५/१ गोत्रादीनि १/३ कुत्सनाभीक्ष्ण्ययोः ७/२
8.1.28	81028	3935	vidhi			तिङ्ङतिङः	तिङ् १/१ अतिङः ५/१
8.1.29	81029	3936	vidhi			न लुट्	न ०/० लुट् १/१
8.1.30	81030	3937	vidhi			निपातैर्यद्यदिहन्तकुविन्नेच्चेच्चण्कच्चिद्यत्रयुक्तम्	निपातैः ३/३ यद्यदिहन्तकुविन्नेच्चेच्चण्कच्चिद्यत्रयुक्तम् १/१
8.1.31	81031	3938	vidhi			नह प्रत्यारम्भे	नह ०/० प्रत्यारम्भे ७/१
8.1.32	81032	3939	vidhi			सत्यं प्रश्ने	सत्यम् १/१ प्रश्ने ७/१
8.1.33	81033	3940	vidhi			अङ्गाप्रातिलोम्ये	अङ्ग ०/० अप्रातिलोम्ये ७/१
8.1.34	81034	3941	vidhi			हि च	हि ०/० च ०/०
8.1.35	81035	3942	vidhi			छन्दस्यनेकमपि साकाङ्क्षम्	छन्दसि ७/१ अनेकम् १/१ अपि ०/० साकाङ्क्षम् १/१
8.1.36	81036	3943	vidhi			यावद्यथाभ्याम्	यावद्यथाभ्याम् ३/२
8.1.37	81037	3944	vidhi			पूजायां नानन्तरम्	पूजायाम् ७/१ न ०/० अनन्तरम् १/१
8.1.38	81038	3945	vidhi			उपसर्गव्यपेतं च	उपसर्गव्यपेतम् १/१ च ०/०
8.1.39	81039	3946	vidhi			तुपश्यपश्यताहैः पूजायाम्	तुपश्यपश्यताहैः ३/३ पूजायाम् ७/१
8.1.40	81040	3947	vidhi			अहो च	अहो ०/० च ०/०
8.1.41	81041	3948	vidhi			शेषे विभाषा	शेषे ७/१ विभाषा १/१
8.1.42	81042	3949	vidhi			पुरा च परीप्सायाम्	पुरा ०/० च ०/० परीप्सायाम् ७/१
8.1.43	81043	3950	vidhi			नन्वित्यनुज्ञैषणायाम्	ननु ०/० इति ०/० अनुज्ञैषणायाम् ७/१
8.1.44	81044	3951	vidhi			किं क्रियाप्रश्नेऽनुपसर्गमप्रतिषिद्धम्	किम् १/१ क्रियाप्रश्ने ७/१ अनुपसर्गम् १/१ अप्रतिषिद्धम् १/१
8.1.45	81045	3952	vidhi			लोपे विभाषा	लोपे ७/१ विभाषा १/१
8.1.46	81046	3953	vidhi			एहिमन्ये प्रहासे लृट्	एहिमन्ये प्रहासे ७/१ लृट् १/१
8.1.47	81047	3954	vidhi			जात्वपूर्वम्	जातु ०/० अपूर्वम् १/१
8.1.48	81048	3955	vidhi			किम्वृत्तं च चिदुत्तरम्	किम्वृत्तम् १/१ च ०/० चिदुत्तरम् १/१
8.1.49	81049	3956	vidhi			आहो उताहो चानन्तरम्	आहो ०/० उताहो ०/० च ०/० अनन्तरम् १/१
8.1.50	81050	3957	vidhi			शेषे विभाषा	शेषे ७/१ विभाषा १/१
8.1.51	81051	3958	vidhi			गत्यर्थलोटा लृण्न चेत् कारकं सर्वान्यत्	गत्यर्थलोटा ३/१ लृट् १/१ न ०/० चेत् ०/० कारकम् १/१ सर्वान्यत् १/१
8.1.52	81052	3959	vidhi			लोट् च	लोट् १/१ च ०/०
8.1.53	81053	3960	vidhi			विभाषितं सोपसर्गमनुत्तमम्	विभाषितम् १/१ सोपसर्गम् १/१ अनुत्तमम् १/१
8.1.54	81054	3961	vidhi			हन्त च	हन्त ०/० च ०/०
8.1.55	81055	3962	vidhi			आम एकान्तरमामन्त्रितमनन्तिके	आम ५/१ एकान्तरम् १/१ आमन्त्रितम् १/१ अनन्तिके १/१
8.1.56	81056	3963	vidhi			यद्धितुपरं छन्दसि	यद्धितुपरम् १/१ छन्दसि ७/१
8.1.57	81057	3964	vidhi			चनचिदिवगोत्रादितद्धिताम्रेडितेष्वगतेः	चनचिदिवगोत्रादितद्धिताम्रेडितेषु ७/३ आगतेः ५/१
8.1.58	81058	3965	vidhi			चादिषु च	चादिषु ७/३ च ०/०
8.1.59	81059	3966	vidhi			चवायोगे प्रथमा	चवायोगे ७/१ प्रथमा १/१
8.1.60	81060	3967	vidhi			हेति क्षियायाम्	ह ०/० इति ०/० क्षियायाम् ७/१
8.1.61	81061	3968	vidhi			अहेति विनियोगे च	अह ०/० इति ०/० विनियोगे ७/१ च ०/०
8.1.62	81062	3969	vidhi			चाहलोप एवेत्यवधारणम्	चाहलोप ७/१ एव ०/० इति ०/० अवधारणम् १/१
8.1.63	81063	3970	vidhi			चादिलोपे विभाषा	चादिलोपे ७/१ विभाषा १/१
8.1.64	81064	3971	vidhi			वैवावेति च च्छन्दसि	वैवाव इति ०/० च ०/० छन्दसि ७/१
8.1.65	81065	3972	vidhi			एकान्याभ्यां समर्थाभ्याम्	एकान्याभ्याम् ३/२ समर्थाभ्याम् ३/२
8.1.66	81066	3973	vidhi			यद्वृत्तान्नित्यम्	यद्वृतात् ५/१ नित्यम् १/१
8.1.67	81067	3974	vidhi			पूजनात् पूजितमनुदात्तं काष्ठादिभ्यः	पूजनात् ५/१ पूजितम् १/१ अनुदात्तम् १/१ काष्ठादिभ्यः ५/३
8.1.68	81068	3975	vidhi			सगतिरपि तिङ्	सगतिः १/१ अपि ०/० तिङ् १/१
8.1.69	81069	3976	vidhi			कुत्सने च सुप्यगोत्रादौ	कुत्सने ७/१ च ०/० सुपि ७/१ अगोत्रादौ ७/१
8.1.70	81070	3977	vidhi			गतिर्गतौ	गतिः १/१ गतौ ७/१
8.1.71	81071	3978	vidhi			तिङि चोदात्तवति	तिङि ७/१ च ०/० उदात्तवति ७/१
8.1.72	81072	412	atidesha		अविद्यमानवदतिदेशः	आमन्त्रितं पूर्वमविद्यमानवत्	आमन्त्रितम् १/१ पूर्वम् १/१ अविद्यमानवत् ०/०
8.1.73	81073	413	vidhi			नामन्त्रिते समानाधिकरणे सामान्यवचनम्	न ०/० आमन्त्रिते ७/१ समानाधिकरणे ७/१ सामान्यवचनम् १/१
8.1.74	81074	3655	vidhi			विभाषितं विशेषवचने बहुवचनम्	विभाषितम् १/१ विशेषवचने ७/१ बहुवचनम् १/१
8.2.1	82001	12	adhikara		पूर्वत्रासिद्धम् इत्यधिकारः	पूर्वत्रासिद्धम्	पूर्वत्र ०/० असिद्धम् १/१
8.2.2	82002	353	vidhi			नलोपः सुप्स्वरसंज्ञातुग्विधिषु कृति	नलोपः १/१ सुप्स्वरसंज्ञातुग्विधिषु ७/३ कृति ७/१
8.2.3	82003	439	vidhi			न मु ने	न ०/० मु ने ७/१
8.2.4	82004	3657	vidhi			उदात्तस्वरितयोर्यणः स्वरितोऽनुदात्तस्य	उदात्तस्वरितयोः ६/२ यणः ५/१ स्वरितः १/१ अनुदात्तस्य ६/१
8.2.5	82005	3658	vidhi			एकादेश उदात्तेनोदात्तः	एकादेशः १/१ उदात्तेन ३/१ उदात्तः १/१
8.2.6	82006	3659	vidhi			स्वरितो वाऽनुदात्ते पदादौ	स्वरितः १/१ वा ०/० अनुदात्ते ७/१ पदादौ ७/१
8.2.7	82007	236	vidhi			नलोपः प्रातिपदिकान्तस्य	न लोपः १/१ प्रातिपदिक अन्तस्य ६/१
8.2.8	82008	352	vidhi			न ङिसम्बुद्ध्योः	न ०/० ङिसम्बुद्ध्योः ७/२
8.2.9	82009	1897	vidhi			मादुपधायाश्च मतोर्वोऽयवादिभ्यः	मात् ५/१ उपधायाः ५/१ च ०/० मतोः ६/१ वः १/१ अयवादिभ्यः ५/३
8.2.10	82010	1898	vidhi			झयः	झयः ५/१
8.2.11	82011	1899	vidhi			संज्ञायाम्	संज्ञायाम् ७/१
8.2.12	82012	1900	vidhi			आसन्दीवदष्ठीवच्चक्रीवत्कक्षीवद्रुमण्वच्चर्मण्वती	आसन्दीवत् अष्ठीवत् चक्रीवत् कक्षीवत् रुमण्वत् चर्मण्वती
8.2.13	82013	1901	vidhi			उदन्वानुदधौ च	उदन्वान् १/१ उदधौ ७/१ च ०/०
8.2.14	82014	1902	vidhi			राजन्वान् सौराज्ये	राजन्वान् ७/१ सौराज्ये ७/१
8.2.15	82015	3600	vidhi			छन्दसीरः	छन्दसि ७/१ इरः ५/१
8.2.16	82016	3601	vidhi			अनो नुट्	अनः ५/१ नुट् १/१
8.2.17	82017	3602	vidhi			नाद्घस्य	नात् ५/१ घस्य ६/१
8.2.18	82018	2350	vidhi			कृपो रो लः	कृपः ६/१ रः ६/१ लः १/१
8.2.19	82019	2326	vidhi			उपसर्गस्यायतौ	उपसर्गस्य ६/१ अयतौ ७/१
8.2.20	82020	2639	vidhi			ग्रो यङि	ग्रः ६/१ यङि ७/१
8.2.21	82021	2541	vidhi			अचि विभाषा	अचि ७/१ विभाषा १/१
8.2.22	82022	3262	vidhi			परेश्च घाङ्कयोः	परेः ६/१ च ०/० घाङ्कयोः ७/२
8.2.23	82023	54	vidhi			संयोगान्तस्य लोपः	संयोगान्तस्य ६/१ लोपः १/१
8.2.24	82024	280	vidhi			रात्सस्य	रात् ५/१ सस्य ६/१
8.2.25	82025	2249	vidhi			धि च	धि ७/१ च ०/०
8.2.26	82026	2281	vidhi			झलो झलि	झलः ५/१ झलि ७/१
8.2.27	82027	2369	vidhi			ह्रस्वादङ्गात्	ह्रस्वात् ५/१ अङ्गात् ५/१
8.2.28	82028	2266	vidhi			इट ईटि	इटः ५/१ ईटि ७/१
8.2.29	82029	380	vidhi			स्कोः संयोगाद्योरन्ते च	स्कोः ६/२ संयोगाद्योः ६/२ अन्ते ७/१ च ०/०
8.2.30	82030	378	vidhi			चोः कुः	चोः ६/१ कुः १/१
8.2.31	82031	324	vidhi			हो ढः	हः ६/१ ढः १/१
8.2.32	82032	325	vidhi			दादेर्धातोर्घः	दादेः ६/१ धातोः ६/१ घः १/१
8.2.33	82033	327	vidhi			वा द्रुहमुहष्णुहष्णिहाम्	वा ०/० द्रुहमुहष्णुहष्णिहाम् ६/३
8.2.34	82034	440	vidhi			नहो धः	नहः ६/१ धः १/१
8.2.35	82035	2451	vidhi			आहस्थः	आहः ६/१ थः १/१
8.2.36	82036	294	vidhi			व्रश्चभ्रस्जसृजमृजयजराजभ्राजच्छशां षः	व्रश्च-भ्रस्ज-सृज-मृज-यज-राज-भ्राज-च्छ-शाम् ६/३ षः १/१
8.2.37	82037	326	vidhi			एकाचो बशो भष् झषन्तस्य स्ध्वोः	एकाचः ६/१ बशः ६/१ भष् १/१ झषन्तस्य ६/१ स्ध्वोः ७/२
8.2.38	82038	2501	vidhi			दधस्तथोश्च	दधः ६/१ तथोः ७/२ च ०/०
8.2.39	82039	84	vidhi			झलां जशोऽन्ते	झलाम् ६/३ जशः १/३ अन्ते ७/१
8.2.40	82040	2280	vidhi			झषस्तथोर्धोऽधः	झषः ५/१ तथोः ६/२ धः १/१ अधः ५/१
8.2.41	82041	295	vidhi			षढोः कः सि	षढोः ६/२ कः १/१ सि ७/१
8.2.42	82042	3016	vidhi			रदाभ्यां निष्ठातो नः पूर्वस्य च दः	रदाभ्याम् ५/२ निष्ठातः ६/१ नः १/१ पूर्वस्य ६/१ च ०/० दः ६/१
8.2.43	82043	3017	vidhi			संयोगादेरातो धातोर्यण्वतः	संयोगादेः ५/१ आतः ५/१ धातोः ५/१ यण्वतः ५/१
8.2.44	82044	3018	vidhi			ल्वादिभ्यः	ल्वादिभ्यः ५/३
8.2.45	82045	3019	vidhi			ओदितश्च	ओदितः ५/१ च ०/०
8.2.46	82046	3015	vidhi			क्षियो दीर्घात्	क्षियः ५/१ दीर्घात् ५/१
8.2.47	82047	3021	vidhi			श्योऽस्पर्शे	श्यः ५/१ अस्पर्शे ७/१
8.2.48	82048	3024	vidhi			अञ्चोऽनपादाने	अञ्चः ५/१ अनपादाने ७/१
8.2.49	82049	3028	vidhi			दिवोऽविजिगीषायाम्	दिवः ५/१ अविजिगीषायाम् ७/१
8.2.50	82050	3029	vidhi			निर्वाणोऽवाते	निर्वाणः १/१ अवाते ७/१
8.2.51	82051	3030	vidhi			शुषः कः	शुषः ५/१ कः १/१
8.2.52	82052	3031	vidhi			पचो वः	पचः ५/१ वः १/१
8.2.53	82053	3032	vidhi			क्षायो मः	क्षायः ५/१ मः १/१
8.2.54	82054	3034	vidhi			प्रस्त्योऽन्यतरस्याम्	प्रस्त्यः ५/१ अन्यतरस्याम् ७/१
8.2.55	82055	3035	vidhi			अनुपसर्गात् फुल्लक्षीबकृशोल्लाघाः	अनुपसर्गात् ५/१ फुल्लक्षीबकृशोल्लाघाः १/३
8.2.56	82056	3038	vidhi			नुदविदोन्दत्राघ्राह्रीभ्योऽन्यतरस्याम्	नुदविदोन्दत्राघ्राह्रीभ्यः ५/३ अन्यतरस्याम् ७/१
8.2.57	82057	3040	vidhi			न ध्याख्यापॄमूर्छिमदाम्	न ०/० ध्याख्यापॄमूर्छिमदाम् ६/३
8.2.58	82058	3041	vidhi			वित्तो भोगप्रत्यययोः	वित्तः १/१ भोगप्रत्यययोः ७/२
8.2.59	82059	3042	vidhi			भित्तं शकलम्	भित्तम् १/१ शकलम् १/१
8.2.60	82060	3043	vidhi			ऋणमाधमर्ण्ये	ऋणम् १/१ आधमर्ण्ये ७/१
8.2.61	82061	3603	vidhi			नसत्तनिषत्तानुत्तप्रतूर्तसूर्तगूर्तानि छन्दसि	नसत्तनिषत्तानुत्तप्रतूर्तसूर्तगूर्तानि १/३ छन्दसि ७/१
8.2.62	82062	377	vidhi			क्विन्प्रत्ययस्य कुः	क्विन्प्रत्ययस्य ६/१ कुः १/१
8.2.63	82063	431	vidhi			नशेर्वा	नशेः ६/१ वा ०/०
8.2.64	82064	341	vidhi			मो नो धातोः	मः ६/१ नः १/१ धातोः ६/१
8.2.65	82065	2309	vidhi			म्वोश्च	म्वोः ७/२ च ०/०
8.2.66	82066	162	vidhi			ससजुषो रुः	ससजुषोः ६/२ रुः १/१
8.2.67	82067	3416	vidhi			अवयाःश्वेतवाःपुरोडाश्च	अवयाः १/३ श्वेतवाः १/३ पुरोडाः १/३ च ०/०
8.2.68	82068	443	vidhi			अहन्	अहन्
8.2.69	82069	172	vidhi			रोऽसुपि	रः १/१ असुपि ७/१
8.2.70	82070	3604	vidhi			अम्नरूधरवरित्युभयथा छन्दसि	अम्नरूधरवरित्युभयथा छन्दसि ७/१
8.2.71	82071	3605	vidhi			भुवश्च महाव्याहृतेः	भुवः च ०/० महाव्याहृतेः ६/१
8.2.72	82072	334	vidhi			वसुस्रंसुध्वंस्वनडुहां दः	वसुस्रंसुध्वंस्वनडुहाम् ६/३ दः १/१
8.2.73	82073	2484	vidhi			तिप्यनस्तेः	तिपि ७/१ अनस्तेः ६/१
8.2.74	82074	2485	vidhi			सिपि धातो रुर्वा	सिपि ७/१ धातोः ६/१ रुः १/१ वा ०/०
8.2.75	82075	2468	vidhi			दश्च	दः ६/१ च ०/०
8.2.76	82076	433	vidhi			र्वोरुपधाया दीर्घ इकः	र्वोः ६/२ उपधायाः ६/१ दीर्घ १/१ इकः ६/१
8.2.77	82077	354	vidhi			हलि च	हलि ७/१ च ०/०
8.2.78	82078	2265	vidhi			उपधायां च	उपधायाम् ७/१ च ०/०
8.2.79	82079	1629	vidhi			न भकुर्छुराम्	न ०/० भकुर्छुराम् ६/३
8.2.80	82080	419	vidhi			अदसोऽसेर्दादु दो मः	अदसः ६/१ असेः ६/१ दात् ५/१ उ दः ६/१ मः १/१
8.2.81	82081	438	vidhi			एत ईद्बहुवचने	एतः ६/१ ईत् १/१ बहुवचने ७/१
8.2.82	82082	93	adhikara		वाक्यस्य टेः प्लुत उदात्त इत्यधिकारः	वाक्यस्य टेः प्लुत उदात्तः	वाक्यस्य ६/१ टेः ६/१ प्लुतः १/१ उदात्तः १/१
8.2.83	82083	94	vidhi			प्रत्यभिवादेऽशूद्रे	प्रत्यभिवादे ७/१ अशूद्रे ७/१
8.2.84	82084	95	vidhi			दूराद्धूते च	दूरात् ५/१ हूते ७/१ च ०/०
8.2.85	82085	96	vidhi			हैहेप्रयोगे हैहयोः	हैहेप्रयोगे ७/१ हैहयोः ६/२
8.2.86	82086	97	vidhi			गुरोरनृतोऽनन्त्यस्याप्येकैकस्य प्राचाम्	गुरोः ६/१ अनृतः ६/१ अनन्त्यस्य ६/१ अपि ०/० एकैकस्य ६/१ प्राचाम् ६/३
8.2.87	82087	3606	vidhi			ओमभ्यादाने	ओम् ०/० अभ्यादाने ७/१
8.2.88	82088	3607	vidhi			ये यज्ञकर्मणि	ये यज्ञकर्मणि ७/१
8.2.89	82089	3608	vidhi			प्रणवष्टेः	प्रणवः १/१ टेः ६/१
8.2.90	82090	3609	vidhi			याज्याऽन्तः	याज्याऽन्तः १/१
8.2.91	82091	3610	vidhi			ब्रूहिप्रेष्यश्रौषड्वौषडावहानामादेः	ब्रूहिप्रेस्यश्रौषड्वौषडावहानाम् ६/३ आदेः ६/१
8.2.92	82092	3611	vidhi			अग्नीत्प्रेषणे परस्य च	अग्नीत्प्रेषणे ७/१ परस्य ६/१ च ०/०
8.2.93	82093	3612	vidhi			विभाषा पृष्टप्रतिवचने हेः	विभाषा १/१ पृष्टप्रतिवचने ७/१ हेः ६/१
8.2.94	82094	3613	vidhi			निगृह्यानुयोगे च	निगृह्य ०/० अनुयोगे ७/१ च ०/०
8.2.95	82095	3614	vidhi			आम्रेडितं भर्त्सने	आम्रेडितम् १/१ भर्त्सने ७/१
8.2.96	82096	3615	vidhi			अङ्गयुक्तं तिङ् आकाङ्क्षम्	अङ्गयुक्तम् १/१ तिङ् १/१ आकाङ्क्षम् १/१
8.2.97	82097	3616	vidhi			विचार्यमाणानाम्	विचार्यमाणानाम् ६/३
8.2.98	82098	3617	vidhi			पूर्वं तु भाषायाम्	पूर्वम् १/१ तु ०/० भाषायाम् ७/१
8.2.99	82099	3618	vidhi			प्रतिश्रवणे च	प्रतिश्रवणे ७/१ च ०/०
8.2.100	82100	3619	vidhi			अनुदात्तं प्रश्नान्ताभिपूजितयोः	अनुदात्तम् १/१ प्रश्नान्ताभिपूजितयोः ७/२
8.2.101	82101	3620	vidhi			चिदिति चोपमाऽर्थे प्रयुज्यमाने	चित् ०/० इति ०/० च ०/० उपमाऽर्थे ७/१ प्रयुज्यमाने ७/१
8.2.102	82102	3621	vidhi			उपरिस्विदासीदिति च	उपरि ०/० स्वित् ०/० आसीत् इति ०/० च ०/०
8.2.103	82103	3622	vidhi			स्वरितमाम्रेडितेऽसूयासम्मतिकोपकुत्सनेषु	स्वरितम् १/१ आम्रेडिते ७/१ असूयासम्मतिकोपकुत्सनेषु ७/३
8.2.104	82104	3623	vidhi			क्षियाऽऽशीःप्रैषेषु तिङ् आकाङ्क्षम्	क्षियाऽऽशीःप्रैषेषु ७/३ तिङ् १/१ आकाङ्क्षम् १/१
8.2.105	82105	3624	vidhi			अनन्त्यस्यापि प्रश्नाख्यानयोः	अनन्त्यस्य ६/१ अपि ०/० प्रश्नाख्यानयोः ७/२
8.2.106	82106	3625	vidhi			प्लुतावैच इदुतौ	प्लुतौ १/२ ऐचः ६/१ इदुतौ १/२
8.2.107	82107	3626	vidhi			एचोऽप्रगृह्यस्यादूराद्धूते पूर्वस्यार्धस्यादुत्तरस्येदुतौ	एचः ६/१ अप्रगृह्यस्य ६/१ अदूरात् ५/१ हूते ७/१ पूर्वस्य ६/१ अर्धस्य ६/१ उत्तरस्य ६/१ इदुतौ १/२
8.2.108	82108	3627	adhikara		संहिताधिकारः (तृतीयः)	तयोर्य्वावचि संहितायाम्	तयोः ६/२ य्वौ १/२ अचि ७/१ संहितायाम् ७/१
8.3.1	83001	3628	vidhi			मतुवसो रु सम्बुद्धौ छन्दसि	मतुवसोः ६/२ रु सम्बुद्धौ ७/१ छन्दसि ७/१
8.3.2	83002	136	adhikara		अनुनासिकविध्यधिकारः	अत्रानुनासिकः पूर्वस्य तु वा	अत्र ०/० अनुनासिकः १/१ पूर्वस्य ६/१ तु ०/० वा ०/०
8.3.3	83003	3632	vidhi			आतोऽटि नित्यम्	आतः ६/१ अटि ७/१ नित्यम् १/१
8.3.4	83004	137	vidhi			अनुनासिकात् परोऽनुस्वारः	अनुनासिकात् ५/१ परः १/१ अनुस्वारः १/१
8.3.5	83005	135	vidhi			समः सुटि	समः ६/१ सुटि ७/१
8.3.6	83006	139	vidhi			पुमः खय्यम्परे	पुमः ६/१ खयि ७/१ अम्परे ७/१
8.3.7	83007	140	vidhi			नश्छव्यप्रशान्	नः ६/१ छवि ७/१ अप्रशान् १/१
8.3.8	83008	3630	vidhi			उभयथर्क्षु	उभयथा ०/० ऋक्षु ७/३
8.3.9	83009	3631	vidhi			दीर्घादटि समानपादे	दीर्घात् ५/१ अटि ७/१ समानपादे ७/१
8.3.10	83010	141	vidhi			नॄन् पे	नॄन् पे ७/१
8.3.11	83011	3633	vidhi			स्वतवान् पायौ	स्वतवान् पायौ ७/१
8.3.12	83012	143	vidhi			कानाम्रेडिते	कान् आम्रेडिते ७/१
8.3.13	83013	2335	vidhi			ढो ढे लोपः	ढः ६/१ ढे ७/१ लोपः १/१
8.3.14	83014	173	vidhi			रो रि	रः ६/१ रि ७/१
8.3.15	83015	76	vidhi			खरवसानयोर्विसर्जनीयः	खर्-अवसानयोः ७/२ विसर्जनीयः १/१
8.3.16	83016	339	vidhi			रोः सुपि	रोः ६/१ सुपि ७/१
8.3.17	83017	167	vidhi			भोभगोअघोअपूर्वस्य योऽशि	भो-भगो-अघो-अपूर्वस्य ६/१ यः १/१ अशि ७/१
8.3.18	83018	168	vidhi			व्योर्लघुप्रयत्नतरः शाकटायनस्य	व्योः ६/२ लघुप्रयत्नतरः १/१ शाकटायनस्य ६/१
8.3.19	83019	67	vidhi			लोपः शाकल्यस्य	लोपः १/१ शाकल्यस्य ६/१
8.3.20	83020	169	vidhi			ओतो गार्ग्यस्य	ओतः ५/१ गार्ग्यस्य ६/१
8.3.21	83021	170	vidhi			उञि च पदे	उञि ७/१ च ०/० पदे ७/१
8.3.22	83022	171	vidhi			हलि सर्वेषाम्	हलि ७/१ सर्वेषाम् ६/३
8.3.23	83023	122	vidhi			मोऽनुस्वारः	मः ६/१ अनुस्वारः १/१
8.3.24	83024	123	vidhi			नश्चापदान्तस्य झलि	नः ६/१ च ०/० अपदान्तस्य ६/१ झलि ७/१
8.3.25	83025	126	vidhi			मो राजि समः क्वौ	मः १/१ राजि ७/१ समः ६/१ क्वौ ७/१
8.3.26	83026	127	vidhi			हे मपरे वा	हे ७/१ मपरे ७/१ वा ०/०
8.3.27	83027	129	vidhi			नपरे नः	नपरे ७/१ नः १/१
8.3.28	83028	130	vidhi			ङ्णोः कुक्टुक् शरि	ङ्णोः ६/२ कुक्टुक् १/१ शरि ७/१
8.3.29	83029	131	vidhi			डः सि धुट्	डः ५/१ सि ७/१ धुट् १/१
8.3.30	83030	132	vidhi			नश्च	नः ५/१ च ०/०
8.3.31	83031	133	vidhi			शि तुक्	शि ७/१ तुक् १/१
8.3.32	83032	134	vidhi			ङमो ह्रस्वादचि ङमुण्नित्यम्	ङमः ५/१ ह्रस्वात् ५/१ अचि ७/१ ङमुट् १/१ नित्यम् २/१
8.3.33	83033	108	vidhi			मय उञो वो वा	मयः ५/१ उञः ६/१ वः १/१ वा ०/०
8.3.34	83034	138	vidhi			विसर्जनीयस्य सः	विसर्जनीयस्य ६/१ सः १/१
8.3.35	83035	150	vidhi			शर्परे विसर्जनीयः	शर्परे ७/१ विसर्जनीयः १/१
8.3.36	83036	151	vidhi			वा शरि	वा ०/० शरि ७/१
8.3.37	83037	142	vidhi			कुप्वोः ≍क≍पौ च	कुप्वोः ७/२ ≍क≍पौ १/२ च ०/०
8.3.38	83038	152	vidhi			सोऽपदादौ	सः १/१ अपदादौ ७/१
8.3.39	83039	153	vidhi			इणः षः	इणः ५/१ षः १/१
8.3.40	83040	154	vidhi			नमस्पुरसोर्गत्योः	नमस्-पुरसोः ६/२ गत्योः ६/२
8.3.41	83041	155	vidhi			इदुदुपधस्य चाप्रत्ययस्य	इत्-उत्-उपधस्य ६/१ च ०/० अप्रत्ययस्य ६/१
8.3.42	83042	156	vidhi			तिरसोऽन्यतरस्याम्	तिरसः ६/१ अन्यतरस्याम् ७/१
8.3.43	83043	157	vidhi			द्विस्त्रिश्चतुरिति कृत्वोऽर्थे	द्विस्-त्रिस्-चतुः इति ०/० कृत्वः-अर्थे ७/१
8.3.44	83044	158	vidhi			इसुसोः सामर्थ्ये	इसुसोः ६/२ सामर्थ्ये ७/१
8.3.45	83045	159	vidhi			नित्यं समासेऽनुत्तरपदस्थस्य	नित्यम् १/१ समासे ७/१ अनुत्तरपदस्थस्य ६/१
8.3.46	83046	160	vidhi			अतः कृकमिकंसकुम्भपात्रकुशाकर्णीष्वनव्ययस्य	अतः ५/१ कृ-कमि-कंस-कुम्भ-पात्र-कुशा-कर्णीषु ७/३ अनव्ययस्य ६/१
8.3.47	83047	161	vidhi			अधःशिरसी पदे	अधः-शिरसी १/२ पदे ७/१
8.3.48	83048	144	vidhi			कस्कादिषु च	कस्कादिषु ७/३ च ०/०
8.3.49	83049	3634	vidhi			छन्दसि वाऽप्राम्रेडितयोः	छन्दसि ७/१ वा ०/० अ-प्र-आम्रेडितयोः ७/२
8.3.50	83050	3635	vidhi			कःकरत्करतिकृधिकृतेष्वनदितेः	कः-करत्-करति-कृधि-कृतेषु ७/३ अनदितेः ६/१
8.3.51	83051	3636	vidhi			पञ्चम्याः परावध्यर्थे	पञ्चम्याः ६/१ परौ ७/१ अध्यर्थे ७/१
8.3.52	83052	3637	vidhi			पातौ च बहुलम्	पातौ ७/१ च ०/० बहुलम् १/१
8.3.53	83053	3638	vidhi			षष्ठ्याः पतिपुत्रपृष्ठपारपदपयस्पोषेषु	षष्ठ्याः ६/१ पति-पुत्र-पृष्ठ-पार-पद-पयस्-पोषेषु ७/३
8.3.54	83054	3639	vidhi			इडाया वा	इडायाः ६/१ वा ०/०
8.3.55	83055	210	adhikara		अपदान्तस्य मूर्धन्यः इत्यधिकारः	अपदान्तस्य मूर्धन्यः	अपदान्तस्य ६/१ मूर्धन्यः १/१
8.3.56	83056	335	vidhi			सहेः साडः सः	सहेः ६/१ साडः ६/१ सः ६/१
8.3.57	83057	211	adhikara		इण्कोः इत्यधिकारः	इण्कोः	इण्कोः ५/१
8.3.58	83058	434	vidhi			नुम्विसर्जनीयशर्व्यवायेऽपि	नुम्-विसर्जनीय-शर्-व्यवाये ७/१ अपि ०/०
8.3.59	83059	212	vidhi			आदेशप्रत्यययोः	आदेश-प्रत्यययोः ६/२
8.3.60	83060	2410	vidhi			शासिवसिघसीनां च	शासि-वसि-घसीनाम् ६/३ च ०/०
8.3.61	83061	2627	vidhi			स्तौतिण्योरेव षण्यभ्यासात्	स्तौति-ण्योः ६/२ एव ०/० षणि ७/१ अभ्यासात् ५/१
8.3.62	83062	2628	vidhi			सः स्विदिस्वदिसहीनां च	सः १/१ स्विदि-स्वदि-सहीनाम् ६/३ च ०/०
8.3.63	83063	2276	vidhi			प्राक्सितादड्व्यवायेऽपि	प्राक् ०/० सितात् ५/१ अड्व्यवाये ७/१ अपि ०/०
8.3.64	83064	2277	vidhi			स्थाऽऽदिष्वभ्यासेन चाभ्यासस्य	स्थाऽऽदिषु ७/३ अभ्यासेन ३/१ च ०/० अभ्यासस्य ६/१
8.3.65	83065	2270	vidhi			उपसर्गात् सुनोतिसुवतिस्यतिस्तौतिस्तोभतिस्थासेनयसेधसिचसञ्जस्वञ्जाम्	उपसर्गात् ५/१ सुनोति-सुवति-स्यति-स्तौति-स्तोभति-स्था-सेनय-सेध-सिच-सञ्ज-स्वञ्जाम् ६/३
8.3.66	83066	2271	vidhi			सदिरप्रतेः	सदिः १/१ अप्रतेः ५/१
8.3.67	83067	2272	vidhi			स्तम्भेः	स्तम्भेः ६/१
8.3.68	83068	2273	vidhi			अवाच्चालम्बनाविदूर्ययोः	अवात् ५/१ च ०/० आलम्बन-आविदूर्ययोः ७/२
8.3.69	83069	2274	vidhi			वेश्च स्वनो भोजने	वेः ५/१ च ०/० स्वनः ६/१ भोजने ७/१
8.3.70	83070	2275	vidhi			परिनिविभ्यः सेवसितसयसिवुसहसुट्स्तुस्वञ्जाम्	परि-नि-विभ्यः ५/३ सेव-सित-सय-सिवु-सह-सुट्-स्तु-स्वञ्जाम् ६/३
8.3.71	83071	2359	vidhi			सिवादीनां वाऽड्व्यवायेऽपि	सिवादीनाम् ६/३ वा ०/० अड्व्यवाये ७/१ अपि ०/०
8.3.72	83072	2349	vidhi			अनुविपर्यभिनिभ्यः स्यन्दतेरप्राणिषु	अनु-वि-परि-अभि-निभ्यः ५/३ स्यन्दतेः ६/१ अप्राणिषु ७/३
8.3.73	83073	2398	vidhi			वेः स्कन्देरनिष्ठायाम्	वेः ५/१ स्कन्देः ६/१ अनिष्ठायाम् ७/१
8.3.74	83074	2399	vidhi			परेश्च	परेः ५/१ च ०/०
8.3.75	83075	3026	vidhi			परिस्कन्दः प्राच्यभरतेषु	परिस्कन्दः १/१ प्राच्यभरतेषु ७/३
8.3.76	83076	2537	vidhi			स्फुरतिस्फुलत्योर्निर्निविभ्यः	स्फुरति-स्फुलत्योः ६/२ निस्-नि-विभ्यः ५/३
8.3.77	83077	2556	vidhi			वेः स्कभ्नातेर्नित्यम्	वेः ५/१ स्कभ्नातेः ६/१ नित्यम् ६/१
8.3.78	83078	2247	vidhi			इणः षीध्वंलुङ्लिटां धोऽङ्गात्	इणः ५/१ षीध्वम्-लुङ्-लिटाम् ६/३ धः ६/१ अङ्गात् ५/१
8.3.79	83079	2325	vidhi			विभाषेटः	विभाषा १/१ इटः ५/१
8.3.80	83080	1019	vidhi			समासेऽङ्गुलेः सङ्गः	समासे ७/१ अङ्गुलेः ५/१ सङ्गः १/१
8.3.81	83081	1020	vidhi			भीरोः स्थानम्	भीरोः ५/१ स्थानम् १/१
8.3.82	83082	924	vidhi			अग्नेः स्तुत्स्तोमसोमाः	अग्नेः ५/१ स्तुत्-स्तोम-सोमाः १/३
8.3.83	83083	1021	vidhi			ज्योतिरायुषः स्तोमः	ज्योतिर्-आयुषः ५/१ स्तोमः १/१
8.3.84	83084	984	vidhi			मातृपितृभ्यां स्वसा	मातृ-पितृभ्याम् ५/२ स्वसा १/१
8.3.85	83085	983	vidhi			मातुःपितुर्भ्यामन्यतरस्याम्	मातुः-पितुर्भ्याम् ५/२ अन्यतरस्याम् ७/१
8.3.86	83086	3193	vidhi			अभिनिसः स्तनः शब्दसंज्ञायाम्	अभि-निसः ५/१ स्तनः ६/१ शब्दसंज्ञायाम् ७/१
8.3.87	83087	2472	vidhi			उपसर्गप्रादुर्भ्यामस्तिर्यच्परः	उपसर्ग-प्रादुर्भ्याम् ५/२ अस्तिः १/१ यच्परः १/१
8.3.88	83088	2477	vidhi			सुविनिर्दुर्भ्यः सुपिसूतिसमाः	सु-वि-निर्-दुर्भ्यः ५/३ सुपि-सूति-समाः १/३
8.3.89	83089	3082	vidhi			निनदीभ्यां स्नातेः कौशले	नि-नदीभ्याम् ५/२ स्नातेः ६/१ कौशले ७/१
8.3.90	83090	3083	vidhi			सूत्रं प्रतिष्णातम्	सूत्रम् १/१ प्रतिष्णातम् १/१
8.3.91	83091	3084	vidhi			कपिष्ठलो गोत्रे	कपिष्ठलः १/१ गोत्रे ७/१
8.3.92	83092	2917	vidhi			प्रष्ठोऽग्रगामिनि	प्रष्ठः १/१ अग्रगामिनि ७/१
8.3.93	83093	3233	vidhi			वृक्षासनयोर्विष्टरः	वृक्ष-आसनयोः ७/२ विष्टरः १/१
8.3.94	83094	3206	vidhi			छन्दोनाम्नि च	छन्दोनाम्नि ७/१ च ०/०
8.3.95	83095	967	vidhi			गवियुधिभ्यां स्थिरः	गवि-युधिभ्याम् ५/२ स्थिरः १/१
8.3.96	83096	3085	vidhi			विकुशमिपरिभ्यः स्थलम्	वि-कु-शमि-परिभ्यः ५/३ स्थलम् १/१
8.3.97	83097	2918	vidhi			अम्बाम्बगोभूमिसव्यापद्वित्रिकुशेकुशङ्क्वङ्गुमञ्जिपुञ्जिपरमेबर्हिर्दिव्यग्निभ्यः स्थः	अम्ब-आम्ब-गो-भूमि-सव्य-अप-द्वि-त्रि-कु-शेकु-शङ्कु-अङ्गु-मञ्जि-पुञ्जि-परमे-बर्हिस्-दिवि-अग्निभ्यः ५/३ स्थः १/१
8.3.98	83098	1022	vidhi			सुषामादिषु च	सुषामादिषु ७/३ च ०/०
8.3.99	83099	1023	vidhi			एति संज्ञायामगात्	एति ७/१ संज्ञायाम् ७/१ अगात् ५/१
8.3.100	83100	1024	vidhi			नक्षत्राद्वा	नक्षत्रात् ५/१ वा ०/०
8.3.101	83101	1325	vidhi			ह्रस्वात् तादौ तद्धिते	ह्रस्वात् ५/१ तादौ ७/१ तद्धिते ७/१
8.3.102	83102	2403	vidhi			निसस्तपतावनासेवने	निसः ६/१ तपतौ ७/१ अनासेवने ७/१
8.3.103	83103	3640	vidhi			युष्मत्तत्ततक्षुःष्वन्तःपादम्	युष्मत्-तत्-ततक्षुःषु ७/३ अन्तःपादम् १/१
8.3.104	83104	3641	vidhi			यजुष्येकेषाम्	यजुषि ७/१ एकेषाम् ६/३
8.3.105	83105	3642	vidhi			स्तुतस्तोमयोश्छन्दसि	स्तुत-स्तोमयोः ६/२ छन्दसि ७/१
8.3.106	83106	3643	vidhi			पूर्वपदात्	पूर्वपदात् ५/१
8.3.107	83107	3644	vidhi			सुञः	सुञः ६/१
8.3.108	83108	3645	vidhi			सनोतेरनः	सनोतेः ६/१ अनः ६/१
8.3.109	83109	3646	vidhi			सहेः पृतनर्ताभ्यां च	सहेः ६/१ पृतना-ऋताभ्याम् ५/२ च ०/०
8.3.110	83110	3168	vidhi			न रपरसृपिसृजिस्पृशिस्पृहिसवनादीनाम्	न ०/० रपर-सृपि-सृजि-स्पृशि-स्पृहि-सवनादीनाम् ६/३
8.3.111	83111	2123	vidhi			सात्पदाद्योः	सात्-पदाद्योः ६/२
8.3.112	83112	2640	vidhi			सिचो यङि	सिचः ६/१ यङि ७/१
8.3.113	83113	2278	vidhi			सेधतेर्गतौ	सेधतेः ६/१ गतौ ७/१
8.3.114	83114	3027	vidhi			प्रतिस्तब्धनिस्तब्धौ च	प्रतिस्तब्ध-निस्तब्धौ १/२ च ०/०
8.3.115	83115	2358	vidhi			सोढः	सोढः ६/१
8.3.116	83116	2580	vidhi			स्तम्भुसिवुसहां चङि	स्तम्भु-सिवु-सहाम् ६/३ चङि ७/१
8.3.117	83117	2524	vidhi			सुनोतेः स्यसनोः	सुनोतेः ६/१ स्य-सनोः ७/२
8.3.118	83118	2361	vidhi			सदेः परस्य लिटि	सदेः ६/१ परस्य ६/१ लिटि ७/१
8.3.119	83119	3647	vidhi			निव्यभिभ्योऽड्व्यवाये वा छन्दसि	नि-वि-अभिभ्यः ५/३ अड्व्यवाये ७/१ वा ०/० छन्दसि ७/१
8.4.1	84001	235	vidhi			रषाभ्यां नो णः समानपदे	रषाभ्याम् ५/२ नः ६/१ णः १/१ समानपदे ७/१
8.4.2	84002	197	vidhi			अट्कुप्वाङ्नुम्व्यवायेऽपि	अट्-कु-पु-आङ्-नुम्-व्यवाये ७/१ अपि ०/०
8.4.3	84003	857	vidhi			पूर्वपदात् संज्ञायामगः	पूर्वपदात् ५/१ संज्ञायाम् ७/१ अगः ५/१
8.4.4	84004	1039	vidhi			वनं पुरगामिश्रकासिध्रकाशारिकाकोटराऽग्रेभ्यः	वनम् १/१ पुरगा-मिश्रका-सिध्रका-शारिका-कोटरा-अग्रेभ्यः ५/३
8.4.5	84005	1050	vidhi			प्रनिरन्तःशरेक्षुप्लक्षाम्रकार्ष्यखदिरपीयूक्षाभ्योऽसंज्ञायामपि	प्र-निर्-अन्तः-शर-इक्षु-प्लक्ष-आम्र-कार्ष्य-खदिर-पीयूक्षाभ्यः ५/३ असंज्ञायाम् ७/१ अपि ०/०
8.4.6	84006	1051	vidhi			विभाषौषधिवनस्पतिभ्यः	विभाषा १/१ ओषधि-वनस्पतिभ्यः ५/३
8.4.7	84007	791	vidhi			अह्नोऽदन्तात्	अह्नः १/१ अदन्तात् १/१
8.4.8	84008	1052	vidhi			वाहनमाहितात्	वाहनम् १/१ आहितात् ५/१
8.4.9	84009	1053	vidhi			पानं देशे	पानम् १/१ देशे ७/१
8.4.10	84010	1054	vidhi			वा भावकरणयोः	वा ०/० भाव-करणयोः ७/२
8.4.11	84011	1055	vidhi			प्रातिपदिकान्तनुम्विभक्तिषु च	प्रातिपदिकान्त-नुम्-विभक्तिषु ७/३ च ०/०
8.4.12	84012	307	vidhi			एकाजुत्तरपदे णः	एकाच्-उत्तरपदे ७/१ णः १/१
8.4.13	84013	1056	vidhi			कुमति च	कुमति ७/१ च ०/०
8.4.14	84014	2287	vidhi			उपसर्गादसमासेऽपि णोपदेशस्य	उपसर्गात् ५/१ असमासे ७/१ अपि ०/० ण-उपदेशस्य ६/१
8.4.15	84015	2530	vidhi			हिनुमीना	हिनु मीना
8.4.16	84016	2231	vidhi			आनि लोट्	आनि लोट्
8.4.17	84017	2285	vidhi			नेर्गदनदपतपदघुमास्यतिहन्तियातिवातिद्रातिप्सातिवपतिवहतिशाम्यतिचिनोतिदेग्धिषु च	नेः ६/१ गद-नद-पत-पद-घु-मा-स्यति-हन्ति-याति-वाति-द्राति-प्साति-वपति-वहति-शाम्यति-चिनोति-देग्धिषु ७/३ च ०/०
8.4.18	84018	2232	vidhi			शेषे विभाषाऽकखादावषान्त उपदेशे	शेषे ७/१ विभाषा १/१ अकखादौ ७/१ अषान्ते ७/१ उपदेशे ७/१
8.4.19	84019	2478	vidhi			अनितेः	अनितेः ६/१
8.4.20	84020	2984	vidhi			अन्तः	अन्तः १/१
8.4.21	84021	2606	vidhi			उभौ साभ्यासस्य	उभौ १/२ साभ्यासस्य ६/१
8.4.22	84022	359	vidhi			हन्तेरत्पूर्वस्य	हन्तेः ६/१ अत्पूर्वस्य ६/१
8.4.23	84023	2429	vidhi			वमोर्वा	वमोः ७/२ वा ०/०
8.4.24	84024	3294	vidhi			अन्तरदेशे	अन्तः ०/० अदेशे ७/१
8.4.25	84025	3295	vidhi			अयनं च	अयनम् १/१ च ०/०
8.4.26	84026	3648	vidhi			छन्दस्यृदवग्रहात्	छन्दसि ७/१ ऋत्-अवग्रहात् ५/१
8.4.27	84027	3649	vidhi			नश्च धातुस्थोरुषुभ्यः	नः च ०/० धातुस्थ-उरु-षुभ्यः ५/३
8.4.28	84028	859	vidhi			उपसर्गाद् बहुलम्	उपसर्गात् ५/१ अनोत्परः १/१
8.4.29	84029	2835	vidhi			कृत्यचः	कृति ७/१ अचः ५/१
8.4.30	84030	2836	vidhi			णेर्विभाषा	णेः ५/१ विभाषा १/१
8.4.31	84031	2837	vidhi			हलश्च इजुपधात्	हलः ५/१ च ०/० इच्-उपधात् ५/१
8.4.32	84032	2838	vidhi			इजादेः सनुमः	इजादेः ५/१ सनुमः ५/१
8.4.33	84033	2839	vidhi			वा निंसनिक्षनिन्दाम्	वा ०/० निंस-निक्ष-निन्दाम् ६/३
8.4.34	84034	2840	vidhi			न भाभूपूकमिगमिप्यायीवेपाम्	न ०/० भा-भू-पू-कमि-गमि-प्यायी-वेपाम् ६/३
8.4.35	84035	3310	vidhi			षात् पदान्तात्	षात् ५/१ पदान्तात् ५/१
8.4.36	84036	2518	vidhi			नशेः षान्तस्य	नशेः ६/१ षान्तस्य ६/१
8.4.37	84037	198	vidhi			पदान्तस्य	पदान्तस्य ६/१
8.4.38	84038	1057	vidhi			पदव्यवायेऽपि	पद-व्यवाये ७/१ अपि ०/०
8.4.39	84039	792	vidhi			क्षुभ्नाऽऽदिषु च	क्षुभ्ना-आदिषु ७/३ च ०/०
8.4.40	84040	111	vidhi			स्तोः श्चुना श्चुः	स्तोः ६/१ श्चुना ३/१ श्चुः १/१
8.4.41	84041	113	vidhi			ष्टुना ष्टुः	ष्टुना ३/१ ष्टुः १/१
8.4.42	84042	114	vidhi			न पदान्ताट्टोरनाम्	न ०/० पदान्तात् ५/१ टोः ५/१ अनाम्
8.4.43	84043	115	vidhi			तोः षि	तोः ६/१ षि ७/१
8.4.44	84044	112	vidhi			शात्	शात् ५/१
8.4.45	84045	116	vidhi			यरोऽनुनासिकेऽनुनासिको वा	यरः ६/१ अनुनासिके ७/१ अनुनासिकः १/१ वा ०/०
8.4.46	84046	59	vidhi			अचो रहाभ्यां द्वे	अचः ५/१ रहाभ्याम् ५/२ द्वे १/२
8.4.47	84047	48	vidhi			अनचि च	अनचि ७/१ च ०/०
8.4.48	84048	55	vidhi			नादिन्याक्रोशे पुत्रस्य	न ०/० आदिनी आक्रोशे ७/१ पुत्रस्य ६/१
8.4.49	84049	340	vidhi			शरोऽचि	शरः ६/१ अचि ७/१
8.4.50	84050	56	vidhi			त्रिप्रभृतिषु शाकटायनस्य	त्रि-प्रभृतिषु ७/३ शाकटायनस्य ६/१
8.4.51	84051	57	vidhi			सर्वत्र शाकल्यस्य	सर्वत्र ०/० शाकल्यस्य ६/१
8.4.52	84052	58	vidhi			दीर्घादाचार्याणाम्	दीर्घात् ५/१ आचार्याणाम् ६/३
8.4.53	84053	52	vidhi			झलां जश् झशि	झलाम् ६/३ जश् १/१ झशि ७/१
8.4.54	84054	2182	vidhi			अभ्यासे चर्च	अभ्यासे ७/१ चर् १/१ च ०/०
8.4.55	84055	121	vidhi			खरि च	खरि ७/१ च ०/०
8.4.56	84056	206	vidhi			वाऽवसाने	वा ०/० अवसाने ७/१
8.4.57	84057	110	vidhi			अणोऽप्रगृह्यस्यानुनासिकः	अणः ६/१ अप्रगृह्यस्य ६/१ अनुनासिकः १/१
8.4.58	84058	124	vidhi			अनुस्वारस्य ययि परसवर्णः	अनुस्वारस्य ६/१ ययि ७/१ परसवर्णः १/१
8.4.59	84059	125	vidhi			वा पदान्तस्य	वा ०/० पदान्तस्य ६/१
8.4.60	84060	117	vidhi			तोर्लि	तोः ६/१ लि ७/१
8.4.61	84061	118	vidhi			उदः स्थास्तम्भोः पूर्वस्य	उदः ५/१ स्था-स्तम्भोः ६/२ पूर्वस्य ६/१
8.4.62	84062	119	vidhi			झयो होऽन्यतरस्याम्	झयः ५/१ हः ६/१ अन्यतरस्याम् ७/१
8.4.63	84063	120	vidhi			शश्छोऽटि	शः ६/१ छः १/१ अटि ७/१
8.4.64	84064	60	vidhi			हलो यमां यमि लोपः	हलः ५/१ यमाम् ६/३ यमि ७/१ लोपः १/१
8.4.65	84065	71	vidhi			झरो झरि सवर्णे	झरः ६/१ झरि ७/१ सवर्णे ७/१
8.4.66	84066	3660	vidhi			उदात्तादनुदात्तस्य स्वरितः	उदात्तात् ५/१ अनुदात्तस्य ६/१ स्वरितः १/१
8.4.67	84067	3661	vidhi			नोदात्तस्वरितोदयमगार्ग्यकाश्यपगालवानाम्	नः ०/० उदात्त-स्वरित-उदयम् १/१ अ-गार्ग्य-काश्यप-गालवानाम् ६/३
8.4.68	84068	11	vidhi			अ अ	अ ०/० अ ०/०
